INFO buildroot.py:497:  Mock Version: 3.0
DEBUG file_util.py:17:  ensuring that dir exists: /var/lib/mock/redsleeve-9-armv6hl/root/dev/pts
DEBUG file_util.py:20:  creating dir: /var/lib/mock/redsleeve-9-armv6hl/root/dev/pts
DEBUG file_util.py:17:  ensuring that dir exists: /var/lib/mock/redsleeve-9-armv6hl/root/dev/shm
DEBUG file_util.py:20:  creating dir: /var/lib/mock/redsleeve-9-armv6hl/root/dev/shm
DEBUG buildroot.py:681:  kernel version == 6.12.93-v7l.1.el9
DEBUG file_util.py:30:  touching file: /var/lib/mock/redsleeve-9-armv6hl/root/etc/fstab
DEBUG file_util.py:30:  touching file: /var/lib/mock/redsleeve-9-armv6hl/root/etc/yum/yum.conf
DEBUG file_util.py:30:  touching file: /var/lib/mock/redsleeve-9-armv6hl/root/etc/dnf/dnf.conf
DEBUG file_util.py:30:  touching file: /var/lib/mock/redsleeve-9-armv6hl/root/var/log/yum.log
DEBUG file_util.py:17:  ensuring that dir exists: /var/lib/mock/redsleeve-9-armv6hl-bootstrap/root/var/lib/mock/redsleeve-9-armv6hl/root
DEBUG file_util.py:20:  creating dir: /var/lib/mock/redsleeve-9-armv6hl-bootstrap/root/var/lib/mock/redsleeve-9-armv6hl/root
DEBUG util.py:622:  child environment: None
DEBUG util.py:540:  Executing command: ['/bin/mount', '-n', '-t', 'tmpfs', '-o', 'private', 'tmpfs', '/var/lib/mock/redsleeve-9-armv6hl-bootstrap/root/var/lib/mock/redsleeve-9-armv6hl/root'] with env {'TERM': 'vt100', 'SHELL': '/bin/sh', 'HOME': '/builddir', 'HOSTNAME': 'mock', 'PATH': '/usr/bin:/bin:/usr/sbin:/sbin', 'LANG': 'C.UTF-8'} and shell False
DEBUG util.py:596:  Child return code was: 0
DEBUG file_util.py:17:  ensuring that dir exists: /var/lib/mock/redsleeve-9-armv6hl-bootstrap/root/var/lib/mock/redsleeve-9-armv6hl/root
DEBUG util.py:622:  child environment: None
DEBUG util.py:540:  Executing command: ['/bin/mount', '-n', '-o', 'rbind', '/var/lib/mock/redsleeve-9-armv6hl/root', '/var/lib/mock/redsleeve-9-armv6hl-bootstrap/root/var/lib/mock/redsleeve-9-armv6hl/root'] with env {'TERM': 'vt100', 'SHELL': '/bin/sh', 'HOME': '/builddir', 'HOSTNAME': 'mock', 'PATH': '/usr/bin:/bin:/usr/sbin:/sbin', 'LANG': 'C.UTF-8'} and shell False
DEBUG util.py:596:  Child return code was: 0
DEBUG util.py:622:  child environment: None
DEBUG util.py:540:  Executing command: ['/bin/mount', '-n', '-o', 'remount,private,rbind', '--target', '/var/lib/mock/redsleeve-9-armv6hl-bootstrap/root/var/lib/mock/redsleeve-9-armv6hl/root'] with env {'TERM': 'vt100', 'SHELL': '/bin/sh', 'HOME': '/builddir', 'HOSTNAME': 'mock', 'PATH': '/usr/bin:/bin:/usr/sbin:/sbin', 'LANG': 'C.UTF-8'} and shell False
DEBUG util.py:596:  Child return code was: 0
DEBUG buildroot.py:201:  rootdir = /var/lib/mock/redsleeve-9-armv6hl/root
DEBUG buildroot.py:202:  resultdir = /var/lib/mock/redsleeve-9-armv6hl/result
DEBUG file_util.py:17:  ensuring that dir exists: /var/lib/mock/redsleeve-9-armv6hl/root/etc/pki/mock
DEBUG file_util.py:20:  creating dir: /var/lib/mock/redsleeve-9-armv6hl/root/etc/pki/mock
DEBUG file_util.py:17:  ensuring that dir exists: /var/lib/mock/redsleeve-9-armv6hl/root/etc/dnf
DEBUG package_manager.py:589:  configure DNF vars
DEBUG file_util.py:17:  ensuring that dir exists: /var/lib/mock/redsleeve-9-armv6hl/root/etc
DEBUG file_util.py:17:  ensuring that dir exists: /var/lib/mock/redsleeve-9-armv6hl/root/proc
DEBUG util.py:622:  child environment: None
DEBUG util.py:540:  Executing command: ['/bin/mount', '-n', '-t', 'tmpfs', '-o', 'rprivate', 'tmpfs', '/var/lib/mock/redsleeve-9-armv6hl/root/proc'] with env {'TERM': 'vt100', 'SHELL': '/bin/sh', 'HOME': '/builddir', 'HOSTNAME': 'mock', 'PATH': '/usr/bin:/bin:/usr/sbin:/sbin', 'LANG': 'C.UTF-8'} and shell False
DEBUG util.py:596:  Child return code was: 0
DEBUG file_util.py:17:  ensuring that dir exists: /var/lib/mock/redsleeve-9-armv6hl/root/proc
DEBUG util.py:622:  child environment: None
DEBUG util.py:540:  Executing command: ['/bin/mount', '-n', '-o', 'rbind', '/proc', '/var/lib/mock/redsleeve-9-armv6hl/root/proc'] with env {'TERM': 'vt100', 'SHELL': '/bin/sh', 'HOME': '/builddir', 'HOSTNAME': 'mock', 'PATH': '/usr/bin:/bin:/usr/sbin:/sbin', 'LANG': 'C.UTF-8'} and shell False
DEBUG util.py:596:  Child return code was: 0
DEBUG util.py:622:  child environment: None
DEBUG util.py:540:  Executing command: ['/bin/mount', '-n', '-o', 'remount,nodev,noexec,nosuid,readonly,rprivate,rbind', '--target', '/var/lib/mock/redsleeve-9-armv6hl/root/proc'] with env {'TERM': 'vt100', 'SHELL': '/bin/sh', 'HOME': '/builddir', 'HOSTNAME': 'mock', 'PATH': '/usr/bin:/bin:/usr/sbin:/sbin', 'LANG': 'C.UTF-8'} and shell False
DEBUG util.py:596:  Child return code was: 0
DEBUG file_util.py:17:  ensuring that dir exists: /var/lib/mock/redsleeve-9-armv6hl/root/sys
DEBUG util.py:622:  child environment: None
DEBUG util.py:540:  Executing command: ['/bin/mount', '-n', '-t', 'tmpfs', '-o', 'rprivate', 'tmpfs', '/var/lib/mock/redsleeve-9-armv6hl/root/sys'] with env {'TERM': 'vt100', 'SHELL': '/bin/sh', 'HOME': '/builddir', 'HOSTNAME': 'mock', 'PATH': '/usr/bin:/bin:/usr/sbin:/sbin', 'LANG': 'C.UTF-8'} and shell False
DEBUG util.py:596:  Child return code was: 0
DEBUG file_util.py:17:  ensuring that dir exists: /var/lib/mock/redsleeve-9-armv6hl/root/sys
DEBUG util.py:622:  child environment: None
DEBUG util.py:540:  Executing command: ['/bin/mount', '-n', '-o', 'rbind', '/sys', '/var/lib/mock/redsleeve-9-armv6hl/root/sys'] with env {'TERM': 'vt100', 'SHELL': '/bin/sh', 'HOME': '/builddir', 'HOSTNAME': 'mock', 'PATH': '/usr/bin:/bin:/usr/sbin:/sbin', 'LANG': 'C.UTF-8'} and shell False
DEBUG util.py:596:  Child return code was: 0
DEBUG util.py:622:  child environment: None
DEBUG util.py:540:  Executing command: ['/bin/mount', '-n', '-o', 'remount,nodev,noexec,nosuid,readonly,rprivate,rbind', '--target', '/var/lib/mock/redsleeve-9-armv6hl/root/sys'] with env {'TERM': 'vt100', 'SHELL': '/bin/sh', 'HOME': '/builddir', 'HOSTNAME': 'mock', 'PATH': '/usr/bin:/bin:/usr/sbin:/sbin', 'LANG': 'C.UTF-8'} and shell False
DEBUG util.py:596:  Child return code was: 0
DEBUG file_util.py:17:  ensuring that dir exists: /var/lib/mock/redsleeve-9-armv6hl/root/dev/shm
DEBUG util.py:622:  child environment: None
DEBUG util.py:540:  Executing command: ['/bin/mount', '-n', '-t', 'tmpfs', 'tmpfs', '/var/lib/mock/redsleeve-9-armv6hl/root/dev/shm'] with env {'TERM': 'vt100', 'SHELL': '/bin/sh', 'HOME': '/builddir', 'HOSTNAME': 'mock', 'PATH': '/usr/bin:/bin:/usr/sbin:/sbin', 'LANG': 'C.UTF-8'} and shell False
DEBUG util.py:596:  Child return code was: 0
DEBUG file_util.py:17:  ensuring that dir exists: /var/lib/mock/redsleeve-9-armv6hl/root/dev/pts
DEBUG util.py:622:  child environment: None
DEBUG util.py:540:  Executing command: ['/bin/mount', '-n', '-t', 'devpts', '-o', 'gid=5,mode=0620,ptmxmode=0666,newinstance', 'devpts', '/var/lib/mock/redsleeve-9-armv6hl/root/dev/pts'] with env {'TERM': 'vt100', 'SHELL': '/bin/sh', 'HOME': '/builddir', 'HOSTNAME': 'mock', 'PATH': '/usr/bin:/bin:/usr/sbin:/sbin', 'LANG': 'C.UTF-8'} and shell False
DEBUG util.py:596:  Child return code was: 0
DEBUG file_util.py:17:  ensuring that dir exists: /var/lib/mock/redsleeve-9-armv6hl/root/installation-homedir
DEBUG file_util.py:20:  creating dir: /var/lib/mock/redsleeve-9-armv6hl/root/installation-homedir
DEBUG package_manager.py:197:  ['/usr/bin/dnf', '--installroot', '/var/lib/mock/redsleeve-9-armv6hl/root/', '--releasever', '9', '--setopt=deltarpm=False', '--allowerasing', '--disableplugin=local', '--disableplugin=spacewalk', '--disableplugin=versionlock', 'install', 'bash', 'bzip2', 'coreutils', 'cpio', 'diffutils', 'system-release', 'findutils', 'gawk', 'glibc-minimal-langpack', 'grep', 'gzip', 'info', 'patch', 'redhat-rpm-config', 'rpm-build', 'sed', 'shadow-utils', 'tar', 'unzip', 'util-linux', 'which', 'xz']
DEBUG util.py:622:  child environment: None
DEBUG util.py:535:  Using nspawn with args ['--capability=cap_ipc_lock', '--bind=/tmp/mock-resolv.cv2rtafy:/etc/resolv.conf']
DEBUG util.py:540:  Executing command: ['/usr/bin/systemd-nspawn', '-q', '-M', 'aa64557af1eb481b8083f0be5f309813', '-D', '/var/lib/mock/redsleeve-9-armv6hl-bootstrap/root', '-a', '--capability=cap_ipc_lock', '--bind=/tmp/mock-resolv.cv2rtafy:/etc/resolv.conf', '--console=pipe', '--setenv=TERM=vt100', '--setenv=SHELL=/bin/bash', '--setenv=HOME=/var/lib/mock/redsleeve-9-armv6hl/root/installation-homedir', '--setenv=HOSTNAME=mock', '--setenv=PATH=/usr/bin:/bin:/usr/sbin:/sbin', '--setenv=PROMPT_COMMAND=printf "\\033]0;<mock-chroot>\\007"', '--setenv=PS1=<mock-chroot> \\s-\\v\\$ ', '--setenv=LANG=C.UTF-8', '--setenv=LC_MESSAGES=C.UTF-8', '--resolv-conf=off', '/usr/bin/dnf', '--installroot', '/var/lib/mock/redsleeve-9-armv6hl/root/', '--releasever', '9', '--setopt=deltarpm=False', '--allowerasing', '--disableplugin=local', '--disableplugin=spacewalk', '--disableplugin=versionlock', 'install', 'bash', 'bzip2', 'coreutils', 'cpio', 'diffutils', 'system-release', 'findutils', 'gawk', 'glibc-minimal-langpack', 'grep', 'gzip', 'info', 'patch', 'redhat-rpm-config', 'rpm-build', 'sed', 'shadow-utils', 'tar', 'unzip', 'util-linux', 'which', 'xz'] with env {'TERM': 'vt100', 'SHELL': '/bin/bash', 'HOME': '/var/lib/mock/redsleeve-9-armv6hl/root/installation-homedir', 'HOSTNAME': 'mock', 'PATH': '/usr/bin:/bin:/usr/sbin:/sbin', 'PROMPT_COMMAND': 'printf "\\033]0;<mock-chroot>\\007"', 'PS1': '<mock-chroot> \\s-\\v\\$ ', 'LANG': 'C.UTF-8', 'LC_MESSAGES': 'C.UTF-8', 'SYSTEMD_NSPAWN_TMPFS_TMP': '0', 'SYSTEMD_SECCOMP': '0'} and shell False
DEBUG util.py:443:  No matches found for the following disable plugin patterns: local, spacewalk, versionlock
DEBUG util.py:445:  RedSleeve-9 - BaseOS                                                                          446 kB/s | 2.4 MB     00:05    
DEBUG util.py:445:  RedSleeve-9 - AppStream                                                                       703 kB/s |  10 MB     00:14    
DEBUG util.py:445:  RedSleeve-9 - CRB                                                                             293 kB/s | 809 kB     00:02    
DEBUG util.py:445:  RedSleeve-9 - RedSleeve                                                                       292  B/s | 257  B     00:00    
DEBUG util.py:445:  RedSleeve-9 - RPI                                                                             510 kB/s | 2.4 MB     00:04    
DEBUG util.py:445:  Dependencies resolved.
DEBUG util.py:445:  ==============================================================================================================================
DEBUG util.py:445:   Package                              Architecture     Version                             Repository                    Size
DEBUG util.py:445:  ==============================================================================================================================
DEBUG util.py:445:  Installing:
DEBUG util.py:445:   bash                                 armv6hl          5.1.8-9.el9                         Redsleeve_BaseOS             1.6 M
DEBUG util.py:445:   bzip2                                armv6hl          1.0.8-11.el9                        Redsleeve_BaseOS              51 k
DEBUG util.py:445:   coreutils                            armv6hl          8.32-41.el9_8                       Redsleeve_BaseOS             1.0 M
DEBUG util.py:445:   cpio                                 armv6hl          2.13-16.el9                         Redsleeve_BaseOS             269 k
DEBUG util.py:445:   diffutils                            armv6hl          3.7-12.el9                          Redsleeve_BaseOS             379 k
DEBUG util.py:445:   findutils                            armv6hl          1:4.8.0-7.el9                       Redsleeve_BaseOS             527 k
DEBUG util.py:445:   gawk                                 armv6hl          5.1.0-6.el9                         Redsleeve_BaseOS             986 k
DEBUG util.py:445:   glibc-minimal-langpack               armv6hl          2.34-275.el9_8.redsleeve            Redsleeve_BaseOS              27 k
DEBUG util.py:445:   grep                                 armv6hl          3.6-5.el9                           Redsleeve_BaseOS             254 k
DEBUG util.py:445:   gzip                                 armv6hl          1.12-1.el9                          Redsleeve_BaseOS             159 k
DEBUG util.py:445:   info                                 armv6hl          6.7-15.el9                          Redsleeve_BaseOS             208 k
DEBUG util.py:445:   patch                                armv6hl          2.7.6-16.el9                        Redsleeve_AppStream          137 k
DEBUG util.py:445:   redhat-rpm-config                    noarch           210-1.el9.redsleeve                 Redsleeve_AppStream           64 k
DEBUG util.py:445:   redsleeve-release                    noarch           9.8-0.el9                           Redsleeve_BaseOS              22 k
DEBUG util.py:445:   rpm-build                            armv6hl          4.16.1.3-40.el9                     Redsleeve_BaseOS              57 k
DEBUG util.py:445:   sed                                  armv6hl          4.8-10.el9_8                        Redsleeve_BaseOS             293 k
DEBUG util.py:445:   shadow-utils                         armv6hl          2:4.9-16.el9                        Redsleeve_BaseOS             1.1 M
DEBUG util.py:445:   tar                                  armv6hl          2:1.34-11.el9                       Redsleeve_BaseOS             871 k
DEBUG util.py:445:   unzip                                armv6hl          6.0-60.el9_8                        Redsleeve_BaseOS             181 k
DEBUG util.py:445:   util-linux                           armv6hl          2.37.4-25.el9                       Redsleeve_BaseOS             2.2 M
DEBUG util.py:445:   which                                armv6hl          2.21-30.el9                         Redsleeve_BaseOS              39 k
DEBUG util.py:445:   xz                                   armv6hl          5.2.5-8.el9                         Redsleeve_BaseOS             217 k
DEBUG util.py:445:  Installing dependencies:
DEBUG util.py:445:   acl                                  armv6hl          2.4.0-1.el9_8                       Redsleeve_BaseOS              73 k
DEBUG util.py:445:   alternatives                         armv6hl          1.24-2.el9                          Redsleeve_BaseOS              37 k
DEBUG util.py:445:   audit-libs                           armv6hl          3.1.5-8.el9                         Redsleeve_BaseOS             115 k
DEBUG util.py:445:   basesystem                           noarch           11-13.el9.0.1                       Redsleeve_BaseOS             6.2 k
DEBUG util.py:445:   binutils                             armv6hl          2.35.2-72.el9.redsleeve             Redsleeve_BaseOS             4.7 M
DEBUG util.py:445:   binutils-gold                        armv6hl          2.35.2-72.el9.redsleeve             Redsleeve_BaseOS             876 k
DEBUG util.py:445:   bzip2-libs                           armv6hl          1.0.8-11.el9                        Redsleeve_BaseOS              38 k
DEBUG util.py:445:   ca-certificates                      noarch           2025.2.80_v9.0.305-91.el9           Redsleeve_BaseOS             943 k
DEBUG util.py:445:   coreutils-common                     armv6hl          8.32-41.el9_8                       Redsleeve_BaseOS             2.0 M
DEBUG util.py:445:   cracklib                             armv6hl          2.9.6-28.el9                        Redsleeve_BaseOS              78 k
DEBUG util.py:445:   cracklib-dicts                       armv6hl          2.9.6-28.el9                        Redsleeve_BaseOS             3.6 M
DEBUG util.py:445:   crypto-policies                      noarch           20260224-1.gitea0f072.el9           Redsleeve_BaseOS              56 k
DEBUG util.py:445:   curl                                 armv6hl          7.76.1-40.el9                       Redsleeve_BaseOS             289 k
DEBUG util.py:445:   cyrus-sasl-lib                       armv6hl          2.1.27-22.el9                       Redsleeve_BaseOS             702 k
DEBUG util.py:445:   dbus                                 armv6hl          1:1.12.20-8.el9                     Redsleeve_BaseOS             6.6 k
DEBUG util.py:445:   dbus-broker                          armv6hl          28-8.el9                            Redsleeve_BaseOS             168 k
DEBUG util.py:445:   dbus-common                          noarch           1:1.12.20-8.el9                     Redsleeve_BaseOS              13 k
DEBUG util.py:445:   debugedit                            armv6hl          5.0-11.el9                          Redsleeve_AppStream           76 k
DEBUG util.py:445:   dwz                                  armv6hl          0.16-1.el9                          Redsleeve_AppStream          135 k
DEBUG util.py:445:   ed                                   armv6hl          1.14.2-12.el9                       Redsleeve_BaseOS              72 k
DEBUG util.py:445:   efi-srpm-macros                      noarch           6-4.el9                             Redsleeve_BaseOS              21 k
DEBUG util.py:445:   elfutils                             armv6hl          0.194-1.el9.rocky.0.1               Redsleeve_BaseOS             546 k
DEBUG util.py:445:   elfutils-debuginfod-client           armv6hl          0.194-1.el9.rocky.0.1               Redsleeve_BaseOS              41 k
DEBUG util.py:445:   elfutils-default-yama-scope          noarch           0.194-1.el9.rocky.0.1               Redsleeve_BaseOS             8.7 k
DEBUG util.py:445:   elfutils-libelf                      armv6hl          0.194-1.el9.rocky.0.1               Redsleeve_BaseOS             200 k
DEBUG util.py:445:   elfutils-libs                        armv6hl          0.194-1.el9.rocky.0.1               Redsleeve_BaseOS             267 k
DEBUG util.py:445:   expat                                armv6hl          2.5.0-6.el9_8.1                     Redsleeve_BaseOS             106 k
DEBUG util.py:445:   file                                 armv6hl          5.39-17.el9                         Redsleeve_BaseOS              47 k
DEBUG util.py:445:   file-libs                            armv6hl          5.39-17.el9                         Redsleeve_BaseOS             582 k
DEBUG util.py:445:   filesystem                           armv6hl          3.16-5.el9                          Redsleeve_BaseOS             1.1 M
DEBUG util.py:445:   fonts-srpm-macros                    noarch           1:2.0.5-7.el9.1                     Redsleeve_BaseOS              27 k
DEBUG util.py:445:   gdb-minimal                          armv6hl          16.3-3.el9                          Redsleeve_AppStream          4.1 M
DEBUG util.py:445:   gdbm-libs                            armv6hl          1:1.23-1.el9                        Redsleeve_BaseOS              52 k
DEBUG util.py:445:   ghc-srpm-macros                      noarch           1.5.0-6.el9                         Redsleeve_AppStream          7.5 k
DEBUG util.py:445:   glibc                                armv6hl          2.34-275.el9_8.redsleeve            Redsleeve_BaseOS             1.5 M
DEBUG util.py:445:   glibc-common                         armv6hl          2.34-275.el9_8.redsleeve            Redsleeve_BaseOS             291 k
DEBUG util.py:445:   glibc-gconv-extra                    armv6hl          2.34-275.el9_8.redsleeve            Redsleeve_BaseOS             1.6 M
DEBUG util.py:445:   gmp                                  armv6hl          1:6.2.0-13.el9                      Redsleeve_BaseOS             237 k
DEBUG util.py:445:   go-srpm-macros                       noarch           3.8.1-1.el9.redsleeve               Redsleeve_AppStream           27 k
DEBUG util.py:445:   groff-base                           armv6hl          1.22.4-10.el9                       Redsleeve_BaseOS             1.0 M
DEBUG util.py:445:   json-c                               armv6hl          0.14-11.el9                         Redsleeve_BaseOS              39 k
DEBUG util.py:445:   kernel-srpm-macros                   noarch           1.0-14.el9                          Redsleeve_AppStream           14 k
DEBUG util.py:445:   keyutils-libs                        armv6hl          1.6.3-1.el9                         Redsleeve_BaseOS              29 k
DEBUG util.py:445:   kmod-libs                            armv6hl          28-11.el9                           Redsleeve_BaseOS              58 k
DEBUG util.py:445:   krb5-libs                            armv6hl          1.21.1-10.el9_8                     Redsleeve_BaseOS             719 k
DEBUG util.py:445:   libacl                               armv6hl          2.4.0-1.el9_8                       Redsleeve_BaseOS              22 k
DEBUG util.py:445:   libarchive                           armv6hl          3.5.3-9.el9                         Redsleeve_BaseOS             367 k
DEBUG util.py:445:   libatomic                            armv6hl          11.5.0-14.el9.redsleeve             Redsleeve_BaseOS              24 k
DEBUG util.py:445:   libattr                              armv6hl          2.5.1-3.el9                         Redsleeve_BaseOS              17 k
DEBUG util.py:445:   libblkid                             armv6hl          2.37.4-25.el9                       Redsleeve_BaseOS             107 k
DEBUG util.py:445:   libbrotli                            armv6hl          1.0.9-9.el9                         Redsleeve_BaseOS             307 k
DEBUG util.py:445:   libcap                               armv6hl          2.48-10.el9.1                       Redsleeve_BaseOS              63 k
DEBUG util.py:445:   libcap-ng                            armv6hl          0.8.2-7.el9                         Redsleeve_BaseOS              31 k
DEBUG util.py:445:   libcom_err                           armv6hl          1.46.5-8.el9                        Redsleeve_BaseOS              24 k
DEBUG util.py:445:   libcurl                              armv6hl          7.76.1-40.el9                       Redsleeve_BaseOS             270 k
DEBUG util.py:445:   libdb                                armv6hl          5.3.28-57.el9                       Redsleeve_BaseOS             668 k
DEBUG util.py:445:   libeconf                             armv6hl          0.4.1-7.el9_8                       Redsleeve_BaseOS              24 k
DEBUG util.py:445:   libevent                             armv6hl          2.1.12-8.el9                        Redsleeve_BaseOS             246 k
DEBUG util.py:445:   libfdisk                             armv6hl          2.37.4-25.el9                       Redsleeve_BaseOS             161 k
DEBUG util.py:445:   libffi                               armv6hl          3.4.2-8.el9                         Redsleeve_BaseOS              33 k
DEBUG util.py:445:   libgcc                               armv6hl          11.5.0-14.el9.redsleeve             Redsleeve_BaseOS              84 k
DEBUG util.py:445:   libgcrypt                            armv6hl          1.10.0-13.el9_8                     Redsleeve_BaseOS             478 k
DEBUG util.py:445:   libgomp                              armv6hl          11.5.0-14.el9.redsleeve             Redsleeve_BaseOS             247 k
DEBUG util.py:445:   libgpg-error                         armv6hl          1.42-5.el9                          Redsleeve_BaseOS             205 k
DEBUG util.py:445:   libidn2                              armv6hl          2.3.0-7.el9                         Redsleeve_BaseOS              95 k
DEBUG util.py:445:   libmount                             armv6hl          2.37.4-25.el9                       Redsleeve_BaseOS             131 k
DEBUG util.py:445:   libnghttp2                           armv6hl          1.43.0-6.el9.1                      Redsleeve_BaseOS              67 k
DEBUG util.py:445:   libpkgconf                           armv6hl          1.7.3-10.el9                        Redsleeve_BaseOS              31 k
DEBUG util.py:445:   libpsl                               armv6hl          0.21.1-5.el9                        Redsleeve_BaseOS              62 k
DEBUG util.py:445:   libpwquality                         armv6hl          1.4.4-8.el9                         Redsleeve_BaseOS             104 k
DEBUG util.py:445:   libseccomp                           armv6hl          2.5.2-2.el9.redsleeve               Redsleeve_BaseOS              73 k
DEBUG util.py:445:   libselinux                           armv6hl          3.6-3.el9                           Redsleeve_BaseOS              83 k
DEBUG util.py:445:   libsemanage                          armv6hl          3.6-5.el9                           Redsleeve_BaseOS             112 k
DEBUG util.py:445:   libsepol                             armv6hl          3.6-3.el9                           Redsleeve_BaseOS             308 k
DEBUG util.py:445:   libsigsegv                           armv6hl          2.13-4.el9                          Redsleeve_BaseOS              26 k
DEBUG util.py:445:   libsmartcols                         armv6hl          2.37.4-25.el9                       Redsleeve_BaseOS              57 k
DEBUG util.py:445:   libssh                               armv6hl          0.10.4-18.el9                       Redsleeve_BaseOS             197 k
DEBUG util.py:445:   libssh-config                        noarch           0.10.4-18.el9                       Redsleeve_BaseOS             7.9 k
DEBUG util.py:445:   libstdc++                            armv6hl          11.5.0-14.el9.redsleeve             Redsleeve_BaseOS             654 k
DEBUG util.py:445:   libtasn1                             armv6hl          4.16.0-10.el9_8.redsleeve           Redsleeve_BaseOS              70 k
DEBUG util.py:445:   libtool-ltdl                         armv6hl          2.4.6-46.el9                        Redsleeve_BaseOS              32 k
DEBUG util.py:445:   libunistring                         armv6hl          0.9.10-15.el9                       Redsleeve_BaseOS             473 k
DEBUG util.py:445:   libutempter                          armv6hl          1.2.1-6.el9                         Redsleeve_BaseOS              25 k
DEBUG util.py:445:   libuuid                              armv6hl          2.37.4-25.el9                       Redsleeve_BaseOS              25 k
DEBUG util.py:445:   libverto                             armv6hl          0.3.2-3.el9                         Redsleeve_BaseOS              20 k
DEBUG util.py:445:   libxcrypt                            armv6hl          4.4.18-3.el9                        Redsleeve_BaseOS             127 k
DEBUG util.py:445:   libxml2                              armv6hl          2.9.13-14.el9_8.2                   Redsleeve_BaseOS             677 k
DEBUG util.py:445:   libzstd                              armv6hl          1.5.5-1.el9                         Redsleeve_BaseOS             260 k
DEBUG util.py:445:   lua-libs                             armv6hl          5.4.4-4.el9                         Redsleeve_BaseOS             119 k
DEBUG util.py:445:   lua-srpm-macros                      noarch           1-6.el9                             Redsleeve_AppStream          8.3 k
DEBUG util.py:445:   lz4-libs                             armv6hl          1.9.3-5.el9                         Redsleeve_BaseOS              63 k
DEBUG util.py:445:   mpfr                                 armv6hl          4.1.0-10.el9                        Redsleeve_BaseOS             212 k
DEBUG util.py:445:   ncurses                              armv6hl          6.2-12.20210508.el9                 Redsleeve_BaseOS             397 k
DEBUG util.py:445:   ncurses-base                         noarch           6.2-12.20210508.el9                 Redsleeve_BaseOS              60 k
DEBUG util.py:445:   ncurses-libs                         armv6hl          6.2-12.20210508.el9                 Redsleeve_BaseOS             281 k
DEBUG util.py:445:   ocaml-srpm-macros                    noarch           6-6.el9                             Redsleeve_AppStream          7.6 k
DEBUG util.py:445:   openblas-srpm-macros                 noarch           2-11.el9.redsleeve                  Redsleeve_AppStream          7.1 k
DEBUG util.py:445:   openldap                             armv6hl          2.6.8-4.el9.0.1                     Redsleeve_BaseOS             247 k
DEBUG util.py:445:   openssl                              armv6hl          1:3.5.5-6.el9_8                     Redsleeve_BaseOS             1.4 M
DEBUG util.py:445:   openssl-fips-provider                armv6hl          1:3.5.5-6.el9_8                     Redsleeve_BaseOS             650 k
DEBUG util.py:445:   openssl-libs                         armv6hl          1:3.5.5-6.el9_8                     Redsleeve_BaseOS             2.0 M
DEBUG util.py:445:   p11-kit                              armv6hl          0.26.4-1.el9_8                      Redsleeve_BaseOS             561 k
DEBUG util.py:445:   p11-kit-trust                        armv6hl          0.26.4-1.el9_8                      Redsleeve_BaseOS             137 k
DEBUG util.py:445:   pam                                  armv6hl          1.5.1-28.el9                        Redsleeve_BaseOS             533 k
DEBUG util.py:445:   pcre                                 armv6hl          8.44-4.el9                          Redsleeve_BaseOS             179 k
DEBUG util.py:445:   pcre2                                armv6hl          10.40-6.el9                         Redsleeve_BaseOS             211 k
DEBUG util.py:445:   pcre2-syntax                         noarch           10.40-6.el9                         Redsleeve_BaseOS             140 k
DEBUG util.py:445:   perl-AutoLoader                      noarch           5.74-483.el9                        Redsleeve_AppStream           20 k
DEBUG util.py:445:   perl-B                               armv6hl          1.80-483.el9                        Redsleeve_AppStream          177 k
DEBUG util.py:445:   perl-Carp                            noarch           1.50-460.el9                        Redsleeve_AppStream           28 k
DEBUG util.py:445:   perl-Class-Struct                    noarch           0.66-483.el9                        Redsleeve_AppStream           20 k
DEBUG util.py:445:   perl-Data-Dumper                     armv6hl          2.174-462.el9                       Redsleeve_AppStream           53 k
DEBUG util.py:445:   perl-Digest                          noarch           1.19-4.el9                          Redsleeve_AppStream           25 k
DEBUG util.py:445:   perl-Digest-MD5                      armv6hl          2.58-4.el9                          Redsleeve_AppStream           35 k
DEBUG util.py:445:   perl-Encode                          armv6hl          4:3.08-462.el9                      Redsleeve_AppStream          1.2 M
DEBUG util.py:445:   perl-Errno                           armv6hl          1.30-483.el9                        Redsleeve_AppStream           13 k
DEBUG util.py:445:   perl-Exporter                        noarch           5.74-461.el9                        Redsleeve_AppStream           31 k
DEBUG util.py:445:   perl-Fcntl                           armv6hl          1.13-483.el9                        Redsleeve_AppStream           18 k
DEBUG util.py:445:   perl-File-Basename                   noarch           2.85-483.el9                        Redsleeve_AppStream           16 k
DEBUG util.py:445:   perl-File-Path                       noarch           2.18-4.el9                          Redsleeve_AppStream           35 k
DEBUG util.py:445:   perl-File-Temp                       noarch           1:0.231.100-4.el9                   Redsleeve_AppStream           59 k
DEBUG util.py:445:   perl-File-stat                       noarch           1.09-483.el9                        Redsleeve_AppStream           16 k
DEBUG util.py:445:   perl-FileHandle                      noarch           2.03-483.el9                        Redsleeve_AppStream           14 k
DEBUG util.py:445:   perl-Getopt-Long                     noarch           1:2.52-4.el9                        Redsleeve_AppStream           59 k
DEBUG util.py:445:   perl-Getopt-Std                      noarch           1.12-483.el9                        Redsleeve_AppStream           14 k
DEBUG util.py:445:   perl-HTTP-Tiny                       noarch           0.076-462.el9                       Redsleeve_AppStream           53 k
DEBUG util.py:445:   perl-IO                              armv6hl          1.43-483.el9                        Redsleeve_AppStream           84 k
DEBUG util.py:445:   perl-IO-Socket-IP                    noarch           0.41-5.el9                          Redsleeve_AppStream           41 k
DEBUG util.py:445:   perl-IO-Socket-SSL                   noarch           2.073-2.el9                         Redsleeve_AppStream          214 k
DEBUG util.py:445:   perl-IPC-Open3                       noarch           1.21-483.el9                        Redsleeve_AppStream           21 k
DEBUG util.py:445:   perl-MIME-Base64                     armv6hl          3.16-4.el9                          Redsleeve_AppStream           30 k
DEBUG util.py:445:   perl-Mozilla-CA                      noarch           20200520-6.el9                      Redsleeve_AppStream           12 k
DEBUG util.py:445:   perl-Net-SSLeay                      armv6hl          1.94-3.el9                          Redsleeve_AppStream          371 k
DEBUG util.py:445:   perl-POSIX                           armv6hl          1.94-483.el9                        Redsleeve_AppStream           93 k
DEBUG util.py:445:   perl-PathTools                       armv6hl          3.78-461.el9                        Redsleeve_AppStream           84 k
DEBUG util.py:445:   perl-Pod-Escapes                     noarch           1:1.07-460.el9                      Redsleeve_AppStream           19 k
DEBUG util.py:445:   perl-Pod-Perldoc                     noarch           3.28.01-461.el9                     Redsleeve_AppStream           83 k
DEBUG util.py:445:   perl-Pod-Simple                      noarch           1:3.42-4.el9                        Redsleeve_AppStream          215 k
DEBUG util.py:445:   perl-Pod-Usage                       noarch           4:2.01-4.el9                        Redsleeve_AppStream           40 k
DEBUG util.py:445:   perl-Scalar-List-Utils               armv6hl          4:1.56-462.el9                      Redsleeve_AppStream           68 k
DEBUG util.py:445:   perl-SelectSaver                     noarch           1.02-483.el9                        Redsleeve_AppStream           10 k
DEBUG util.py:445:   perl-Socket                          armv6hl          4:2.031-4.el9                       Redsleeve_AppStream           53 k
DEBUG util.py:445:   perl-Storable                        armv6hl          1:3.21-460.el9                      Redsleeve_AppStream           87 k
DEBUG util.py:445:   perl-Symbol                          noarch           1.08-483.el9                        Redsleeve_AppStream           13 k
DEBUG util.py:445:   perl-Term-ANSIColor                  noarch           5.01-461.el9                        Redsleeve_AppStream           48 k
DEBUG util.py:445:   perl-Term-Cap                        noarch           1.17-460.el9                        Redsleeve_AppStream           21 k
DEBUG util.py:445:   perl-Text-ParseWords                 noarch           3.30-460.el9                        Redsleeve_AppStream           16 k
DEBUG util.py:445:   perl-Text-Tabs+Wrap                  noarch           2013.0523-460.el9                   Redsleeve_AppStream           22 k
DEBUG util.py:445:   perl-Time-Local                      noarch           2:1.300-7.el9                       Redsleeve_AppStream           33 k
DEBUG util.py:445:   perl-URI                             noarch           5.09-3.el9                          Redsleeve_AppStream          108 k
DEBUG util.py:445:   perl-base                            noarch           2.27-483.el9                        Redsleeve_AppStream           15 k
DEBUG util.py:445:   perl-constant                        noarch           1.33-461.el9                        Redsleeve_AppStream           22 k
DEBUG util.py:445:   perl-if                              noarch           0.60.800-483.el9                    Redsleeve_AppStream           12 k
DEBUG util.py:445:   perl-interpreter                     armv6hl          4:5.32.1-483.el9                    Redsleeve_AppStream           69 k
DEBUG util.py:445:   perl-libnet                          noarch           3.13-4.el9                          Redsleeve_AppStream          125 k
DEBUG util.py:445:   perl-libs                            armv6hl          4:5.32.1-483.el9                    Redsleeve_AppStream          2.0 M
DEBUG util.py:445:   perl-mro                             armv6hl          1.23-483.el9                        Redsleeve_AppStream           25 k
DEBUG util.py:445:   perl-overload                        noarch           1.31-483.el9                        Redsleeve_AppStream           44 k
DEBUG util.py:445:   perl-overloading                     noarch           0.02-483.el9                        Redsleeve_AppStream           11 k
DEBUG util.py:445:   perl-parent                          noarch           1:0.238-460.el9                     Redsleeve_AppStream           14 k
DEBUG util.py:445:   perl-podlators                       noarch           1:4.14-460.el9                      Redsleeve_AppStream          111 k
DEBUG util.py:445:   perl-srpm-macros                     noarch           1-41.el9                            Redsleeve_AppStream          7.9 k
DEBUG util.py:445:   perl-subs                            noarch           1.03-483.el9                        Redsleeve_AppStream           10 k
DEBUG util.py:445:   perl-vars                            noarch           1.05-483.el9                        Redsleeve_AppStream           11 k
DEBUG util.py:445:   pkgconf                              armv6hl          1.7.3-10.el9                        Redsleeve_BaseOS              40 k
DEBUG util.py:445:   pkgconf-m4                           noarch           1.7.3-10.el9                        Redsleeve_BaseOS              14 k
DEBUG util.py:445:   pkgconf-pkg-config                   armv6hl          1.7.3-10.el9                        Redsleeve_BaseOS             9.8 k
DEBUG util.py:445:   popt                                 armv6hl          1.18-8.el9                          Redsleeve_BaseOS              56 k
DEBUG util.py:445:   publicsuffix-list-dafsa              noarch           20210518-3.el9                      Redsleeve_BaseOS              57 k
DEBUG util.py:445:   pyproject-srpm-macros                noarch           1.18.5-1.el9                        Redsleeve_AppStream           12 k
DEBUG util.py:445:   python-srpm-macros                   noarch           3.9-54.el9                          Redsleeve_AppStream           16 k
DEBUG util.py:445:   qt5-srpm-macros                      noarch           5.15.9-1.el9                        Redsleeve_AppStream          7.6 k
DEBUG util.py:445:   readline                             armv6hl          8.1-4.el9                           Redsleeve_BaseOS             195 k
DEBUG util.py:445:   rpm                                  armv6hl          4.16.1.3-40.el9                     Redsleeve_BaseOS             482 k
DEBUG util.py:445:   rpm-build-libs                       armv6hl          4.16.1.3-40.el9                     Redsleeve_BaseOS              83 k
DEBUG util.py:445:   rpm-libs                             armv6hl          4.16.1.3-40.el9                     Redsleeve_BaseOS             275 k
DEBUG util.py:445:   rust-srpm-macros                     noarch           17-4.el9.redsleeve                  Redsleeve_AppStream          8.6 k
DEBUG util.py:445:   setup                                noarch           2.13.7-10.el9                       Redsleeve_BaseOS             140 k
DEBUG util.py:445:   sqlite-libs                          armv6hl          3.34.1-10.el9_8                     Redsleeve_BaseOS             596 k
DEBUG util.py:445:   systemd-libs                         armv6hl          252-67.el9_8.4.redsleeve            Redsleeve_BaseOS             615 k
DEBUG util.py:445:   systemd-pam                          armv6hl          252-67.el9_8.4.redsleeve            Redsleeve_BaseOS             245 k
DEBUG util.py:445:   systemd-rpm-macros                   noarch           252-67.el9_8.4.redsleeve            Redsleeve_BaseOS              46 k
DEBUG util.py:445:   tzdata                               noarch           2026b-1.el9_8                       Redsleeve_BaseOS             497 k
DEBUG util.py:445:   util-linux-core                      armv6hl          2.37.4-25.el9                       Redsleeve_BaseOS             430 k
DEBUG util.py:445:   xz-libs                              armv6hl          5.2.5-8.el9                         Redsleeve_BaseOS              85 k
DEBUG util.py:445:   zip                                  armv6hl          3.0-35.el9                          Redsleeve_BaseOS             264 k
DEBUG util.py:445:   zlib                                 armv6hl          1.2.11-40.el9                       Redsleeve_BaseOS              87 k
DEBUG util.py:445:   zstd                                 armv6hl          1.5.5-1.el9                         Redsleeve_BaseOS             351 k
DEBUG util.py:445:  Installing weak dependencies:
DEBUG util.py:445:   gawk-all-langpacks                   armv6hl          5.1.0-6.el9                         Redsleeve_BaseOS             206 k
DEBUG util.py:445:   perl-NDBM_File                       armv6hl          1.15-483.el9                        Redsleeve_AppStream           20 k
DEBUG util.py:445:   systemd                              armv6hl          252-67.el9_8.4.redsleeve            Redsleeve_BaseOS             3.9 M
DEBUG util.py:445:  Transaction Summary
DEBUG util.py:445:  ==============================================================================================================================
DEBUG util.py:445:  Install  213 Packages
DEBUG util.py:445:  Total download size: 66 M
DEBUG util.py:445:  Installed size: 245 M
DEBUG util.py:445:  Downloading Packages:
DEBUG util.py:445:  (1/213): alternatives-1.24-2.el9.armv6hl.rpm                                                   68 kB/s |  37 kB     00:00    
DEBUG util.py:445:  (2/213): acl-2.4.0-1.el9_8.armv6hl.rpm                                                        107 kB/s |  73 kB     00:00    
DEBUG util.py:445:  (3/213): basesystem-11-13.el9.0.1.noarch.rpm                                                   36 kB/s | 6.2 kB     00:00    
DEBUG util.py:445:  (4/213): audit-libs-3.1.5-8.el9.armv6hl.rpm                                                   170 kB/s | 115 kB     00:00    
DEBUG util.py:445:  (5/213): binutils-gold-2.35.2-72.el9.redsleeve.armv6hl.rpm                                    348 kB/s | 876 kB     00:02    
DEBUG util.py:445:  (6/213): bzip2-1.0.8-11.el9.armv6hl.rpm                                                       155 kB/s |  51 kB     00:00    
DEBUG util.py:445:  (7/213): bzip2-libs-1.0.8-11.el9.armv6hl.rpm                                                  137 kB/s |  38 kB     00:00    
DEBUG util.py:445:  (8/213): bash-5.1.8-9.el9.armv6hl.rpm                                                         355 kB/s | 1.6 MB     00:04    
DEBUG util.py:445:  (9/213): ca-certificates-2025.2.80_v9.0.305-91.el9.noarch.rpm                                 367 kB/s | 943 kB     00:02    
DEBUG util.py:445:  (10/213): coreutils-8.32-41.el9_8.armv6hl.rpm                                                 349 kB/s | 1.0 MB     00:03    
DEBUG util.py:445:  (11/213): cpio-2.13-16.el9.armv6hl.rpm                                                        334 kB/s | 269 kB     00:00    
DEBUG util.py:445:  (12/213): cracklib-2.9.6-28.el9.armv6hl.rpm                                                    80 kB/s |  78 kB     00:00    
DEBUG util.py:445:  (13/213): coreutils-common-8.32-41.el9_8.armv6hl.rpm                                          372 kB/s | 2.0 MB     00:05    
DEBUG util.py:445:  (14/213): crypto-policies-20260224-1.gitea0f072.el9.noarch.rpm                                 35 kB/s |  56 kB     00:01    
DEBUG util.py:445:  (15/213): binutils-2.35.2-72.el9.redsleeve.armv6hl.rpm                                        328 kB/s | 4.7 MB     00:14    
DEBUG util.py:445:  (16/213): curl-7.76.1-40.el9.armv6hl.rpm                                                      136 kB/s | 289 kB     00:02    
DEBUG util.py:445:  (17/213): cyrus-sasl-lib-2.1.27-22.el9.armv6hl.rpm                                            400 kB/s | 702 kB     00:01    
DEBUG util.py:445:  (18/213): dbus-1.12.20-8.el9.armv6hl.rpm                                                      4.2 kB/s | 6.6 kB     00:01    
DEBUG util.py:445:  (19/213): cracklib-dicts-2.9.6-28.el9.armv6hl.rpm                                             444 kB/s | 3.6 MB     00:08    
DEBUG util.py:445:  (20/213): dbus-common-1.12.20-8.el9.noarch.rpm                                                9.0 kB/s |  13 kB     00:01    
DEBUG util.py:445:  (21/213): dbus-broker-28-8.el9.armv6hl.rpm                                                    107 kB/s | 168 kB     00:01    
DEBUG util.py:445:  (22/213): ed-1.14.2-12.el9.armv6hl.rpm                                                        296 kB/s |  72 kB     00:00    
DEBUG util.py:445:  (23/213): efi-srpm-macros-6-4.el9.noarch.rpm                                                   91 kB/s |  21 kB     00:00    
DEBUG util.py:445:  (24/213): diffutils-3.7-12.el9.armv6hl.rpm                                                    589 kB/s | 379 kB     00:00    
DEBUG util.py:445:  (25/213): elfutils-debuginfod-client-0.194-1.el9.rocky.0.1.armv6hl.rpm                         89 kB/s |  41 kB     00:00    
DEBUG util.py:445:  (26/213): elfutils-0.194-1.el9.rocky.0.1.armv6hl.rpm                                          563 kB/s | 546 kB     00:00    
DEBUG util.py:445:  (27/213): elfutils-default-yama-scope-0.194-1.el9.rocky.0.1.noarch.rpm                         15 kB/s | 8.7 kB     00:00    
DEBUG util.py:445:  (28/213): elfutils-libelf-0.194-1.el9.rocky.0.1.armv6hl.rpm                                   316 kB/s | 200 kB     00:00    
DEBUG util.py:445:  (29/213): elfutils-libs-0.194-1.el9.rocky.0.1.armv6hl.rpm                                     426 kB/s | 267 kB     00:00    
DEBUG util.py:445:  (30/213): expat-2.5.0-6.el9_8.1.armv6hl.rpm                                                   152 kB/s | 106 kB     00:00    
DEBUG util.py:445:  (31/213): file-5.39-17.el9.armv6hl.rpm                                                         75 kB/s |  47 kB     00:00    
DEBUG util.py:445:  (32/213): file-libs-5.39-17.el9.armv6hl.rpm                                                   460 kB/s | 582 kB     00:01    
DEBUG util.py:445:  (33/213): findutils-4.8.0-7.el9.armv6hl.rpm                                                   312 kB/s | 527 kB     00:01    
DEBUG util.py:445:  (34/213): filesystem-3.16-5.el9.armv6hl.rpm                                                   463 kB/s | 1.1 MB     00:02    
DEBUG util.py:445:  (35/213): fonts-srpm-macros-2.0.5-7.el9.1.noarch.rpm                                           23 kB/s |  27 kB     00:01    
DEBUG util.py:445:  (36/213): gawk-5.1.0-6.el9.armv6hl.rpm                                                        619 kB/s | 986 kB     00:01    
DEBUG util.py:445:  (37/213): gawk-all-langpacks-5.1.0-6.el9.armv6hl.rpm                                          169 kB/s | 206 kB     00:01    
DEBUG util.py:445:  (38/213): gdbm-libs-1.23-1.el9.armv6hl.rpm                                                     42 kB/s |  52 kB     00:01    
DEBUG util.py:445:  (39/213): glibc-common-2.34-275.el9_8.redsleeve.armv6hl.rpm                                   175 kB/s | 291 kB     00:01    
DEBUG util.py:445:  (40/213): glibc-2.34-275.el9_8.redsleeve.armv6hl.rpm                                          543 kB/s | 1.5 MB     00:02    
DEBUG util.py:445:  (41/213): glibc-minimal-langpack-2.34-275.el9_8.redsleeve.armv6hl.rpm                          23 kB/s |  27 kB     00:01    
DEBUG util.py:445:  (42/213): glibc-gconv-extra-2.34-275.el9_8.redsleeve.armv6hl.rpm                              459 kB/s | 1.6 MB     00:03    
DEBUG util.py:445:  (43/213): gmp-6.2.0-13.el9.armv6hl.rpm                                                        203 kB/s | 237 kB     00:01    
DEBUG util.py:445:  (44/213): grep-3.6-5.el9.armv6hl.rpm                                                          215 kB/s | 254 kB     00:01    
DEBUG util.py:445:  (45/213): groff-base-1.22.4-10.el9.armv6hl.rpm                                                626 kB/s | 1.0 MB     00:01    
DEBUG util.py:445:  (46/213): gzip-1.12-1.el9.armv6hl.rpm                                                         100 kB/s | 159 kB     00:01    
DEBUG util.py:445:  (47/213): info-6.7-15.el9.armv6hl.rpm                                                         134 kB/s | 208 kB     00:01    
DEBUG util.py:445:  (48/213): json-c-0.14-11.el9.armv6hl.rpm                                                      121 kB/s |  39 kB     00:00    
DEBUG util.py:445:  (49/213): keyutils-libs-1.6.3-1.el9.armv6hl.rpm                                                72 kB/s |  29 kB     00:00    
DEBUG util.py:445:  (50/213): kmod-libs-28-11.el9.armv6hl.rpm                                                     171 kB/s |  58 kB     00:00    
DEBUG util.py:445:  (51/213): krb5-libs-1.21.1-10.el9_8.armv6hl.rpm                                               690 kB/s | 719 kB     00:01    
DEBUG util.py:445:  (52/213): libarchive-3.5.3-9.el9.armv6hl.rpm                                                  368 kB/s | 367 kB     00:00    
DEBUG util.py:445:  (53/213): libacl-2.4.0-1.el9_8.armv6hl.rpm                                                     20 kB/s |  22 kB     00:01    
DEBUG util.py:445:  (54/213): libatomic-11.5.0-14.el9.redsleeve.armv6hl.rpm                                        65 kB/s |  24 kB     00:00    
DEBUG util.py:445:  (55/213): libattr-2.5.1-3.el9.armv6hl.rpm                                                      58 kB/s |  17 kB     00:00    
DEBUG util.py:445:  (56/213): libblkid-2.37.4-25.el9.armv6hl.rpm                                                  284 kB/s | 107 kB     00:00    
DEBUG util.py:445:  (57/213): libbrotli-1.0.9-9.el9.armv6hl.rpm                                                   504 kB/s | 307 kB     00:00    
DEBUG util.py:445:  (58/213): libcap-2.48-10.el9.1.armv6hl.rpm                                                    109 kB/s |  63 kB     00:00    
DEBUG util.py:445:  (59/213): libcap-ng-0.8.2-7.el9.armv6hl.rpm                                                    46 kB/s |  31 kB     00:00    
DEBUG util.py:445:  (60/213): libcom_err-1.46.5-8.el9.armv6hl.rpm                                                  44 kB/s |  24 kB     00:00    
DEBUG util.py:445:  (61/213): libcurl-7.76.1-40.el9.armv6hl.rpm                                                   439 kB/s | 270 kB     00:00    
DEBUG util.py:445:  (62/213): libdb-5.3.28-57.el9.armv6hl.rpm                                                     707 kB/s | 668 kB     00:00    
DEBUG util.py:445:  (63/213): libeconf-0.4.1-7.el9_8.armv6hl.rpm                                                   31 kB/s |  24 kB     00:00    
DEBUG util.py:445:  (64/213): libevent-2.1.12-8.el9.armv6hl.rpm                                                   320 kB/s | 246 kB     00:00    
DEBUG util.py:445:  (65/213): libffi-3.4.2-8.el9.armv6hl.rpm                                                       95 kB/s |  33 kB     00:00    
DEBUG util.py:445:  (66/213): libfdisk-2.37.4-25.el9.armv6hl.rpm                                                  315 kB/s | 161 kB     00:00    
DEBUG util.py:445:  (67/213): libgcc-11.5.0-14.el9.redsleeve.armv6hl.rpm                                          256 kB/s |  84 kB     00:00    
DEBUG util.py:445:  (68/213): libgcrypt-1.10.0-13.el9_8.armv6hl.rpm                                               569 kB/s | 478 kB     00:00    
DEBUG util.py:445:  (69/213): libgomp-11.5.0-14.el9.redsleeve.armv6hl.rpm                                         275 kB/s | 247 kB     00:00    
DEBUG util.py:445:  (70/213): libgpg-error-1.42-5.el9.armv6hl.rpm                                                 200 kB/s | 205 kB     00:01    
DEBUG util.py:445:  (71/213): libidn2-2.3.0-7.el9.armv6hl.rpm                                                     193 kB/s |  95 kB     00:00    
DEBUG util.py:445:  (72/213): libmount-2.37.4-25.el9.armv6hl.rpm                                                  311 kB/s | 131 kB     00:00    
DEBUG util.py:445:  (73/213): libnghttp2-1.43.0-6.el9.1.armv6hl.rpm                                               209 kB/s |  67 kB     00:00    
DEBUG util.py:445:  (74/213): libpkgconf-1.7.3-10.el9.armv6hl.rpm                                                 116 kB/s |  31 kB     00:00    
DEBUG util.py:445:  (75/213): libseccomp-2.5.2-2.el9.redsleeve.armv6hl.rpm                                        292 kB/s |  73 kB     00:00    
DEBUG util.py:445:  (76/213): libpwquality-1.4.4-8.el9.armv6hl.rpm                                                233 kB/s | 104 kB     00:00    
DEBUG util.py:445:  (77/213): libpsl-0.21.1-5.el9.armv6hl.rpm                                                     100 kB/s |  62 kB     00:00    
DEBUG util.py:445:  (78/213): libselinux-3.6-3.el9.armv6hl.rpm                                                    290 kB/s |  83 kB     00:00    
DEBUG util.py:445:  (79/213): libsemanage-3.6-5.el9.armv6hl.rpm                                                   442 kB/s | 112 kB     00:00    
DEBUG util.py:445:  (80/213): libsepol-3.6-3.el9.armv6hl.rpm                                                      665 kB/s | 308 kB     00:00    
DEBUG util.py:445:  (81/213): libsigsegv-2.13-4.el9.armv6hl.rpm                                                    61 kB/s |  26 kB     00:00    
DEBUG util.py:445:  (82/213): libsmartcols-2.37.4-25.el9.armv6hl.rpm                                              164 kB/s |  57 kB     00:00    
DEBUG util.py:445:  (83/213): libssh-config-0.10.4-18.el9.noarch.rpm                                               34 kB/s | 7.9 kB     00:00    
DEBUG util.py:445:  (84/213): libssh-0.10.4-18.el9.armv6hl.rpm                                                    431 kB/s | 197 kB     00:00    
DEBUG util.py:445:  (85/213): libstdc++-11.5.0-14.el9.redsleeve.armv6hl.rpm                                       631 kB/s | 654 kB     00:01    
DEBUG util.py:445:  (86/213): libtasn1-4.16.0-10.el9_8.redsleeve.armv6hl.rpm                                       80 kB/s |  70 kB     00:00    
DEBUG util.py:445:  (87/213): libtool-ltdl-2.4.6-46.el9.armv6hl.rpm                                                47 kB/s |  32 kB     00:00    
DEBUG util.py:445:  (88/213): libutempter-1.2.1-6.el9.armv6hl.rpm                                                 103 kB/s |  25 kB     00:00    
DEBUG util.py:445:  (89/213): libunistring-0.9.10-15.el9.armv6hl.rpm                                              650 kB/s | 473 kB     00:00    
DEBUG util.py:445:  (90/213): libuuid-2.37.4-25.el9.armv6hl.rpm                                                    36 kB/s |  25 kB     00:00    
DEBUG util.py:445:  (91/213): libverto-0.3.2-3.el9.armv6hl.rpm                                                     41 kB/s |  20 kB     00:00    
DEBUG util.py:445:  (92/213): libxcrypt-4.4.18-3.el9.armv6hl.rpm                                                  480 kB/s | 127 kB     00:00    
DEBUG util.py:445:  (93/213): libxml2-2.9.13-14.el9_8.2.armv6hl.rpm                                               712 kB/s | 677 kB     00:00    
DEBUG util.py:445:  (94/213): libzstd-1.5.5-1.el9.armv6hl.rpm                                                     232 kB/s | 260 kB     00:01    
DEBUG util.py:445:  (95/213): lua-libs-5.4.4-4.el9.armv6hl.rpm                                                    120 kB/s | 119 kB     00:00    
DEBUG util.py:445:  (96/213): lz4-libs-1.9.3-5.el9.armv6hl.rpm                                                    185 kB/s |  63 kB     00:00    
DEBUG util.py:445:  (97/213): mpfr-4.1.0-10.el9.armv6hl.rpm                                                       526 kB/s | 212 kB     00:00    
DEBUG util.py:445:  (98/213): ncurses-base-6.2-12.20210508.el9.noarch.rpm                                         166 kB/s |  60 kB     00:00    
DEBUG util.py:445:  (99/213): ncurses-libs-6.2-12.20210508.el9.armv6hl.rpm                                        419 kB/s | 281 kB     00:00    
DEBUG util.py:445:  (100/213): ncurses-6.2-12.20210508.el9.armv6hl.rpm                                            373 kB/s | 397 kB     00:01    
DEBUG util.py:445:  (101/213): openldap-2.6.8-4.el9.0.1.armv6hl.rpm                                               286 kB/s | 247 kB     00:00    
DEBUG util.py:445:  (102/213): openssl-3.5.5-6.el9_8.armv6hl.rpm                                                  628 kB/s | 1.4 MB     00:02    
DEBUG util.py:445:  (103/213): openssl-fips-provider-3.5.5-6.el9_8.armv6hl.rpm                                    290 kB/s | 650 kB     00:02    
DEBUG util.py:445:  (104/213): p11-kit-trust-0.26.4-1.el9_8.armv6hl.rpm                                            77 kB/s | 137 kB     00:01    
DEBUG util.py:445:  (105/213): p11-kit-0.26.4-1.el9_8.armv6hl.rpm                                                 280 kB/s | 561 kB     00:02    
DEBUG util.py:445:  (106/213): openssl-libs-3.5.5-6.el9_8.armv6hl.rpm                                             418 kB/s | 2.0 MB     00:04    
DEBUG util.py:445:  (107/213): pam-1.5.1-28.el9.armv6hl.rpm                                                       364 kB/s | 533 kB     00:01    
DEBUG util.py:445:  (108/213): pcre-8.44-4.el9.armv6hl.rpm                                                        124 kB/s | 179 kB     00:01    
DEBUG util.py:445:  (109/213): pcre2-10.40-6.el9.armv6hl.rpm                                                      239 kB/s | 211 kB     00:00    
DEBUG util.py:445:  (110/213): pkgconf-1.7.3-10.el9.armv6hl.rpm                                                    92 kB/s |  40 kB     00:00    
DEBUG util.py:445:  (111/213): pkgconf-m4-1.7.3-10.el9.noarch.rpm                                                  41 kB/s |  14 kB     00:00    
DEBUG util.py:445:  (112/213): pkgconf-pkg-config-1.7.3-10.el9.armv6hl.rpm                                         50 kB/s | 9.8 kB     00:00    
DEBUG util.py:445:  (113/213): popt-1.18-8.el9.armv6hl.rpm                                                        326 kB/s |  56 kB     00:00    
DEBUG util.py:445:  (114/213): publicsuffix-list-dafsa-20210518-3.el9.noarch.rpm                                  266 kB/s |  57 kB     00:00    
DEBUG util.py:445:  (115/213): readline-8.1-4.el9.armv6hl.rpm                                                     512 kB/s | 195 kB     00:00    
DEBUG util.py:445:  (116/213): redsleeve-release-9.8-0.el9.noarch.rpm                                              65 kB/s |  22 kB     00:00    
DEBUG util.py:445:  (117/213): rpm-4.16.1.3-40.el9.armv6hl.rpm                                                    679 kB/s | 482 kB     00:00    
DEBUG util.py:445:  (118/213): pcre2-syntax-10.40-6.el9.noarch.rpm                                                 66 kB/s | 140 kB     00:02    
DEBUG util.py:445:  (119/213): rpm-build-4.16.1.3-40.el9.armv6hl.rpm                                               69 kB/s |  57 kB     00:00    
DEBUG util.py:445:  (120/213): sed-4.8-10.el9_8.armv6hl.rpm                                                       610 kB/s | 293 kB     00:00    
DEBUG util.py:445:  (121/213): setup-2.13.7-10.el9.noarch.rpm                                                     511 kB/s | 140 kB     00:00    
DEBUG util.py:445:  (122/213): rpm-build-libs-4.16.1.3-40.el9.armv6hl.rpm                                          37 kB/s |  83 kB     00:02    
DEBUG util.py:445:  (123/213): shadow-utils-4.9-16.el9.armv6hl.rpm                                                655 kB/s | 1.1 MB     00:01    
DEBUG util.py:445:  (124/213): rpm-libs-4.16.1.3-40.el9.armv6hl.rpm                                               101 kB/s | 275 kB     00:02    
DEBUG util.py:445:  (125/213): sqlite-libs-3.34.1-10.el9_8.armv6hl.rpm                                            514 kB/s | 596 kB     00:01    
DEBUG util.py:445:  (126/213): systemd-libs-252-67.el9_8.4.redsleeve.armv6hl.rpm                                  327 kB/s | 615 kB     00:01    
DEBUG util.py:445:  (127/213): systemd-pam-252-67.el9_8.4.redsleeve.armv6hl.rpm                                   112 kB/s | 245 kB     00:02    
DEBUG util.py:445:  (128/213): systemd-rpm-macros-252-67.el9_8.4.redsleeve.noarch.rpm                              22 kB/s |  46 kB     00:02    
DEBUG util.py:445:  (129/213): tar-1.34-11.el9.armv6hl.rpm                                                        294 kB/s | 871 kB     00:02    
DEBUG util.py:445:  (130/213): systemd-252-67.el9_8.4.redsleeve.armv6hl.rpm                                       573 kB/s | 3.9 MB     00:06    
DEBUG util.py:445:  (131/213): tzdata-2026b-1.el9_8.noarch.rpm                                                    179 kB/s | 497 kB     00:02    
DEBUG util.py:445:  (132/213): unzip-6.0-60.el9_8.armv6hl.rpm                                                     150 kB/s | 181 kB     00:01    
DEBUG util.py:445:  (133/213): util-linux-core-2.37.4-25.el9.armv6hl.rpm                                          280 kB/s | 430 kB     00:01    
DEBUG util.py:445:  (134/213): which-2.21-30.el9.armv6hl.rpm                                                       17 kB/s |  39 kB     00:02    
DEBUG util.py:445:  (135/213): util-linux-2.37.4-25.el9.armv6hl.rpm                                               675 kB/s | 2.2 MB     00:03    
DEBUG util.py:445:  (136/213): xz-5.2.5-8.el9.armv6hl.rpm                                                         125 kB/s | 217 kB     00:01    
DEBUG util.py:445:  (137/213): xz-libs-5.2.5-8.el9.armv6hl.rpm                                                     97 kB/s |  85 kB     00:00    
DEBUG util.py:445:  (138/213): zlib-1.2.11-40.el9.armv6hl.rpm                                                     243 kB/s |  87 kB     00:00    
DEBUG util.py:445:  (139/213): zip-3.0-35.el9.armv6hl.rpm                                                         300 kB/s | 264 kB     00:00    
DEBUG util.py:445:  (140/213): zstd-1.5.5-1.el9.armv6hl.rpm                                                       402 kB/s | 351 kB     00:00    
DEBUG util.py:445:  (141/213): debugedit-5.0-11.el9.armv6hl.rpm                                                   116 kB/s |  76 kB     00:00    
DEBUG util.py:445:  (142/213): dwz-0.16-1.el9.armv6hl.rpm                                                         330 kB/s | 135 kB     00:00    
DEBUG util.py:445:  (143/213): ghc-srpm-macros-1.5.0-6.el9.noarch.rpm                                              16 kB/s | 7.5 kB     00:00    
DEBUG util.py:445:  (144/213): go-srpm-macros-3.8.1-1.el9.redsleeve.noarch.rpm                                     24 kB/s |  27 kB     00:01    
DEBUG util.py:445:  (145/213): kernel-srpm-macros-1.0-14.el9.noarch.rpm                                           9.4 kB/s |  14 kB     00:01    
DEBUG util.py:445:  (146/213): lua-srpm-macros-1-6.el9.noarch.rpm                                                 7.2 kB/s | 8.3 kB     00:01    
DEBUG util.py:445:  (147/213): ocaml-srpm-macros-6-6.el9.noarch.rpm                                               6.6 kB/s | 7.6 kB     00:01    
DEBUG util.py:445:  (148/213): openblas-srpm-macros-2-11.el9.redsleeve.noarch.rpm                                 5.1 kB/s | 7.1 kB     00:01    
DEBUG util.py:445:  (149/213): gdb-minimal-16.3-3.el9.armv6hl.rpm                                                 870 kB/s | 4.1 MB     00:04    
DEBUG util.py:445:  (150/213): perl-AutoLoader-5.74-483.el9.noarch.rpm                                             23 kB/s |  20 kB     00:00    
DEBUG util.py:445:  (151/213): patch-2.7.6-16.el9.armv6hl.rpm                                                      80 kB/s | 137 kB     00:01    
DEBUG util.py:445:  (152/213): perl-Class-Struct-0.66-483.el9.noarch.rpm                                           79 kB/s |  20 kB     00:00    
DEBUG util.py:445:  (153/213): perl-B-1.80-483.el9.armv6hl.rpm                                                    486 kB/s | 177 kB     00:00    
DEBUG util.py:445:  (154/213): perl-Carp-1.50-460.el9.noarch.rpm                                                   78 kB/s |  28 kB     00:00    
DEBUG util.py:445:  (155/213): perl-Data-Dumper-2.174-462.el9.armv6hl.rpm                                         256 kB/s |  53 kB     00:00    
DEBUG util.py:445:  (156/213): perl-Digest-1.19-4.el9.noarch.rpm                                                  142 kB/s |  25 kB     00:00    
DEBUG util.py:445:  (157/213): perl-Digest-MD5-2.58-4.el9.armv6hl.rpm                                             170 kB/s |  35 kB     00:00    
DEBUG util.py:445:  (158/213): perl-Errno-1.30-483.el9.armv6hl.rpm                                                 16 kB/s |  13 kB     00:00    
DEBUG util.py:445:  (159/213): perl-Exporter-5.74-461.el9.noarch.rpm                                               36 kB/s |  31 kB     00:00    
DEBUG util.py:445:  (160/213): perl-Encode-3.08-462.el9.armv6hl.rpm                                               831 kB/s | 1.2 MB     00:01    
DEBUG util.py:445:  (161/213): perl-File-Basename-2.85-483.el9.noarch.rpm                                          29 kB/s |  16 kB     00:00    
DEBUG util.py:445:  (162/213): perl-File-Path-2.18-4.el9.noarch.rpm                                               177 kB/s |  35 kB     00:00    
DEBUG util.py:445:  (163/213): perl-File-Temp-0.231.100-4.el9.noarch.rpm                                          243 kB/s |  59 kB     00:00    
DEBUG util.py:445:  (164/213): perl-File-stat-1.09-483.el9.noarch.rpm                                              69 kB/s |  16 kB     00:00    
DEBUG util.py:445:  (165/213): perl-FileHandle-2.03-483.el9.noarch.rpm                                             77 kB/s |  14 kB     00:00    
DEBUG util.py:445:  (166/213): perl-Getopt-Long-2.52-4.el9.noarch.rpm                                             279 kB/s |  59 kB     00:00    
DEBUG util.py:445:  (167/213): perl-Getopt-Std-1.12-483.el9.noarch.rpm                                             65 kB/s |  14 kB     00:00    
DEBUG util.py:445:  (168/213): perl-HTTP-Tiny-0.076-462.el9.noarch.rpm                                            183 kB/s |  53 kB     00:00    
DEBUG util.py:445:  (169/213): perl-IO-1.43-483.el9.armv6hl.rpm                                                   238 kB/s |  84 kB     00:00    
DEBUG util.py:445:  (170/213): perl-IO-Socket-IP-0.41-5.el9.noarch.rpm                                            157 kB/s |  41 kB     00:00    
DEBUG util.py:445:  (171/213): perl-Fcntl-1.13-483.el9.armv6hl.rpm                                                 10 kB/s |  18 kB     00:01    
DEBUG util.py:445:  (172/213): perl-IO-Socket-SSL-2.073-2.el9.noarch.rpm                                          524 kB/s | 214 kB     00:00    
DEBUG util.py:445:  (173/213): perl-MIME-Base64-3.16-4.el9.armv6hl.rpm                                             78 kB/s |  30 kB     00:00    
DEBUG util.py:445:  (174/213): perl-Mozilla-CA-20200520-6.el9.noarch.rpm                                           62 kB/s |  12 kB     00:00    
DEBUG util.py:445:  (175/213): perl-IPC-Open3-1.21-483.el9.noarch.rpm                                              50 kB/s |  21 kB     00:00    
DEBUG util.py:445:  (176/213): perl-NDBM_File-1.15-483.el9.armv6hl.rpm                                            113 kB/s |  20 kB     00:00    
DEBUG util.py:445:  (177/213): perl-POSIX-1.94-483.el9.armv6hl.rpm                                                201 kB/s |  93 kB     00:00    
DEBUG util.py:445:  (178/213): perl-Net-SSLeay-1.94-3.el9.armv6hl.rpm                                             610 kB/s | 371 kB     00:00    
DEBUG util.py:445:  (179/213): perl-PathTools-3.78-461.el9.armv6hl.rpm                                            167 kB/s |  84 kB     00:00    
DEBUG util.py:445:  (180/213): perl-Pod-Escapes-1.07-460.el9.noarch.rpm                                            52 kB/s |  19 kB     00:00    
DEBUG util.py:445:  (181/213): perl-Pod-Simple-3.42-4.el9.noarch.rpm                                              509 kB/s | 215 kB     00:00    
DEBUG util.py:445:  (182/213): perl-Pod-Perldoc-3.28.01-461.el9.noarch.rpm                                        162 kB/s |  83 kB     00:00    
DEBUG util.py:445:  (183/213): perl-SelectSaver-1.02-483.el9.noarch.rpm                                            43 kB/s |  10 kB     00:00    
DEBUG util.py:445:  (184/213): perl-Scalar-List-Utils-1.56-462.el9.armv6hl.rpm                                    211 kB/s |  68 kB     00:00    
DEBUG util.py:445:  (185/213): perl-Pod-Usage-2.01-4.el9.noarch.rpm                                                67 kB/s |  40 kB     00:00    
DEBUG util.py:445:  (186/213): perl-Symbol-1.08-483.el9.noarch.rpm                                                 83 kB/s |  13 kB     00:00    
DEBUG util.py:445:  (187/213): perl-Storable-3.21-460.el9.armv6hl.rpm                                             311 kB/s |  87 kB     00:00    
DEBUG util.py:445:  (188/213): perl-Socket-2.031-4.el9.armv6hl.rpm                                                137 kB/s |  53 kB     00:00    
DEBUG util.py:445:  (189/213): perl-Term-ANSIColor-5.01-461.el9.noarch.rpm                                        235 kB/s |  48 kB     00:00    
DEBUG util.py:445:  (190/213): perl-Term-Cap-1.17-460.el9.noarch.rpm                                               85 kB/s |  21 kB     00:00    
DEBUG util.py:445:  (191/213): perl-Text-ParseWords-3.30-460.el9.noarch.rpm                                        73 kB/s |  16 kB     00:00    
DEBUG util.py:445:  (192/213): perl-Text-Tabs+Wrap-2013.0523-460.el9.noarch.rpm                                   127 kB/s |  22 kB     00:00    
DEBUG util.py:445:  (193/213): perl-base-2.27-483.el9.noarch.rpm                                                   88 kB/s |  15 kB     00:00    
DEBUG util.py:445:  (194/213): perl-Time-Local-1.300-7.el9.noarch.rpm                                             114 kB/s |  33 kB     00:00    
DEBUG util.py:445:  (195/213): perl-URI-5.09-3.el9.noarch.rpm                                                     336 kB/s | 108 kB     00:00    
DEBUG util.py:445:  (196/213): perl-if-0.60.800-483.el9.noarch.rpm                                                 55 kB/s |  12 kB     00:00    
DEBUG util.py:445:  (197/213): perl-interpreter-5.32.1-483.el9.armv6hl.rpm                                        273 kB/s |  69 kB     00:00    
DEBUG util.py:445:  (198/213): perl-constant-1.33-461.el9.noarch.rpm                                               53 kB/s |  22 kB     00:00    
DEBUG util.py:445:  (199/213): perl-libnet-3.13-4.el9.noarch.rpm                                                   88 kB/s | 125 kB     00:01    
DEBUG util.py:445:  (200/213): perl-mro-1.23-483.el9.armv6hl.rpm                                                   19 kB/s |  25 kB     00:01    
DEBUG util.py:445:  (201/213): perl-libs-5.32.1-483.el9.armv6hl.rpm                                               828 kB/s | 2.0 MB     00:02    
DEBUG util.py:445:  (202/213): perl-overloading-0.02-483.el9.noarch.rpm                                            11 kB/s |  11 kB     00:01    
DEBUG util.py:445:  (203/213): perl-overload-1.31-483.el9.noarch.rpm                                               40 kB/s |  44 kB     00:01    
DEBUG util.py:445:  (204/213): perl-srpm-macros-1-41.el9.noarch.rpm                                                50 kB/s | 7.9 kB     00:00    
DEBUG util.py:445:  (205/213): perl-podlators-4.14-460.el9.noarch.rpm                                             389 kB/s | 111 kB     00:00    
DEBUG util.py:445:  (206/213): perl-parent-0.238-460.el9.noarch.rpm                                                44 kB/s |  14 kB     00:00    
DEBUG util.py:445:  (207/213): perl-subs-1.03-483.el9.noarch.rpm                                                   69 kB/s |  10 kB     00:00    
DEBUG util.py:445:  (208/213): pyproject-srpm-macros-1.18.5-1.el9.noarch.rpm                                       73 kB/s |  12 kB     00:00    
DEBUG util.py:445:  (209/213): perl-vars-1.05-483.el9.noarch.rpm                                                   59 kB/s |  11 kB     00:00    
DEBUG util.py:445:  (210/213): python-srpm-macros-3.9-54.el9.noarch.rpm                                            96 kB/s |  16 kB     00:00    
DEBUG util.py:445:  (211/213): rust-srpm-macros-17-4.el9.redsleeve.noarch.rpm                                      65 kB/s | 8.6 kB     00:00    
DEBUG util.py:445:  (212/213): qt5-srpm-macros-5.15.9-1.el9.noarch.rpm                                             45 kB/s | 7.6 kB     00:00    
DEBUG util.py:445:  (213/213): redhat-rpm-config-210-1.el9.redsleeve.noarch.rpm                                   278 kB/s |  64 kB     00:00    
DEBUG util.py:445:  ------------------------------------------------------------------------------------------------------------------------------
DEBUG util.py:445:  Total                                                                                         881 kB/s |  66 MB     01:16     
DEBUG util.py:445:  RedSleeve-9 - BaseOS                                                                          2.4 MB/s | 2.4 kB     00:00    
DEBUG util.py:443:  Importing GPG key 0x2F00D701:
DEBUG util.py:443:   Userid     : "Jacco Ligthart (RPM-GPG-KEY-redsleeve-9) <jacco@redsleeve.org>"
DEBUG util.py:443:   Fingerprint: 7DD3 1638 FEAB 8AED 44FA E2B1 28B9 4253 2F00 D701
DEBUG util.py:443:   From       : /etc/pki/rpm-gpg/RPM-GPG-KEY-redsleeve-9
DEBUG util.py:445:  Key imported successfully
DEBUG util.py:445:  Running transaction check
DEBUG util.py:445:  Transaction check succeeded.
DEBUG util.py:445:  Running transaction test
DEBUG util.py:445:  Transaction test succeeded.
DEBUG util.py:445:  Running transaction
DEBUG util.py:445:    Running scriptlet: filesystem-3.16-5.el9.armv6hl                                                                        1/1 
DEBUG util.py:445:    Preparing        :                                                                                                      1/1 
DEBUG util.py:445:    Installing       : rust-srpm-macros-17-4.el9.redsleeve.noarch                                                         1/213 
DEBUG util.py:445:    Installing       : qt5-srpm-macros-5.15.9-1.el9.noarch                                                                2/213 
DEBUG util.py:445:    Installing       : perl-srpm-macros-1-41.el9.noarch                                                                   3/213 
DEBUG util.py:445:    Installing       : openblas-srpm-macros-2-11.el9.redsleeve.noarch                                                     4/213 
DEBUG util.py:445:    Installing       : ocaml-srpm-macros-6-6.el9.noarch                                                                   5/213 
DEBUG util.py:445:    Installing       : ghc-srpm-macros-1.5.0-6.el9.noarch                                                                 6/213 
DEBUG util.py:445:    Installing       : tzdata-2026b-1.el9_8.noarch                                                                        7/213 
DEBUG util.py:445:    Installing       : publicsuffix-list-dafsa-20210518-3.el9.noarch                                                      8/213 
DEBUG util.py:445:    Installing       : pkgconf-m4-1.7.3-10.el9.noarch                                                                     9/213 
DEBUG util.py:445:    Installing       : pcre2-syntax-10.40-6.el9.noarch                                                                   10/213 
DEBUG util.py:445:    Installing       : ncurses-base-6.2-12.20210508.el9.noarch                                                           11/213 
DEBUG util.py:445:    Installing       : libssh-config-0.10.4-18.el9.noarch                                                                12/213 
DEBUG util.py:445:    Installing       : gawk-all-langpacks-5.1.0-6.el9.armv6hl                                                            13/213 
DEBUG util.py:445:    Installing       : coreutils-common-8.32-41.el9_8.armv6hl                                                            14/213 
DEBUG util.py:445:    Installing       : ncurses-libs-6.2-12.20210508.el9.armv6hl                                                          15/213 
DEBUG util.py:445:    Installing       : redsleeve-release-9.8-0.el9.noarch                                                                16/213 
DEBUG util.py:445:    Installing       : setup-2.13.7-10.el9.noarch                                                                        17/213 
DEBUG util.py:445:  warning: /etc/hosts created as /etc/hosts.rpmnew
DEBUG util.py:445:    Running scriptlet: setup-2.13.7-10.el9.noarch                                                                        17/213 
DEBUG util.py:445:    Installing       : filesystem-3.16-5.el9.armv6hl                                                                     18/213 
DEBUG util.py:445:    Installing       : basesystem-11-13.el9.0.1.noarch                                                                   19/213 
DEBUG util.py:445:    Installing       : bash-5.1.8-9.el9.armv6hl                                                                          20/213 
DEBUG util.py:445:    Running scriptlet: bash-5.1.8-9.el9.armv6hl                                                                          20/213 
DEBUG util.py:445:    Installing       : libgcc-11.5.0-14.el9.redsleeve.armv6hl                                                            21/213 
DEBUG util.py:445:    Running scriptlet: libgcc-11.5.0-14.el9.redsleeve.armv6hl                                                            21/213 
DEBUG util.py:445:    Installing       : glibc-gconv-extra-2.34-275.el9_8.redsleeve.armv6hl                                                22/213 
DEBUG util.py:445:    Running scriptlet: glibc-gconv-extra-2.34-275.el9_8.redsleeve.armv6hl                                                22/213 
DEBUG util.py:445:    Installing       : glibc-minimal-langpack-2.34-275.el9_8.redsleeve.armv6hl                                           23/213 
DEBUG util.py:445:    Installing       : glibc-common-2.34-275.el9_8.redsleeve.armv6hl                                                     24/213 
DEBUG util.py:445:    Running scriptlet: glibc-2.34-275.el9_8.redsleeve.armv6hl                                                            25/213 
DEBUG util.py:445:    Installing       : glibc-2.34-275.el9_8.redsleeve.armv6hl                                                            25/213 
DEBUG util.py:445:    Running scriptlet: glibc-2.34-275.el9_8.redsleeve.armv6hl                                                            25/213 
DEBUG util.py:445:    Installing       : crypto-policies-20260224-1.gitea0f072.el9.noarch                                                  26/213 
DEBUG util.py:445:    Running scriptlet: crypto-policies-20260224-1.gitea0f072.el9.noarch                                                  26/213 
DEBUG util.py:445:    Installing       : systemd-rpm-macros-252-67.el9_8.4.redsleeve.noarch                                                27/213 
DEBUG util.py:445:    Installing       : zlib-1.2.11-40.el9.armv6hl                                                                        28/213 
DEBUG util.py:445:    Installing       : xz-libs-5.2.5-8.el9.armv6hl                                                                       29/213 
DEBUG util.py:445:    Installing       : bzip2-libs-1.0.8-11.el9.armv6hl                                                                   30/213 
DEBUG util.py:445:    Installing       : libacl-2.4.0-1.el9_8.armv6hl                                                                      31/213 
DEBUG util.py:445:    Installing       : libzstd-1.5.5-1.el9.armv6hl                                                                       32/213 
DEBUG util.py:445:    Installing       : libxcrypt-4.4.18-3.el9.armv6hl                                                                    33/213 
DEBUG util.py:445:    Installing       : elfutils-libelf-0.194-1.el9.rocky.0.1.armv6hl                                                     34/213 
DEBUG util.py:445:    Installing       : libcap-2.48-10.el9.1.armv6hl                                                                      35/213 
DEBUG util.py:445:    Installing       : libstdc++-11.5.0-14.el9.redsleeve.armv6hl                                                         36/213 
DEBUG util.py:445:    Installing       : libuuid-2.37.4-25.el9.armv6hl                                                                     37/213 
DEBUG util.py:445:    Installing       : gmp-1:6.2.0-13.el9.armv6hl                                                                        38/213 
DEBUG util.py:445:    Installing       : lz4-libs-1.9.3-5.el9.armv6hl                                                                      39/213 
DEBUG util.py:445:    Installing       : popt-1.18-8.el9.armv6hl                                                                           40/213 
DEBUG util.py:445:    Installing       : libattr-2.5.1-3.el9.armv6hl                                                                       41/213 
DEBUG util.py:445:    Installing       : libcap-ng-0.8.2-7.el9.armv6hl                                                                     42/213 
DEBUG util.py:445:    Installing       : audit-libs-3.1.5-8.el9.armv6hl                                                                    43/213 
DEBUG util.py:445:    Installing       : libcom_err-1.46.5-8.el9.armv6hl                                                                   44/213 
DEBUG util.py:445:    Installing       : readline-8.1-4.el9.armv6hl                                                                        45/213 
DEBUG util.py:445:    Installing       : mpfr-4.1.0-10.el9.armv6hl                                                                         46/213 
DEBUG util.py:445:    Installing       : dwz-0.16-1.el9.armv6hl                                                                            47/213 
DEBUG util.py:445:    Installing       : unzip-6.0-60.el9_8.armv6hl                                                                        48/213 
DEBUG util.py:445:    Installing       : file-libs-5.39-17.el9.armv6hl                                                                     49/213 
DEBUG util.py:445:    Installing       : file-5.39-17.el9.armv6hl                                                                          50/213 
DEBUG util.py:445:    Installing       : sqlite-libs-3.34.1-10.el9_8.armv6hl                                                               51/213 
DEBUG util.py:445:    Installing       : alternatives-1.24-2.el9.armv6hl                                                                   52/213 
DEBUG util.py:445:    Installing       : gdbm-libs-1:1.23-1.el9.armv6hl                                                                    53/213 
DEBUG util.py:445:    Installing       : libatomic-11.5.0-14.el9.redsleeve.armv6hl                                                         54/213 
DEBUG util.py:445:    Installing       : libffi-3.4.2-8.el9.armv6hl                                                                        55/213 
DEBUG util.py:445:    Installing       : libsepol-3.6-3.el9.armv6hl                                                                        56/213 
DEBUG util.py:445:    Installing       : libsigsegv-2.13-4.el9.armv6hl                                                                     57/213 
DEBUG util.py:445:    Installing       : gawk-5.1.0-6.el9.armv6hl                                                                          58/213 
DEBUG util.py:445:    Installing       : libsmartcols-2.37.4-25.el9.armv6hl                                                                59/213 
DEBUG util.py:445:    Installing       : libtasn1-4.16.0-10.el9_8.redsleeve.armv6hl                                                        60/213 
DEBUG util.py:445:    Installing       : p11-kit-0.26.4-1.el9_8.armv6hl                                                                    61/213 
DEBUG util.py:445:    Installing       : libunistring-0.9.10-15.el9.armv6hl                                                                62/213 
DEBUG util.py:445:    Installing       : libidn2-2.3.0-7.el9.armv6hl                                                                       63/213 
DEBUG util.py:445:    Installing       : lua-libs-5.4.4-4.el9.armv6hl                                                                      64/213 
DEBUG util.py:445:    Installing       : pcre2-10.40-6.el9.armv6hl                                                                         65/213 
DEBUG util.py:445:    Installing       : libselinux-3.6-3.el9.armv6hl                                                                      66/213 
DEBUG util.py:445:    Installing       : sed-4.8-10.el9_8.armv6hl                                                                          67/213 
DEBUG util.py:445:    Installing       : findutils-1:4.8.0-7.el9.armv6hl                                                                   68/213 
DEBUG util.py:445:    Installing       : libsemanage-3.6-5.el9.armv6hl                                                                     69/213 
DEBUG util.py:445:    Installing       : shadow-utils-2:4.9-16.el9.armv6hl                                                                 70/213 
DEBUG util.py:445:    Running scriptlet: libutempter-1.2.1-6.el9.armv6hl                                                                   71/213 
DEBUG util.py:445:    Installing       : libutempter-1.2.1-6.el9.armv6hl                                                                   71/213 
DEBUG util.py:445:    Installing       : tar-2:1.34-11.el9.armv6hl                                                                         72/213 
DEBUG util.py:445:    Installing       : libpsl-0.21.1-5.el9.armv6hl                                                                       73/213 
DEBUG util.py:445:    Installing       : p11-kit-trust-0.26.4-1.el9_8.armv6hl                                                              74/213 
DEBUG util.py:445:    Running scriptlet: p11-kit-trust-0.26.4-1.el9_8.armv6hl                                                              74/213 
DEBUG util.py:445:    Installing       : zip-3.0-35.el9.armv6hl                                                                            75/213 
DEBUG util.py:445:    Installing       : zstd-1.5.5-1.el9.armv6hl                                                                          76/213 
DEBUG util.py:445:    Running scriptlet: groff-base-1.22.4-10.el9.armv6hl                                                                  77/213 
DEBUG util.py:445:    Installing       : groff-base-1.22.4-10.el9.armv6hl                                                                  77/213 
DEBUG util.py:445:    Running scriptlet: groff-base-1.22.4-10.el9.armv6hl                                                                  77/213 
DEBUG util.py:445:    Installing       : acl-2.4.0-1.el9_8.armv6hl                                                                         78/213 
DEBUG util.py:445:    Installing       : bzip2-1.0.8-11.el9.armv6hl                                                                        79/213 
DEBUG util.py:445:    Installing       : libxml2-2.9.13-14.el9_8.2.armv6hl                                                                 80/213 
DEBUG util.py:445:    Installing       : info-6.7-15.el9.armv6hl                                                                           81/213 
DEBUG util.py:445:    Installing       : ed-1.14.2-12.el9.armv6hl                                                                          82/213 
DEBUG util.py:445:    Installing       : patch-2.7.6-16.el9.armv6hl                                                                        83/213 
DEBUG util.py:445:    Installing       : cpio-2.13-16.el9.armv6hl                                                                          84/213 
DEBUG util.py:445:    Installing       : diffutils-3.7-12.el9.armv6hl                                                                      85/213 
DEBUG util.py:445:    Installing       : expat-2.5.0-6.el9_8.1.armv6hl                                                                     86/213 
DEBUG util.py:445:    Installing       : json-c-0.14-11.el9.armv6hl                                                                        87/213 
DEBUG util.py:445:    Installing       : keyutils-libs-1.6.3-1.el9.armv6hl                                                                 88/213 
DEBUG util.py:445:    Installing       : libbrotli-1.0.9-9.el9.armv6hl                                                                     89/213 
DEBUG util.py:445:    Installing       : libdb-5.3.28-57.el9.armv6hl                                                                       90/213 
DEBUG util.py:445:    Installing       : libeconf-0.4.1-7.el9_8.armv6hl                                                                    91/213 
DEBUG util.py:445:    Installing       : libgomp-11.5.0-14.el9.redsleeve.armv6hl                                                           92/213 
DEBUG util.py:445:    Installing       : libgpg-error-1.42-5.el9.armv6hl                                                                   93/213 
DEBUG util.py:445:    Installing       : libgcrypt-1.10.0-13.el9_8.armv6hl                                                                 94/213 
DEBUG util.py:445:    Installing       : libnghttp2-1.43.0-6.el9.1.armv6hl                                                                 95/213 
DEBUG util.py:445:    Installing       : libpkgconf-1.7.3-10.el9.armv6hl                                                                   96/213 
DEBUG util.py:445:    Installing       : pkgconf-1.7.3-10.el9.armv6hl                                                                      97/213 
DEBUG util.py:445:    Installing       : pkgconf-pkg-config-1.7.3-10.el9.armv6hl                                                           98/213 
DEBUG util.py:445:    Installing       : libseccomp-2.5.2-2.el9.redsleeve.armv6hl                                                          99/213 
DEBUG util.py:445:    Installing       : libtool-ltdl-2.4.6-46.el9.armv6hl                                                                100/213 
DEBUG util.py:445:    Installing       : libverto-0.3.2-3.el9.armv6hl                                                                     101/213 
DEBUG util.py:445:    Installing       : ncurses-6.2-12.20210508.el9.armv6hl                                                              102/213 
DEBUG util.py:445:    Installing       : pcre-8.44-4.el9.armv6hl                                                                          103/213 
DEBUG util.py:445:    Installing       : grep-3.6-5.el9.armv6hl                                                                           104/213 
DEBUG util.py:445:    Installing       : openssl-fips-provider-1:3.5.5-6.el9_8.armv6hl                                                    105/213 
DEBUG util.py:445:    Installing       : openssl-libs-1:3.5.5-6.el9_8.armv6hl                                                             106/213 
DEBUG util.py:445:    Installing       : coreutils-8.32-41.el9_8.armv6hl                                                                  107/213 
DEBUG util.py:445:    Running scriptlet: ca-certificates-2025.2.80_v9.0.305-91.el9.noarch                                                 108/213 
DEBUG util.py:445:    Installing       : ca-certificates-2025.2.80_v9.0.305-91.el9.noarch                                                 108/213 
DEBUG util.py:445:    Running scriptlet: ca-certificates-2025.2.80_v9.0.305-91.el9.noarch                                                 108/213 
DEBUG util.py:445:    Installing       : libblkid-2.37.4-25.el9.armv6hl                                                                   109/213 
DEBUG util.py:445:    Running scriptlet: libblkid-2.37.4-25.el9.armv6hl                                                                   109/213 
DEBUG util.py:445:    Installing       : systemd-libs-252-67.el9_8.4.redsleeve.armv6hl                                                    110/213 
DEBUG util.py:445:    Running scriptlet: systemd-libs-252-67.el9_8.4.redsleeve.armv6hl                                                    110/213 
DEBUG util.py:445:    Installing       : libmount-2.37.4-25.el9.armv6hl                                                                   111/213 
DEBUG util.py:445:    Installing       : krb5-libs-1.21.1-10.el9_8.armv6hl                                                                112/213 
DEBUG util.py:445:    Installing       : libfdisk-2.37.4-25.el9.armv6hl                                                                   113/213 
DEBUG util.py:445:    Installing       : gzip-1.12-1.el9.armv6hl                                                                          114/213 
DEBUG util.py:445:    Installing       : cracklib-2.9.6-28.el9.armv6hl                                                                    115/213 
DEBUG util.py:445:    Installing       : libarchive-3.5.3-9.el9.armv6hl                                                                   116/213 
DEBUG util.py:445:    Installing       : xz-5.2.5-8.el9.armv6hl                                                                           117/213 
DEBUG util.py:445:    Installing       : cracklib-dicts-2.9.6-28.el9.armv6hl                                                              118/213 
DEBUG util.py:445:    Installing       : perl-Digest-1.19-4.el9.noarch                                                                    119/213 
DEBUG util.py:445:    Installing       : perl-Digest-MD5-2.58-4.el9.armv6hl                                                               120/213 
DEBUG util.py:445:    Installing       : perl-B-1.80-483.el9.armv6hl                                                                      121/213 
DEBUG util.py:445:    Installing       : perl-FileHandle-2.03-483.el9.noarch                                                              122/213 
DEBUG util.py:445:    Installing       : perl-Data-Dumper-2.174-462.el9.armv6hl                                                           123/213 
DEBUG util.py:445:    Installing       : perl-libnet-3.13-4.el9.noarch                                                                    124/213 
DEBUG util.py:445:    Installing       : perl-AutoLoader-5.74-483.el9.noarch                                                              125/213 
DEBUG util.py:445:    Installing       : perl-base-2.27-483.el9.noarch                                                                    126/213 
DEBUG util.py:445:    Installing       : perl-URI-5.09-3.el9.noarch                                                                       127/213 
DEBUG util.py:445:    Installing       : perl-if-0.60.800-483.el9.noarch                                                                  128/213 
DEBUG util.py:445:    Installing       : perl-IO-Socket-IP-0.41-5.el9.noarch                                                              129/213 
DEBUG util.py:445:    Installing       : perl-Time-Local-2:1.300-7.el9.noarch                                                             130/213 
DEBUG util.py:445:    Installing       : perl-File-Path-2.18-4.el9.noarch                                                                 131/213 
DEBUG util.py:445:    Installing       : perl-IO-Socket-SSL-2.073-2.el9.noarch                                                            132/213 
DEBUG util.py:445:    Installing       : perl-Net-SSLeay-1.94-3.el9.armv6hl                                                               133/213 
DEBUG util.py:445:    Installing       : perl-Pod-Escapes-1:1.07-460.el9.noarch                                                           134/213 
DEBUG util.py:445:    Installing       : perl-Text-Tabs+Wrap-2013.0523-460.el9.noarch                                                     135/213 
DEBUG util.py:445:    Installing       : perl-Mozilla-CA-20200520-6.el9.noarch                                                            136/213 
DEBUG util.py:445:    Installing       : perl-Class-Struct-0.66-483.el9.noarch                                                            137/213 
DEBUG util.py:445:    Installing       : perl-POSIX-1.94-483.el9.armv6hl                                                                  138/213 
DEBUG util.py:445:    Installing       : perl-Term-ANSIColor-5.01-461.el9.noarch                                                          139/213 
DEBUG util.py:445:    Installing       : perl-IPC-Open3-1.21-483.el9.noarch                                                               140/213 
DEBUG util.py:445:    Installing       : perl-subs-1.03-483.el9.noarch                                                                    141/213 
DEBUG util.py:445:    Installing       : perl-File-Temp-1:0.231.100-4.el9.noarch                                                          142/213 
DEBUG util.py:445:    Installing       : perl-Term-Cap-1.17-460.el9.noarch                                                                143/213 
DEBUG util.py:445:    Installing       : perl-Pod-Simple-1:3.42-4.el9.noarch                                                              144/213 
DEBUG util.py:445:    Installing       : perl-HTTP-Tiny-0.076-462.el9.noarch                                                              145/213 
DEBUG util.py:445:    Installing       : perl-Socket-4:2.031-4.el9.armv6hl                                                                146/213 
DEBUG util.py:445:    Installing       : perl-SelectSaver-1.02-483.el9.noarch                                                             147/213 
DEBUG util.py:445:    Installing       : perl-Symbol-1.08-483.el9.noarch                                                                  148/213 
DEBUG util.py:445:    Installing       : perl-File-stat-1.09-483.el9.noarch                                                               149/213 
DEBUG util.py:445:    Installing       : perl-podlators-1:4.14-460.el9.noarch                                                             150/213 
DEBUG util.py:445:    Installing       : perl-Pod-Perldoc-3.28.01-461.el9.noarch                                                          151/213 
DEBUG util.py:445:    Installing       : perl-Fcntl-1.13-483.el9.armv6hl                                                                  152/213 
DEBUG util.py:445:    Installing       : perl-Text-ParseWords-3.30-460.el9.noarch                                                         153/213 
DEBUG util.py:445:    Installing       : perl-mro-1.23-483.el9.armv6hl                                                                    154/213 
DEBUG util.py:445:    Installing       : perl-IO-1.43-483.el9.armv6hl                                                                     155/213 
DEBUG util.py:445:    Installing       : perl-overloading-0.02-483.el9.noarch                                                             156/213 
DEBUG util.py:445:    Installing       : perl-Pod-Usage-4:2.01-4.el9.noarch                                                               157/213 
DEBUG util.py:445:    Installing       : perl-Errno-1.30-483.el9.armv6hl                                                                  158/213 
DEBUG util.py:445:    Installing       : perl-File-Basename-2.85-483.el9.noarch                                                           159/213 
DEBUG util.py:445:    Installing       : perl-Getopt-Std-1.12-483.el9.noarch                                                              160/213 
DEBUG util.py:445:    Installing       : perl-MIME-Base64-3.16-4.el9.armv6hl                                                              161/213 
DEBUG util.py:445:    Installing       : perl-Scalar-List-Utils-4:1.56-462.el9.armv6hl                                                    162/213 
DEBUG util.py:445:    Installing       : perl-constant-1.33-461.el9.noarch                                                                163/213 
DEBUG util.py:445:    Installing       : perl-Storable-1:3.21-460.el9.armv6hl                                                             164/213 
DEBUG util.py:445:    Installing       : perl-overload-1.31-483.el9.noarch                                                                165/213 
DEBUG util.py:445:    Installing       : perl-parent-1:0.238-460.el9.noarch                                                               166/213 
DEBUG util.py:445:    Installing       : perl-vars-1.05-483.el9.noarch                                                                    167/213 
DEBUG util.py:445:    Installing       : perl-Getopt-Long-1:2.52-4.el9.noarch                                                             168/213 
DEBUG util.py:445:    Installing       : perl-Carp-1.50-460.el9.noarch                                                                    169/213 
DEBUG util.py:445:    Installing       : perl-Exporter-5.74-461.el9.noarch                                                                170/213 
DEBUG util.py:445:    Installing       : perl-NDBM_File-1.15-483.el9.armv6hl                                                              171/213 
DEBUG util.py:445:    Installing       : perl-PathTools-3.78-461.el9.armv6hl                                                              172/213 
DEBUG util.py:445:    Installing       : perl-Encode-4:3.08-462.el9.armv6hl                                                               173/213 
DEBUG util.py:445:    Installing       : perl-libs-4:5.32.1-483.el9.armv6hl                                                               174/213 
DEBUG util.py:445:    Installing       : perl-interpreter-4:5.32.1-483.el9.armv6hl                                                        175/213 
DEBUG util.py:445:    Installing       : kernel-srpm-macros-1.0-14.el9.noarch                                                             176/213 
DEBUG util.py:445:    Installing       : cyrus-sasl-lib-2.1.27-22.el9.armv6hl                                                             177/213 
DEBUG util.py:445:    Installing       : libssh-0.10.4-18.el9.armv6hl                                                                     178/213 
DEBUG util.py:445:    Installing       : util-linux-core-2.37.4-25.el9.armv6hl                                                            179/213 
DEBUG util.py:445:    Running scriptlet: util-linux-core-2.37.4-25.el9.armv6hl                                                            179/213 
DEBUG util.py:445:    Installing       : openssl-1:3.5.5-6.el9_8.armv6hl                                                                  180/213 
DEBUG util.py:445:    Installing       : libpwquality-1.4.4-8.el9.armv6hl                                                                 181/213 
DEBUG util.py:445:    Installing       : pam-1.5.1-28.el9.armv6hl                                                                         182/213 
DEBUG util.py:445:    Installing       : util-linux-2.37.4-25.el9.armv6hl                                                                 183/213 
DEBUG util.py:445:    Installing       : kmod-libs-28-11.el9.armv6hl                                                                      184/213 
DEBUG util.py:445:    Installing       : dbus-1:1.12.20-8.el9.armv6hl                                                                     185/213 
DEBUG util.py:445:    Installing       : systemd-pam-252-67.el9_8.4.redsleeve.armv6hl                                                     186/213 
DEBUG util.py:445:    Running scriptlet: systemd-252-67.el9_8.4.redsleeve.armv6hl                                                         187/213 
DEBUG util.py:445:    Installing       : systemd-252-67.el9_8.4.redsleeve.armv6hl                                                         187/213 
DEBUG util.py:445:    Running scriptlet: systemd-252-67.el9_8.4.redsleeve.armv6hl                                                         187/213 
DEBUG util.py:445:    Installing       : dbus-common-1:1.12.20-8.el9.noarch                                                               188/213 
DEBUG util.py:445:    Running scriptlet: dbus-common-1:1.12.20-8.el9.noarch                                                               188/213 
DEBUG util.py:445:  Created symlink /etc/systemd/system/sockets.target.wants/dbus.socket → /usr/lib/systemd/system/dbus.socket.
DEBUG util.py:445:    Installing       : dbus-broker-28-8.el9.armv6hl                                                                     189/213 
DEBUG util.py:445:    Running scriptlet: dbus-broker-28-8.el9.armv6hl                                                                     189/213 
DEBUG util.py:445:  Created symlink /etc/systemd/system/dbus.service → /usr/lib/systemd/system/dbus-broker.service.
DEBUG util.py:445:    Installing       : elfutils-default-yama-scope-0.194-1.el9.rocky.0.1.noarch                                         190/213 
DEBUG util.py:445:    Running scriptlet: elfutils-default-yama-scope-0.194-1.el9.rocky.0.1.noarch                                         190/213 
DEBUG util.py:445:    Installing       : elfutils-libs-0.194-1.el9.rocky.0.1.armv6hl                                                      191/213 
DEBUG util.py:445:    Installing       : libevent-2.1.12-8.el9.armv6hl                                                                    192/213 
DEBUG util.py:445:    Installing       : openldap-2.6.8-4.el9.0.1.armv6hl                                                                 193/213 
DEBUG util.py:445:    Installing       : libcurl-7.76.1-40.el9.armv6hl                                                                    194/213 
DEBUG util.py:445:    Installing       : elfutils-debuginfod-client-0.194-1.el9.rocky.0.1.armv6hl                                         195/213 
DEBUG util.py:445:    Installing       : binutils-gold-2.35.2-72.el9.redsleeve.armv6hl                                                    196/213 
DEBUG util.py:445:    Installing       : binutils-2.35.2-72.el9.redsleeve.armv6hl                                                         197/213 
DEBUG util.py:445:    Running scriptlet: binutils-2.35.2-72.el9.redsleeve.armv6hl                                                         197/213 
DEBUG util.py:445:    Installing       : elfutils-0.194-1.el9.rocky.0.1.armv6hl                                                           198/213 
DEBUG util.py:445:    Installing       : gdb-minimal-16.3-3.el9.armv6hl                                                                   199/213 
DEBUG util.py:445:    Installing       : debugedit-5.0-11.el9.armv6hl                                                                     200/213 
DEBUG util.py:445:    Installing       : curl-7.76.1-40.el9.armv6hl                                                                       201/213 
DEBUG util.py:445:    Installing       : rpm-4.16.1.3-40.el9.armv6hl                                                                      202/213 
DEBUG util.py:445:    Installing       : rpm-libs-4.16.1.3-40.el9.armv6hl                                                                 203/213 
DEBUG util.py:445:    Installing       : efi-srpm-macros-6-4.el9.noarch                                                                   204/213 
DEBUG util.py:445:    Installing       : lua-srpm-macros-1-6.el9.noarch                                                                   205/213 
DEBUG util.py:445:    Installing       : rpm-build-libs-4.16.1.3-40.el9.armv6hl                                                           206/213 
DEBUG util.py:445:    Installing       : fonts-srpm-macros-1:2.0.5-7.el9.1.noarch                                                         207/213 
DEBUG util.py:445:    Installing       : go-srpm-macros-3.8.1-1.el9.redsleeve.noarch                                                      208/213 
DEBUG util.py:445:    Installing       : python-srpm-macros-3.9-54.el9.noarch                                                             209/213 
DEBUG util.py:445:    Installing       : redhat-rpm-config-210-1.el9.redsleeve.noarch                                                     210/213 
DEBUG util.py:445:    Installing       : rpm-build-4.16.1.3-40.el9.armv6hl                                                                211/213 
DEBUG util.py:445:    Installing       : pyproject-srpm-macros-1.18.5-1.el9.noarch                                                        212/213 
DEBUG util.py:445:    Installing       : which-2.21-30.el9.armv6hl                                                                        213/213 
DEBUG util.py:445:    Running scriptlet: filesystem-3.16-5.el9.armv6hl                                                                    213/213 
DEBUG util.py:445:    Running scriptlet: ca-certificates-2025.2.80_v9.0.305-91.el9.noarch                                                 213/213 
DEBUG util.py:445:    Running scriptlet: rpm-4.16.1.3-40.el9.armv6hl                                                                      213/213 
DEBUG util.py:445:    Running scriptlet: which-2.21-30.el9.armv6hl                                                                        213/213 
DEBUG util.py:445:    Verifying        : acl-2.4.0-1.el9_8.armv6hl                                                                          1/213 
DEBUG util.py:445:    Verifying        : alternatives-1.24-2.el9.armv6hl                                                                    2/213 
DEBUG util.py:445:    Verifying        : audit-libs-3.1.5-8.el9.armv6hl                                                                     3/213 
DEBUG util.py:445:    Verifying        : basesystem-11-13.el9.0.1.noarch                                                                    4/213 
DEBUG util.py:445:    Verifying        : bash-5.1.8-9.el9.armv6hl                                                                           5/213 
DEBUG util.py:445:    Verifying        : binutils-2.35.2-72.el9.redsleeve.armv6hl                                                           6/213 
DEBUG util.py:445:    Verifying        : binutils-gold-2.35.2-72.el9.redsleeve.armv6hl                                                      7/213 
DEBUG util.py:445:    Verifying        : bzip2-1.0.8-11.el9.armv6hl                                                                         8/213 
DEBUG util.py:445:    Verifying        : bzip2-libs-1.0.8-11.el9.armv6hl                                                                    9/213 
DEBUG util.py:445:    Verifying        : ca-certificates-2025.2.80_v9.0.305-91.el9.noarch                                                  10/213 
DEBUG util.py:445:    Verifying        : coreutils-8.32-41.el9_8.armv6hl                                                                   11/213 
DEBUG util.py:445:    Verifying        : coreutils-common-8.32-41.el9_8.armv6hl                                                            12/213 
DEBUG util.py:445:    Verifying        : cpio-2.13-16.el9.armv6hl                                                                          13/213 
DEBUG util.py:445:    Verifying        : cracklib-2.9.6-28.el9.armv6hl                                                                     14/213 
DEBUG util.py:445:    Verifying        : cracklib-dicts-2.9.6-28.el9.armv6hl                                                               15/213 
DEBUG util.py:445:    Verifying        : crypto-policies-20260224-1.gitea0f072.el9.noarch                                                  16/213 
DEBUG util.py:445:    Verifying        : curl-7.76.1-40.el9.armv6hl                                                                        17/213 
DEBUG util.py:445:    Verifying        : cyrus-sasl-lib-2.1.27-22.el9.armv6hl                                                              18/213 
DEBUG util.py:445:    Verifying        : dbus-1:1.12.20-8.el9.armv6hl                                                                      19/213 
DEBUG util.py:445:    Verifying        : dbus-broker-28-8.el9.armv6hl                                                                      20/213 
DEBUG util.py:445:    Verifying        : dbus-common-1:1.12.20-8.el9.noarch                                                                21/213 
DEBUG util.py:445:    Verifying        : diffutils-3.7-12.el9.armv6hl                                                                      22/213 
DEBUG util.py:445:    Verifying        : ed-1.14.2-12.el9.armv6hl                                                                          23/213 
DEBUG util.py:445:    Verifying        : efi-srpm-macros-6-4.el9.noarch                                                                    24/213 
DEBUG util.py:445:    Verifying        : elfutils-0.194-1.el9.rocky.0.1.armv6hl                                                            25/213 
DEBUG util.py:445:    Verifying        : elfutils-debuginfod-client-0.194-1.el9.rocky.0.1.armv6hl                                          26/213 
DEBUG util.py:445:    Verifying        : elfutils-default-yama-scope-0.194-1.el9.rocky.0.1.noarch                                          27/213 
DEBUG util.py:445:    Verifying        : elfutils-libelf-0.194-1.el9.rocky.0.1.armv6hl                                                     28/213 
DEBUG util.py:445:    Verifying        : elfutils-libs-0.194-1.el9.rocky.0.1.armv6hl                                                       29/213 
DEBUG util.py:445:    Verifying        : expat-2.5.0-6.el9_8.1.armv6hl                                                                     30/213 
DEBUG util.py:445:    Verifying        : file-5.39-17.el9.armv6hl                                                                          31/213 
DEBUG util.py:445:    Verifying        : file-libs-5.39-17.el9.armv6hl                                                                     32/213 
DEBUG util.py:445:    Verifying        : filesystem-3.16-5.el9.armv6hl                                                                     33/213 
DEBUG util.py:445:    Verifying        : findutils-1:4.8.0-7.el9.armv6hl                                                                   34/213 
DEBUG util.py:445:    Verifying        : fonts-srpm-macros-1:2.0.5-7.el9.1.noarch                                                          35/213 
DEBUG util.py:445:    Verifying        : gawk-5.1.0-6.el9.armv6hl                                                                          36/213 
DEBUG util.py:445:    Verifying        : gawk-all-langpacks-5.1.0-6.el9.armv6hl                                                            37/213 
DEBUG util.py:445:    Verifying        : gdbm-libs-1:1.23-1.el9.armv6hl                                                                    38/213 
DEBUG util.py:445:    Verifying        : glibc-2.34-275.el9_8.redsleeve.armv6hl                                                            39/213 
DEBUG util.py:445:    Verifying        : glibc-common-2.34-275.el9_8.redsleeve.armv6hl                                                     40/213 
DEBUG util.py:445:    Verifying        : glibc-gconv-extra-2.34-275.el9_8.redsleeve.armv6hl                                                41/213 
DEBUG util.py:445:    Verifying        : glibc-minimal-langpack-2.34-275.el9_8.redsleeve.armv6hl                                           42/213 
DEBUG util.py:445:    Verifying        : gmp-1:6.2.0-13.el9.armv6hl                                                                        43/213 
DEBUG util.py:445:    Verifying        : grep-3.6-5.el9.armv6hl                                                                            44/213 
DEBUG util.py:445:    Verifying        : groff-base-1.22.4-10.el9.armv6hl                                                                  45/213 
DEBUG util.py:445:    Verifying        : gzip-1.12-1.el9.armv6hl                                                                           46/213 
DEBUG util.py:445:    Verifying        : info-6.7-15.el9.armv6hl                                                                           47/213 
DEBUG util.py:445:    Verifying        : json-c-0.14-11.el9.armv6hl                                                                        48/213 
DEBUG util.py:445:    Verifying        : keyutils-libs-1.6.3-1.el9.armv6hl                                                                 49/213 
DEBUG util.py:445:    Verifying        : kmod-libs-28-11.el9.armv6hl                                                                       50/213 
DEBUG util.py:445:    Verifying        : krb5-libs-1.21.1-10.el9_8.armv6hl                                                                 51/213 
DEBUG util.py:445:    Verifying        : libacl-2.4.0-1.el9_8.armv6hl                                                                      52/213 
DEBUG util.py:445:    Verifying        : libarchive-3.5.3-9.el9.armv6hl                                                                    53/213 
DEBUG util.py:445:    Verifying        : libatomic-11.5.0-14.el9.redsleeve.armv6hl                                                         54/213 
DEBUG util.py:445:    Verifying        : libattr-2.5.1-3.el9.armv6hl                                                                       55/213 
DEBUG util.py:445:    Verifying        : libblkid-2.37.4-25.el9.armv6hl                                                                    56/213 
DEBUG util.py:445:    Verifying        : libbrotli-1.0.9-9.el9.armv6hl                                                                     57/213 
DEBUG util.py:445:    Verifying        : libcap-2.48-10.el9.1.armv6hl                                                                      58/213 
DEBUG util.py:445:    Verifying        : libcap-ng-0.8.2-7.el9.armv6hl                                                                     59/213 
DEBUG util.py:445:    Verifying        : libcom_err-1.46.5-8.el9.armv6hl                                                                   60/213 
DEBUG util.py:445:    Verifying        : libcurl-7.76.1-40.el9.armv6hl                                                                     61/213 
DEBUG util.py:445:    Verifying        : libdb-5.3.28-57.el9.armv6hl                                                                       62/213 
DEBUG util.py:445:    Verifying        : libeconf-0.4.1-7.el9_8.armv6hl                                                                    63/213 
DEBUG util.py:445:    Verifying        : libevent-2.1.12-8.el9.armv6hl                                                                     64/213 
DEBUG util.py:445:    Verifying        : libfdisk-2.37.4-25.el9.armv6hl                                                                    65/213 
DEBUG util.py:445:    Verifying        : libffi-3.4.2-8.el9.armv6hl                                                                        66/213 
DEBUG util.py:445:    Verifying        : libgcc-11.5.0-14.el9.redsleeve.armv6hl                                                            67/213 
DEBUG util.py:445:    Verifying        : libgcrypt-1.10.0-13.el9_8.armv6hl                                                                 68/213 
DEBUG util.py:445:    Verifying        : libgomp-11.5.0-14.el9.redsleeve.armv6hl                                                           69/213 
DEBUG util.py:445:    Verifying        : libgpg-error-1.42-5.el9.armv6hl                                                                   70/213 
DEBUG util.py:445:    Verifying        : libidn2-2.3.0-7.el9.armv6hl                                                                       71/213 
DEBUG util.py:445:    Verifying        : libmount-2.37.4-25.el9.armv6hl                                                                    72/213 
DEBUG util.py:445:    Verifying        : libnghttp2-1.43.0-6.el9.1.armv6hl                                                                 73/213 
DEBUG util.py:445:    Verifying        : libpkgconf-1.7.3-10.el9.armv6hl                                                                   74/213 
DEBUG util.py:445:    Verifying        : libpsl-0.21.1-5.el9.armv6hl                                                                       75/213 
DEBUG util.py:445:    Verifying        : libpwquality-1.4.4-8.el9.armv6hl                                                                  76/213 
DEBUG util.py:445:    Verifying        : libseccomp-2.5.2-2.el9.redsleeve.armv6hl                                                          77/213 
DEBUG util.py:445:    Verifying        : libselinux-3.6-3.el9.armv6hl                                                                      78/213 
DEBUG util.py:445:    Verifying        : libsemanage-3.6-5.el9.armv6hl                                                                     79/213 
DEBUG util.py:445:    Verifying        : libsepol-3.6-3.el9.armv6hl                                                                        80/213 
DEBUG util.py:445:    Verifying        : libsigsegv-2.13-4.el9.armv6hl                                                                     81/213 
DEBUG util.py:445:    Verifying        : libsmartcols-2.37.4-25.el9.armv6hl                                                                82/213 
DEBUG util.py:445:    Verifying        : libssh-0.10.4-18.el9.armv6hl                                                                      83/213 
DEBUG util.py:445:    Verifying        : libssh-config-0.10.4-18.el9.noarch                                                                84/213 
DEBUG util.py:445:    Verifying        : libstdc++-11.5.0-14.el9.redsleeve.armv6hl                                                         85/213 
DEBUG util.py:445:    Verifying        : libtasn1-4.16.0-10.el9_8.redsleeve.armv6hl                                                        86/213 
DEBUG util.py:445:    Verifying        : libtool-ltdl-2.4.6-46.el9.armv6hl                                                                 87/213 
DEBUG util.py:445:    Verifying        : libunistring-0.9.10-15.el9.armv6hl                                                                88/213 
DEBUG util.py:445:    Verifying        : libutempter-1.2.1-6.el9.armv6hl                                                                   89/213 
DEBUG util.py:445:    Verifying        : libuuid-2.37.4-25.el9.armv6hl                                                                     90/213 
DEBUG util.py:445:    Verifying        : libverto-0.3.2-3.el9.armv6hl                                                                      91/213 
DEBUG util.py:445:    Verifying        : libxcrypt-4.4.18-3.el9.armv6hl                                                                    92/213 
DEBUG util.py:445:    Verifying        : libxml2-2.9.13-14.el9_8.2.armv6hl                                                                 93/213 
DEBUG util.py:445:    Verifying        : libzstd-1.5.5-1.el9.armv6hl                                                                       94/213 
DEBUG util.py:445:    Verifying        : lua-libs-5.4.4-4.el9.armv6hl                                                                      95/213 
DEBUG util.py:445:    Verifying        : lz4-libs-1.9.3-5.el9.armv6hl                                                                      96/213 
DEBUG util.py:445:    Verifying        : mpfr-4.1.0-10.el9.armv6hl                                                                         97/213 
DEBUG util.py:445:    Verifying        : ncurses-6.2-12.20210508.el9.armv6hl                                                               98/213 
DEBUG util.py:445:    Verifying        : ncurses-base-6.2-12.20210508.el9.noarch                                                           99/213 
DEBUG util.py:445:    Verifying        : ncurses-libs-6.2-12.20210508.el9.armv6hl                                                         100/213 
DEBUG util.py:445:    Verifying        : openldap-2.6.8-4.el9.0.1.armv6hl                                                                 101/213 
DEBUG util.py:445:    Verifying        : openssl-1:3.5.5-6.el9_8.armv6hl                                                                  102/213 
DEBUG util.py:445:    Verifying        : openssl-fips-provider-1:3.5.5-6.el9_8.armv6hl                                                    103/213 
DEBUG util.py:445:    Verifying        : openssl-libs-1:3.5.5-6.el9_8.armv6hl                                                             104/213 
DEBUG util.py:445:    Verifying        : p11-kit-0.26.4-1.el9_8.armv6hl                                                                   105/213 
DEBUG util.py:445:    Verifying        : p11-kit-trust-0.26.4-1.el9_8.armv6hl                                                             106/213 
DEBUG util.py:445:    Verifying        : pam-1.5.1-28.el9.armv6hl                                                                         107/213 
DEBUG util.py:445:    Verifying        : pcre-8.44-4.el9.armv6hl                                                                          108/213 
DEBUG util.py:445:    Verifying        : pcre2-10.40-6.el9.armv6hl                                                                        109/213 
DEBUG util.py:445:    Verifying        : pcre2-syntax-10.40-6.el9.noarch                                                                  110/213 
DEBUG util.py:445:    Verifying        : pkgconf-1.7.3-10.el9.armv6hl                                                                     111/213 
DEBUG util.py:445:    Verifying        : pkgconf-m4-1.7.3-10.el9.noarch                                                                   112/213 
DEBUG util.py:445:    Verifying        : pkgconf-pkg-config-1.7.3-10.el9.armv6hl                                                          113/213 
DEBUG util.py:445:    Verifying        : popt-1.18-8.el9.armv6hl                                                                          114/213 
DEBUG util.py:445:    Verifying        : publicsuffix-list-dafsa-20210518-3.el9.noarch                                                    115/213 
DEBUG util.py:445:    Verifying        : readline-8.1-4.el9.armv6hl                                                                       116/213 
DEBUG util.py:445:    Verifying        : redsleeve-release-9.8-0.el9.noarch                                                               117/213 
DEBUG util.py:445:    Verifying        : rpm-4.16.1.3-40.el9.armv6hl                                                                      118/213 
DEBUG util.py:445:    Verifying        : rpm-build-4.16.1.3-40.el9.armv6hl                                                                119/213 
DEBUG util.py:445:    Verifying        : rpm-build-libs-4.16.1.3-40.el9.armv6hl                                                           120/213 
DEBUG util.py:445:    Verifying        : rpm-libs-4.16.1.3-40.el9.armv6hl                                                                 121/213 
DEBUG util.py:445:    Verifying        : sed-4.8-10.el9_8.armv6hl                                                                         122/213 
DEBUG util.py:445:    Verifying        : setup-2.13.7-10.el9.noarch                                                                       123/213 
DEBUG util.py:445:    Verifying        : shadow-utils-2:4.9-16.el9.armv6hl                                                                124/213 
DEBUG util.py:445:    Verifying        : sqlite-libs-3.34.1-10.el9_8.armv6hl                                                              125/213 
DEBUG util.py:445:    Verifying        : systemd-252-67.el9_8.4.redsleeve.armv6hl                                                         126/213 
DEBUG util.py:445:    Verifying        : systemd-libs-252-67.el9_8.4.redsleeve.armv6hl                                                    127/213 
DEBUG util.py:445:    Verifying        : systemd-pam-252-67.el9_8.4.redsleeve.armv6hl                                                     128/213 
DEBUG util.py:445:    Verifying        : systemd-rpm-macros-252-67.el9_8.4.redsleeve.noarch                                               129/213 
DEBUG util.py:445:    Verifying        : tar-2:1.34-11.el9.armv6hl                                                                        130/213 
DEBUG util.py:445:    Verifying        : tzdata-2026b-1.el9_8.noarch                                                                      131/213 
DEBUG util.py:445:    Verifying        : unzip-6.0-60.el9_8.armv6hl                                                                       132/213 
DEBUG util.py:445:    Verifying        : util-linux-2.37.4-25.el9.armv6hl                                                                 133/213 
DEBUG util.py:445:    Verifying        : util-linux-core-2.37.4-25.el9.armv6hl                                                            134/213 
DEBUG util.py:445:    Verifying        : which-2.21-30.el9.armv6hl                                                                        135/213 
DEBUG util.py:445:    Verifying        : xz-5.2.5-8.el9.armv6hl                                                                           136/213 
DEBUG util.py:445:    Verifying        : xz-libs-5.2.5-8.el9.armv6hl                                                                      137/213 
DEBUG util.py:445:    Verifying        : zip-3.0-35.el9.armv6hl                                                                           138/213 
DEBUG util.py:445:    Verifying        : zlib-1.2.11-40.el9.armv6hl                                                                       139/213 
DEBUG util.py:445:    Verifying        : zstd-1.5.5-1.el9.armv6hl                                                                         140/213 
DEBUG util.py:445:    Verifying        : debugedit-5.0-11.el9.armv6hl                                                                     141/213 
DEBUG util.py:445:    Verifying        : dwz-0.16-1.el9.armv6hl                                                                           142/213 
DEBUG util.py:445:    Verifying        : gdb-minimal-16.3-3.el9.armv6hl                                                                   143/213 
DEBUG util.py:445:    Verifying        : ghc-srpm-macros-1.5.0-6.el9.noarch                                                               144/213 
DEBUG util.py:445:    Verifying        : go-srpm-macros-3.8.1-1.el9.redsleeve.noarch                                                      145/213 
DEBUG util.py:445:    Verifying        : kernel-srpm-macros-1.0-14.el9.noarch                                                             146/213 
DEBUG util.py:445:    Verifying        : lua-srpm-macros-1-6.el9.noarch                                                                   147/213 
DEBUG util.py:445:    Verifying        : ocaml-srpm-macros-6-6.el9.noarch                                                                 148/213 
DEBUG util.py:445:    Verifying        : openblas-srpm-macros-2-11.el9.redsleeve.noarch                                                   149/213 
DEBUG util.py:445:    Verifying        : patch-2.7.6-16.el9.armv6hl                                                                       150/213 
DEBUG util.py:445:    Verifying        : perl-AutoLoader-5.74-483.el9.noarch                                                              151/213 
DEBUG util.py:445:    Verifying        : perl-B-1.80-483.el9.armv6hl                                                                      152/213 
DEBUG util.py:445:    Verifying        : perl-Carp-1.50-460.el9.noarch                                                                    153/213 
DEBUG util.py:445:    Verifying        : perl-Class-Struct-0.66-483.el9.noarch                                                            154/213 
DEBUG util.py:445:    Verifying        : perl-Data-Dumper-2.174-462.el9.armv6hl                                                           155/213 
DEBUG util.py:445:    Verifying        : perl-Digest-1.19-4.el9.noarch                                                                    156/213 
DEBUG util.py:445:    Verifying        : perl-Digest-MD5-2.58-4.el9.armv6hl                                                               157/213 
DEBUG util.py:445:    Verifying        : perl-Encode-4:3.08-462.el9.armv6hl                                                               158/213 
DEBUG util.py:445:    Verifying        : perl-Errno-1.30-483.el9.armv6hl                                                                  159/213 
DEBUG util.py:445:    Verifying        : perl-Exporter-5.74-461.el9.noarch                                                                160/213 
DEBUG util.py:445:    Verifying        : perl-Fcntl-1.13-483.el9.armv6hl                                                                  161/213 
DEBUG util.py:445:    Verifying        : perl-File-Basename-2.85-483.el9.noarch                                                           162/213 
DEBUG util.py:445:    Verifying        : perl-File-Path-2.18-4.el9.noarch                                                                 163/213 
DEBUG util.py:445:    Verifying        : perl-File-Temp-1:0.231.100-4.el9.noarch                                                          164/213 
DEBUG util.py:445:    Verifying        : perl-File-stat-1.09-483.el9.noarch                                                               165/213 
DEBUG util.py:445:    Verifying        : perl-FileHandle-2.03-483.el9.noarch                                                              166/213 
DEBUG util.py:445:    Verifying        : perl-Getopt-Long-1:2.52-4.el9.noarch                                                             167/213 
DEBUG util.py:445:    Verifying        : perl-Getopt-Std-1.12-483.el9.noarch                                                              168/213 
DEBUG util.py:445:    Verifying        : perl-HTTP-Tiny-0.076-462.el9.noarch                                                              169/213 
DEBUG util.py:445:    Verifying        : perl-IO-1.43-483.el9.armv6hl                                                                     170/213 
DEBUG util.py:445:    Verifying        : perl-IO-Socket-IP-0.41-5.el9.noarch                                                              171/213 
DEBUG util.py:445:    Verifying        : perl-IO-Socket-SSL-2.073-2.el9.noarch                                                            172/213 
DEBUG util.py:445:    Verifying        : perl-IPC-Open3-1.21-483.el9.noarch                                                               173/213 
DEBUG util.py:445:    Verifying        : perl-MIME-Base64-3.16-4.el9.armv6hl                                                              174/213 
DEBUG util.py:445:    Verifying        : perl-Mozilla-CA-20200520-6.el9.noarch                                                            175/213 
DEBUG util.py:445:    Verifying        : perl-NDBM_File-1.15-483.el9.armv6hl                                                              176/213 
DEBUG util.py:445:    Verifying        : perl-Net-SSLeay-1.94-3.el9.armv6hl                                                               177/213 
DEBUG util.py:445:    Verifying        : perl-POSIX-1.94-483.el9.armv6hl                                                                  178/213 
DEBUG util.py:445:    Verifying        : perl-PathTools-3.78-461.el9.armv6hl                                                              179/213 
DEBUG util.py:445:    Verifying        : perl-Pod-Escapes-1:1.07-460.el9.noarch                                                           180/213 
DEBUG util.py:445:    Verifying        : perl-Pod-Perldoc-3.28.01-461.el9.noarch                                                          181/213 
DEBUG util.py:445:    Verifying        : perl-Pod-Simple-1:3.42-4.el9.noarch                                                              182/213 
DEBUG util.py:445:    Verifying        : perl-Pod-Usage-4:2.01-4.el9.noarch                                                               183/213 
DEBUG util.py:445:    Verifying        : perl-Scalar-List-Utils-4:1.56-462.el9.armv6hl                                                    184/213 
DEBUG util.py:445:    Verifying        : perl-SelectSaver-1.02-483.el9.noarch                                                             185/213 
DEBUG util.py:445:    Verifying        : perl-Socket-4:2.031-4.el9.armv6hl                                                                186/213 
DEBUG util.py:445:    Verifying        : perl-Storable-1:3.21-460.el9.armv6hl                                                             187/213 
DEBUG util.py:445:    Verifying        : perl-Symbol-1.08-483.el9.noarch                                                                  188/213 
DEBUG util.py:445:    Verifying        : perl-Term-ANSIColor-5.01-461.el9.noarch                                                          189/213 
DEBUG util.py:445:    Verifying        : perl-Term-Cap-1.17-460.el9.noarch                                                                190/213 
DEBUG util.py:445:    Verifying        : perl-Text-ParseWords-3.30-460.el9.noarch                                                         191/213 
DEBUG util.py:445:    Verifying        : perl-Text-Tabs+Wrap-2013.0523-460.el9.noarch                                                     192/213 
DEBUG util.py:445:    Verifying        : perl-Time-Local-2:1.300-7.el9.noarch                                                             193/213 
DEBUG util.py:445:    Verifying        : perl-URI-5.09-3.el9.noarch                                                                       194/213 
DEBUG util.py:445:    Verifying        : perl-base-2.27-483.el9.noarch                                                                    195/213 
DEBUG util.py:445:    Verifying        : perl-constant-1.33-461.el9.noarch                                                                196/213 
DEBUG util.py:445:    Verifying        : perl-if-0.60.800-483.el9.noarch                                                                  197/213 
DEBUG util.py:445:    Verifying        : perl-interpreter-4:5.32.1-483.el9.armv6hl                                                        198/213 
DEBUG util.py:445:    Verifying        : perl-libnet-3.13-4.el9.noarch                                                                    199/213 
DEBUG util.py:445:    Verifying        : perl-libs-4:5.32.1-483.el9.armv6hl                                                               200/213 
DEBUG util.py:445:    Verifying        : perl-mro-1.23-483.el9.armv6hl                                                                    201/213 
DEBUG util.py:445:    Verifying        : perl-overload-1.31-483.el9.noarch                                                                202/213 
DEBUG util.py:445:    Verifying        : perl-overloading-0.02-483.el9.noarch                                                             203/213 
DEBUG util.py:445:    Verifying        : perl-parent-1:0.238-460.el9.noarch                                                               204/213 
DEBUG util.py:445:    Verifying        : perl-podlators-1:4.14-460.el9.noarch                                                             205/213 
DEBUG util.py:445:    Verifying        : perl-srpm-macros-1-41.el9.noarch                                                                 206/213 
DEBUG util.py:445:    Verifying        : perl-subs-1.03-483.el9.noarch                                                                    207/213 
DEBUG util.py:445:    Verifying        : perl-vars-1.05-483.el9.noarch                                                                    208/213 
DEBUG util.py:445:    Verifying        : pyproject-srpm-macros-1.18.5-1.el9.noarch                                                        209/213 
DEBUG util.py:445:    Verifying        : python-srpm-macros-3.9-54.el9.noarch                                                             210/213 
DEBUG util.py:445:    Verifying        : qt5-srpm-macros-5.15.9-1.el9.noarch                                                              211/213 
DEBUG util.py:445:    Verifying        : redhat-rpm-config-210-1.el9.redsleeve.noarch                                                     212/213 
DEBUG util.py:445:    Verifying        : rust-srpm-macros-17-4.el9.redsleeve.noarch                                                       213/213 
DEBUG util.py:445:  Installed:
DEBUG util.py:445:    acl-2.4.0-1.el9_8.armv6hl                                     alternatives-1.24-2.el9.armv6hl                              
DEBUG util.py:445:    audit-libs-3.1.5-8.el9.armv6hl                                basesystem-11-13.el9.0.1.noarch                              
DEBUG util.py:445:    bash-5.1.8-9.el9.armv6hl                                      binutils-2.35.2-72.el9.redsleeve.armv6hl                     
DEBUG util.py:445:    binutils-gold-2.35.2-72.el9.redsleeve.armv6hl                 bzip2-1.0.8-11.el9.armv6hl                                   
DEBUG util.py:445:    bzip2-libs-1.0.8-11.el9.armv6hl                               ca-certificates-2025.2.80_v9.0.305-91.el9.noarch             
DEBUG util.py:445:    coreutils-8.32-41.el9_8.armv6hl                               coreutils-common-8.32-41.el9_8.armv6hl                       
DEBUG util.py:445:    cpio-2.13-16.el9.armv6hl                                      cracklib-2.9.6-28.el9.armv6hl                                
DEBUG util.py:445:    cracklib-dicts-2.9.6-28.el9.armv6hl                           crypto-policies-20260224-1.gitea0f072.el9.noarch             
DEBUG util.py:445:    curl-7.76.1-40.el9.armv6hl                                    cyrus-sasl-lib-2.1.27-22.el9.armv6hl                         
DEBUG util.py:445:    dbus-1:1.12.20-8.el9.armv6hl                                  dbus-broker-28-8.el9.armv6hl                                 
DEBUG util.py:445:    dbus-common-1:1.12.20-8.el9.noarch                            debugedit-5.0-11.el9.armv6hl                                 
DEBUG util.py:445:    diffutils-3.7-12.el9.armv6hl                                  dwz-0.16-1.el9.armv6hl                                       
DEBUG util.py:445:    ed-1.14.2-12.el9.armv6hl                                      efi-srpm-macros-6-4.el9.noarch                               
DEBUG util.py:445:    elfutils-0.194-1.el9.rocky.0.1.armv6hl                        elfutils-debuginfod-client-0.194-1.el9.rocky.0.1.armv6hl     
DEBUG util.py:445:    elfutils-default-yama-scope-0.194-1.el9.rocky.0.1.noarch      elfutils-libelf-0.194-1.el9.rocky.0.1.armv6hl                
DEBUG util.py:445:    elfutils-libs-0.194-1.el9.rocky.0.1.armv6hl                   expat-2.5.0-6.el9_8.1.armv6hl                                
DEBUG util.py:445:    file-5.39-17.el9.armv6hl                                      file-libs-5.39-17.el9.armv6hl                                
DEBUG util.py:445:    filesystem-3.16-5.el9.armv6hl                                 findutils-1:4.8.0-7.el9.armv6hl                              
DEBUG util.py:445:    fonts-srpm-macros-1:2.0.5-7.el9.1.noarch                      gawk-5.1.0-6.el9.armv6hl                                     
DEBUG util.py:445:    gawk-all-langpacks-5.1.0-6.el9.armv6hl                        gdb-minimal-16.3-3.el9.armv6hl                               
DEBUG util.py:445:    gdbm-libs-1:1.23-1.el9.armv6hl                                ghc-srpm-macros-1.5.0-6.el9.noarch                           
DEBUG util.py:445:    glibc-2.34-275.el9_8.redsleeve.armv6hl                        glibc-common-2.34-275.el9_8.redsleeve.armv6hl                
DEBUG util.py:445:    glibc-gconv-extra-2.34-275.el9_8.redsleeve.armv6hl            glibc-minimal-langpack-2.34-275.el9_8.redsleeve.armv6hl      
DEBUG util.py:445:    gmp-1:6.2.0-13.el9.armv6hl                                    go-srpm-macros-3.8.1-1.el9.redsleeve.noarch                  
DEBUG util.py:445:    grep-3.6-5.el9.armv6hl                                        groff-base-1.22.4-10.el9.armv6hl                             
DEBUG util.py:445:    gzip-1.12-1.el9.armv6hl                                       info-6.7-15.el9.armv6hl                                      
DEBUG util.py:445:    json-c-0.14-11.el9.armv6hl                                    kernel-srpm-macros-1.0-14.el9.noarch                         
DEBUG util.py:445:    keyutils-libs-1.6.3-1.el9.armv6hl                             kmod-libs-28-11.el9.armv6hl                                  
DEBUG util.py:445:    krb5-libs-1.21.1-10.el9_8.armv6hl                             libacl-2.4.0-1.el9_8.armv6hl                                 
DEBUG util.py:445:    libarchive-3.5.3-9.el9.armv6hl                                libatomic-11.5.0-14.el9.redsleeve.armv6hl                    
DEBUG util.py:445:    libattr-2.5.1-3.el9.armv6hl                                   libblkid-2.37.4-25.el9.armv6hl                               
DEBUG util.py:445:    libbrotli-1.0.9-9.el9.armv6hl                                 libcap-2.48-10.el9.1.armv6hl                                 
DEBUG util.py:445:    libcap-ng-0.8.2-7.el9.armv6hl                                 libcom_err-1.46.5-8.el9.armv6hl                              
DEBUG util.py:445:    libcurl-7.76.1-40.el9.armv6hl                                 libdb-5.3.28-57.el9.armv6hl                                  
DEBUG util.py:445:    libeconf-0.4.1-7.el9_8.armv6hl                                libevent-2.1.12-8.el9.armv6hl                                
DEBUG util.py:445:    libfdisk-2.37.4-25.el9.armv6hl                                libffi-3.4.2-8.el9.armv6hl                                   
DEBUG util.py:445:    libgcc-11.5.0-14.el9.redsleeve.armv6hl                        libgcrypt-1.10.0-13.el9_8.armv6hl                            
DEBUG util.py:445:    libgomp-11.5.0-14.el9.redsleeve.armv6hl                       libgpg-error-1.42-5.el9.armv6hl                              
DEBUG util.py:445:    libidn2-2.3.0-7.el9.armv6hl                                   libmount-2.37.4-25.el9.armv6hl                               
DEBUG util.py:445:    libnghttp2-1.43.0-6.el9.1.armv6hl                             libpkgconf-1.7.3-10.el9.armv6hl                              
DEBUG util.py:445:    libpsl-0.21.1-5.el9.armv6hl                                   libpwquality-1.4.4-8.el9.armv6hl                             
DEBUG util.py:445:    libseccomp-2.5.2-2.el9.redsleeve.armv6hl                      libselinux-3.6-3.el9.armv6hl                                 
DEBUG util.py:445:    libsemanage-3.6-5.el9.armv6hl                                 libsepol-3.6-3.el9.armv6hl                                   
DEBUG util.py:445:    libsigsegv-2.13-4.el9.armv6hl                                 libsmartcols-2.37.4-25.el9.armv6hl                           
DEBUG util.py:445:    libssh-0.10.4-18.el9.armv6hl                                  libssh-config-0.10.4-18.el9.noarch                           
DEBUG util.py:445:    libstdc++-11.5.0-14.el9.redsleeve.armv6hl                     libtasn1-4.16.0-10.el9_8.redsleeve.armv6hl                   
DEBUG util.py:445:    libtool-ltdl-2.4.6-46.el9.armv6hl                             libunistring-0.9.10-15.el9.armv6hl                           
DEBUG util.py:445:    libutempter-1.2.1-6.el9.armv6hl                               libuuid-2.37.4-25.el9.armv6hl                                
DEBUG util.py:445:    libverto-0.3.2-3.el9.armv6hl                                  libxcrypt-4.4.18-3.el9.armv6hl                               
DEBUG util.py:445:    libxml2-2.9.13-14.el9_8.2.armv6hl                             libzstd-1.5.5-1.el9.armv6hl                                  
DEBUG util.py:445:    lua-libs-5.4.4-4.el9.armv6hl                                  lua-srpm-macros-1-6.el9.noarch                               
DEBUG util.py:445:    lz4-libs-1.9.3-5.el9.armv6hl                                  mpfr-4.1.0-10.el9.armv6hl                                    
DEBUG util.py:445:    ncurses-6.2-12.20210508.el9.armv6hl                           ncurses-base-6.2-12.20210508.el9.noarch                      
DEBUG util.py:445:    ncurses-libs-6.2-12.20210508.el9.armv6hl                      ocaml-srpm-macros-6-6.el9.noarch                             
DEBUG util.py:445:    openblas-srpm-macros-2-11.el9.redsleeve.noarch                openldap-2.6.8-4.el9.0.1.armv6hl                             
DEBUG util.py:445:    openssl-1:3.5.5-6.el9_8.armv6hl                               openssl-fips-provider-1:3.5.5-6.el9_8.armv6hl                
DEBUG util.py:445:    openssl-libs-1:3.5.5-6.el9_8.armv6hl                          p11-kit-0.26.4-1.el9_8.armv6hl                               
DEBUG util.py:445:    p11-kit-trust-0.26.4-1.el9_8.armv6hl                          pam-1.5.1-28.el9.armv6hl                                     
DEBUG util.py:445:    patch-2.7.6-16.el9.armv6hl                                    pcre-8.44-4.el9.armv6hl                                      
DEBUG util.py:445:    pcre2-10.40-6.el9.armv6hl                                     pcre2-syntax-10.40-6.el9.noarch                              
DEBUG util.py:445:    perl-AutoLoader-5.74-483.el9.noarch                           perl-B-1.80-483.el9.armv6hl                                  
DEBUG util.py:445:    perl-Carp-1.50-460.el9.noarch                                 perl-Class-Struct-0.66-483.el9.noarch                        
DEBUG util.py:445:    perl-Data-Dumper-2.174-462.el9.armv6hl                        perl-Digest-1.19-4.el9.noarch                                
DEBUG util.py:445:    perl-Digest-MD5-2.58-4.el9.armv6hl                            perl-Encode-4:3.08-462.el9.armv6hl                           
DEBUG util.py:445:    perl-Errno-1.30-483.el9.armv6hl                               perl-Exporter-5.74-461.el9.noarch                            
DEBUG util.py:445:    perl-Fcntl-1.13-483.el9.armv6hl                               perl-File-Basename-2.85-483.el9.noarch                       
DEBUG util.py:445:    perl-File-Path-2.18-4.el9.noarch                              perl-File-Temp-1:0.231.100-4.el9.noarch                      
DEBUG util.py:445:    perl-File-stat-1.09-483.el9.noarch                            perl-FileHandle-2.03-483.el9.noarch                          
DEBUG util.py:445:    perl-Getopt-Long-1:2.52-4.el9.noarch                          perl-Getopt-Std-1.12-483.el9.noarch                          
DEBUG util.py:445:    perl-HTTP-Tiny-0.076-462.el9.noarch                           perl-IO-1.43-483.el9.armv6hl                                 
DEBUG util.py:445:    perl-IO-Socket-IP-0.41-5.el9.noarch                           perl-IO-Socket-SSL-2.073-2.el9.noarch                        
DEBUG util.py:445:    perl-IPC-Open3-1.21-483.el9.noarch                            perl-MIME-Base64-3.16-4.el9.armv6hl                          
DEBUG util.py:445:    perl-Mozilla-CA-20200520-6.el9.noarch                         perl-NDBM_File-1.15-483.el9.armv6hl                          
DEBUG util.py:445:    perl-Net-SSLeay-1.94-3.el9.armv6hl                            perl-POSIX-1.94-483.el9.armv6hl                              
DEBUG util.py:445:    perl-PathTools-3.78-461.el9.armv6hl                           perl-Pod-Escapes-1:1.07-460.el9.noarch                       
DEBUG util.py:445:    perl-Pod-Perldoc-3.28.01-461.el9.noarch                       perl-Pod-Simple-1:3.42-4.el9.noarch                          
DEBUG util.py:445:    perl-Pod-Usage-4:2.01-4.el9.noarch                            perl-Scalar-List-Utils-4:1.56-462.el9.armv6hl                
DEBUG util.py:445:    perl-SelectSaver-1.02-483.el9.noarch                          perl-Socket-4:2.031-4.el9.armv6hl                            
DEBUG util.py:445:    perl-Storable-1:3.21-460.el9.armv6hl                          perl-Symbol-1.08-483.el9.noarch                              
DEBUG util.py:445:    perl-Term-ANSIColor-5.01-461.el9.noarch                       perl-Term-Cap-1.17-460.el9.noarch                            
DEBUG util.py:445:    perl-Text-ParseWords-3.30-460.el9.noarch                      perl-Text-Tabs+Wrap-2013.0523-460.el9.noarch                 
DEBUG util.py:445:    perl-Time-Local-2:1.300-7.el9.noarch                          perl-URI-5.09-3.el9.noarch                                   
DEBUG util.py:445:    perl-base-2.27-483.el9.noarch                                 perl-constant-1.33-461.el9.noarch                            
DEBUG util.py:445:    perl-if-0.60.800-483.el9.noarch                               perl-interpreter-4:5.32.1-483.el9.armv6hl                    
DEBUG util.py:445:    perl-libnet-3.13-4.el9.noarch                                 perl-libs-4:5.32.1-483.el9.armv6hl                           
DEBUG util.py:445:    perl-mro-1.23-483.el9.armv6hl                                 perl-overload-1.31-483.el9.noarch                            
DEBUG util.py:445:    perl-overloading-0.02-483.el9.noarch                          perl-parent-1:0.238-460.el9.noarch                           
DEBUG util.py:445:    perl-podlators-1:4.14-460.el9.noarch                          perl-srpm-macros-1-41.el9.noarch                             
DEBUG util.py:445:    perl-subs-1.03-483.el9.noarch                                 perl-vars-1.05-483.el9.noarch                                
DEBUG util.py:445:    pkgconf-1.7.3-10.el9.armv6hl                                  pkgconf-m4-1.7.3-10.el9.noarch                               
DEBUG util.py:445:    pkgconf-pkg-config-1.7.3-10.el9.armv6hl                       popt-1.18-8.el9.armv6hl                                      
DEBUG util.py:445:    publicsuffix-list-dafsa-20210518-3.el9.noarch                 pyproject-srpm-macros-1.18.5-1.el9.noarch                    
DEBUG util.py:445:    python-srpm-macros-3.9-54.el9.noarch                          qt5-srpm-macros-5.15.9-1.el9.noarch                          
DEBUG util.py:445:    readline-8.1-4.el9.armv6hl                                    redhat-rpm-config-210-1.el9.redsleeve.noarch                 
DEBUG util.py:445:    redsleeve-release-9.8-0.el9.noarch                            rpm-4.16.1.3-40.el9.armv6hl                                  
DEBUG util.py:445:    rpm-build-4.16.1.3-40.el9.armv6hl                             rpm-build-libs-4.16.1.3-40.el9.armv6hl                       
DEBUG util.py:445:    rpm-libs-4.16.1.3-40.el9.armv6hl                              rust-srpm-macros-17-4.el9.redsleeve.noarch                   
DEBUG util.py:445:    sed-4.8-10.el9_8.armv6hl                                      setup-2.13.7-10.el9.noarch                                   
DEBUG util.py:445:    shadow-utils-2:4.9-16.el9.armv6hl                             sqlite-libs-3.34.1-10.el9_8.armv6hl                          
DEBUG util.py:445:    systemd-252-67.el9_8.4.redsleeve.armv6hl                      systemd-libs-252-67.el9_8.4.redsleeve.armv6hl                
DEBUG util.py:445:    systemd-pam-252-67.el9_8.4.redsleeve.armv6hl                  systemd-rpm-macros-252-67.el9_8.4.redsleeve.noarch           
DEBUG util.py:445:    tar-2:1.34-11.el9.armv6hl                                     tzdata-2026b-1.el9_8.noarch                                  
DEBUG util.py:445:    unzip-6.0-60.el9_8.armv6hl                                    util-linux-2.37.4-25.el9.armv6hl                             
DEBUG util.py:445:    util-linux-core-2.37.4-25.el9.armv6hl                         which-2.21-30.el9.armv6hl                                    
DEBUG util.py:445:    xz-5.2.5-8.el9.armv6hl                                        xz-libs-5.2.5-8.el9.armv6hl                                  
DEBUG util.py:445:    zip-3.0-35.el9.armv6hl                                        zlib-1.2.11-40.el9.armv6hl                                   
DEBUG util.py:445:    zstd-1.5.5-1.el9.armv6hl                                     
DEBUG util.py:445:  Complete!
DEBUG util.py:596:  Child return code was: 0
DEBUG util.py:622:  child environment: None
DEBUG util.py:540:  Executing command: ['/bin/umount', '-n', '-l', '/var/lib/mock/redsleeve-9-armv6hl/root/dev/pts'] with env {'TERM': 'vt100', 'SHELL': '/bin/sh', 'HOME': '/builddir', 'HOSTNAME': 'mock', 'PATH': '/usr/bin:/bin:/usr/sbin:/sbin', 'LANG': 'C.UTF-8'} and shell False
DEBUG util.py:596:  Child return code was: 0
DEBUG util.py:622:  child environment: None
DEBUG util.py:540:  Executing command: ['/bin/umount', '-n', '-l', '/var/lib/mock/redsleeve-9-armv6hl/root/dev/shm'] with env {'TERM': 'vt100', 'SHELL': '/bin/sh', 'HOME': '/builddir', 'HOSTNAME': 'mock', 'PATH': '/usr/bin:/bin:/usr/sbin:/sbin', 'LANG': 'C.UTF-8'} and shell False
DEBUG util.py:596:  Child return code was: 0
DEBUG util.py:622:  child environment: None
DEBUG util.py:540:  Executing command: ['/bin/umount', '-n', '-l', '/var/lib/mock/redsleeve-9-armv6hl/root/sys'] with env {'TERM': 'vt100', 'SHELL': '/bin/sh', 'HOME': '/builddir', 'HOSTNAME': 'mock', 'PATH': '/usr/bin:/bin:/usr/sbin:/sbin', 'LANG': 'C.UTF-8'} and shell False
DEBUG util.py:596:  Child return code was: 0
DEBUG util.py:622:  child environment: None
DEBUG util.py:540:  Executing command: ['/bin/umount', '-n', '-l', '/var/lib/mock/redsleeve-9-armv6hl/root/sys'] with env {'TERM': 'vt100', 'SHELL': '/bin/sh', 'HOME': '/builddir', 'HOSTNAME': 'mock', 'PATH': '/usr/bin:/bin:/usr/sbin:/sbin', 'LANG': 'C.UTF-8'} and shell False
DEBUG util.py:596:  Child return code was: 0
DEBUG util.py:622:  child environment: None
DEBUG util.py:540:  Executing command: ['/bin/umount', '-n', '-l', '/var/lib/mock/redsleeve-9-armv6hl/root/proc'] with env {'TERM': 'vt100', 'SHELL': '/bin/sh', 'HOME': '/builddir', 'HOSTNAME': 'mock', 'PATH': '/usr/bin:/bin:/usr/sbin:/sbin', 'LANG': 'C.UTF-8'} and shell False
DEBUG util.py:596:  Child return code was: 0
DEBUG util.py:622:  child environment: None
DEBUG util.py:540:  Executing command: ['/bin/umount', '-n', '-l', '/var/lib/mock/redsleeve-9-armv6hl/root/proc'] with env {'TERM': 'vt100', 'SHELL': '/bin/sh', 'HOME': '/builddir', 'HOSTNAME': 'mock', 'PATH': '/usr/bin:/bin:/usr/sbin:/sbin', 'LANG': 'C.UTF-8'} and shell False
DEBUG util.py:596:  Child return code was: 0
DEBUG util.py:168:  kill orphans
DEBUG file_util.py:30:  touching file: /var/lib/mock/redsleeve-9-armv6hl/root/etc/os-release
DEBUG util.py:622:  child environment: None
DEBUG util.py:535:  Using nspawn with args None
DEBUG util.py:540:  Executing command: ['/usr/bin/systemd-nspawn', '-q', '-M', '29d6583b33074f22a4cac366f094537e', '-D', '/var/lib/mock/redsleeve-9-armv6hl/root', '-a', '--console=pipe', '--setenv=TERM=vt100', '--setenv=SHELL=/bin/bash', '--setenv=HOME=/builddir', '--setenv=HOSTNAME=mock', '--setenv=PATH=/usr/bin:/bin:/usr/sbin:/sbin', '--setenv=PROMPT_COMMAND=printf "\\033]0;<mock-chroot>\\007"', '--setenv=PS1=<mock-chroot> \\s-\\v\\$ ', '--setenv=LANG=C.UTF-8', '--resolv-conf=off', '/usr/sbin/userdel', '-r', '-f', 'mockbuild'] with env {'TERM': 'vt100', 'SHELL': '/bin/bash', 'HOME': '/builddir', 'HOSTNAME': 'mock', 'PATH': '/usr/bin:/bin:/usr/sbin:/sbin', 'PROMPT_COMMAND': 'printf "\\033]0;<mock-chroot>\\007"', 'PS1': '<mock-chroot> \\s-\\v\\$ ', 'LANG': 'C.UTF-8', 'SYSTEMD_NSPAWN_TMPFS_TMP': '0', 'SYSTEMD_SECCOMP': '0'} and shell False
DEBUG util.py:443:  userdel: user 'mockbuild' does not exist
DEBUG util.py:596:  Child return code was: 6
DEBUG util.py:622:  child environment: None
DEBUG util.py:535:  Using nspawn with args None
DEBUG util.py:540:  Executing command: ['/usr/bin/systemd-nspawn', '-q', '-M', '25c3b2d5f78146c8a4e5de8c24bf4e04', '-D', '/var/lib/mock/redsleeve-9-armv6hl/root', '-a', '--console=pipe', '--setenv=TERM=vt100', '--setenv=SHELL=/bin/bash', '--setenv=HOME=/builddir', '--setenv=HOSTNAME=mock', '--setenv=PATH=/usr/bin:/bin:/usr/sbin:/sbin', '--setenv=PROMPT_COMMAND=printf "\\033]0;<mock-chroot>\\007"', '--setenv=PS1=<mock-chroot> \\s-\\v\\$ ', '--setenv=LANG=C.UTF-8', '--resolv-conf=off', '/usr/sbin/groupdel', 'mock'] with env {'TERM': 'vt100', 'SHELL': '/bin/bash', 'HOME': '/builddir', 'HOSTNAME': 'mock', 'PATH': '/usr/bin:/bin:/usr/sbin:/sbin', 'PROMPT_COMMAND': 'printf "\\033]0;<mock-chroot>\\007"', 'PS1': '<mock-chroot> \\s-\\v\\$ ', 'LANG': 'C.UTF-8', 'SYSTEMD_NSPAWN_TMPFS_TMP': '0', 'SYSTEMD_SECCOMP': '0'} and shell False
DEBUG util.py:443:  groupdel: group 'mock' does not exist
DEBUG util.py:596:  Child return code was: 6
DEBUG util.py:622:  child environment: None
DEBUG util.py:535:  Using nspawn with args None
DEBUG util.py:540:  Executing command: ['/usr/bin/systemd-nspawn', '-q', '-M', '63b9563b89d349cda6cb805773b668d9', '-D', '/var/lib/mock/redsleeve-9-armv6hl/root', '-a', '--console=pipe', '--setenv=TERM=vt100', '--setenv=SHELL=/bin/bash', '--setenv=HOME=/builddir', '--setenv=HOSTNAME=mock', '--setenv=PATH=/usr/bin:/bin:/usr/sbin:/sbin', '--setenv=PROMPT_COMMAND=printf "\\033]0;<mock-chroot>\\007"', '--setenv=PS1=<mock-chroot> \\s-\\v\\$ ', '--setenv=LANG=C.UTF-8', '--resolv-conf=off', '/usr/sbin/groupadd', '-g', '135', 'mock'] with env {'TERM': 'vt100', 'SHELL': '/bin/bash', 'HOME': '/builddir', 'HOSTNAME': 'mock', 'PATH': '/usr/bin:/bin:/usr/sbin:/sbin', 'PROMPT_COMMAND': 'printf "\\033]0;<mock-chroot>\\007"', 'PS1': '<mock-chroot> \\s-\\v\\$ ', 'LANG': 'C.UTF-8', 'SYSTEMD_NSPAWN_TMPFS_TMP': '0', 'SYSTEMD_SECCOMP': '0'} and shell False
DEBUG util.py:596:  Child return code was: 0
DEBUG util.py:622:  child environment: None
DEBUG util.py:535:  Using nspawn with args None
DEBUG util.py:540:  Executing command: ['/usr/bin/systemd-nspawn', '-q', '-M', '8149321decad4dc6b50e5175d7ff1c56', '-D', '/var/lib/mock/redsleeve-9-armv6hl/root', '-a', '--console=pipe', '--setenv=TERM=vt100', '--setenv=SHELL=/bin/bash', '--setenv=HOME=/builddir', '--setenv=HOSTNAME=mock', '--setenv=PATH=/usr/bin:/bin:/usr/sbin:/sbin', '--setenv=PROMPT_COMMAND=printf "\\033]0;<mock-chroot>\\007"', '--setenv=PS1=<mock-chroot> \\s-\\v\\$ ', '--setenv=LANG=C.UTF-8', '--resolv-conf=off', '/usr/sbin/useradd', '-o', '-m', '-u', '1001', '-g', '135', '-d', '/builddir', '-n', 'mockbuild'] with env {'TERM': 'vt100', 'SHELL': '/bin/bash', 'HOME': '/builddir', 'HOSTNAME': 'mock', 'PATH': '/usr/bin:/bin:/usr/sbin:/sbin', 'PROMPT_COMMAND': 'printf "\\033]0;<mock-chroot>\\007"', 'PS1': '<mock-chroot> \\s-\\v\\$ ', 'LANG': 'C.UTF-8', 'SYSTEMD_NSPAWN_TMPFS_TMP': '0', 'SYSTEMD_SECCOMP': '0'} and shell False
DEBUG util.py:596:  Child return code was: 0
DEBUG file_util.py:17:  ensuring that dir exists: /var/lib/mock/redsleeve-9-armv6hl/root/builddir/build
DEBUG file_util.py:20:  creating dir: /var/lib/mock/redsleeve-9-armv6hl/root/builddir/build
DEBUG file_util.py:17:  ensuring that dir exists: /var/lib/mock/redsleeve-9-armv6hl/root/builddir/build/RPMS
DEBUG file_util.py:20:  creating dir: /var/lib/mock/redsleeve-9-armv6hl/root/builddir/build/RPMS
DEBUG file_util.py:17:  ensuring that dir exists: /var/lib/mock/redsleeve-9-armv6hl/root/builddir/build/SPECS
DEBUG file_util.py:20:  creating dir: /var/lib/mock/redsleeve-9-armv6hl/root/builddir/build/SPECS
DEBUG file_util.py:17:  ensuring that dir exists: /var/lib/mock/redsleeve-9-armv6hl/root/builddir/build/SRPMS
DEBUG file_util.py:20:  creating dir: /var/lib/mock/redsleeve-9-armv6hl/root/builddir/build/SRPMS
DEBUG file_util.py:17:  ensuring that dir exists: /var/lib/mock/redsleeve-9-armv6hl/root/builddir/build/SOURCES
DEBUG file_util.py:20:  creating dir: /var/lib/mock/redsleeve-9-armv6hl/root/builddir/build/SOURCES
DEBUG file_util.py:17:  ensuring that dir exists: /var/lib/mock/redsleeve-9-armv6hl/root/builddir/build/BUILD
DEBUG file_util.py:20:  creating dir: /var/lib/mock/redsleeve-9-armv6hl/root/builddir/build/BUILD
DEBUG file_util.py:17:  ensuring that dir exists: /var/lib/mock/redsleeve-9-armv6hl/root/builddir/build/BUILDROOT
DEBUG file_util.py:20:  creating dir: /var/lib/mock/redsleeve-9-armv6hl/root/builddir/build/BUILDROOT
DEBUG file_util.py:17:  ensuring that dir exists: /var/lib/mock/redsleeve-9-armv6hl/root/builddir/build/originals
DEBUG file_util.py:20:  creating dir: /var/lib/mock/redsleeve-9-armv6hl/root/builddir/build/originals
DEBUG file_util.py:17:  ensuring that dir exists: /var/lib/mock/redsleeve-9-armv6hl/root/builddir
DEBUG file_util.py:30:  touching file: /var/lib/mock/redsleeve-9-armv6hl/root/.initialized
DEBUG util.py:622:  child environment: None
DEBUG util.py:540:  Executing command: ['sync'] with env {'TERM': 'vt100', 'SHELL': '/bin/sh', 'HOME': '/builddir', 'HOSTNAME': 'mock', 'PATH': '/usr/bin:/bin:/usr/sbin:/sbin', 'LANG': 'C.UTF-8'} and shell False
DEBUG util.py:596:  Child return code was: 0
DEBUG util.py:622:  child environment: None
DEBUG util.py:540:  Executing command: ['gtar', '--one-file-system', '--exclude-caches', '--exclude-caches-under', '--use-compress-program', 'pigz', '-cf', '/var/cache/mock/redsleeve-9-armv6hl/root_cache/cache.tar.gz', '-C', '/var/lib/mock/redsleeve-9-armv6hl/root', '--exclude=./proc', '--exclude=./sys', '--exclude=./dev', '--exclude=./tmp/ccache', '--exclude=./var/cache/yum', '--exclude=./var/cache/dnf', '--exclude=./var/log', '--exclude=.//proc', '--exclude=.//proc', '--exclude=.//sys', '--exclude=.//sys', '--exclude=.//dev/shm', '--exclude=.//dev/pts', '--exclude=./var/lib/mock/redsleeve-9-armv6hl-bootstrap/root/var/lib/mock/redsleeve-9-armv6hl/root', '--exclude=./var/lib/mock/redsleeve-9-armv6hl-bootstrap/root/var/lib/mock/redsleeve-9-armv6hl/root', '.'] with env {'TERM': 'vt100', 'SHELL': '/bin/sh', 'HOME': '/builddir', 'HOSTNAME': 'mock', 'PATH': '/usr/bin:/bin:/usr/sbin:/sbin', 'LANG': 'C.UTF-8'} and shell False
DEBUG util.py:596:  Child return code was: 0
DEBUG util.py:622:  child environment: None
DEBUG util.py:535:  Using nspawn with args None
DEBUG util.py:540:  Executing command: ['/usr/bin/systemd-nspawn', '-q', '-M', '38441ea639f94c13a379c0871252881d', '-D', '/var/lib/mock/redsleeve-9-armv6hl-bootstrap/root', '-a', '--console=pipe', '--setenv=TERM=vt100', '--setenv=SHELL=/bin/bash', '--setenv=HOME=/builddir', '--setenv=HOSTNAME=mock', '--setenv=PATH=/usr/bin:/bin:/usr/sbin:/sbin', '--setenv=PROMPT_COMMAND=printf "\\033]0;<mock-chroot>\\007"', '--setenv=PS1=<mock-chroot> \\s-\\v\\$ ', '--setenv=LANG=C.UTF-8', '--resolv-conf=off', '/bin/rpm', '-qa', '--root', '/var/lib/mock/redsleeve-9-armv6hl/root'] with env {'TERM': 'vt100', 'SHELL': '/bin/bash', 'HOME': '/builddir', 'HOSTNAME': 'mock', 'PATH': '/usr/bin:/bin:/usr/sbin:/sbin', 'PROMPT_COMMAND': 'printf "\\033]0;<mock-chroot>\\007"', 'PS1': '<mock-chroot> \\s-\\v\\$ ', 'LANG': 'C.UTF-8', 'SYSTEMD_NSPAWN_TMPFS_TMP': '0', 'SYSTEMD_SECCOMP': '0'} and shell False
DEBUG util.py:445:  gpg-pubkey-2f00d701-6317b177
DEBUG util.py:445:  rust-srpm-macros-17-4.el9.redsleeve.noarch
DEBUG util.py:445:  qt5-srpm-macros-5.15.9-1.el9.noarch
DEBUG util.py:445:  perl-srpm-macros-1-41.el9.noarch
DEBUG util.py:445:  openblas-srpm-macros-2-11.el9.redsleeve.noarch
DEBUG util.py:445:  ocaml-srpm-macros-6-6.el9.noarch
DEBUG util.py:445:  ghc-srpm-macros-1.5.0-6.el9.noarch
DEBUG util.py:445:  tzdata-2026b-1.el9_8.noarch
DEBUG util.py:445:  publicsuffix-list-dafsa-20210518-3.el9.noarch
DEBUG util.py:445:  pkgconf-m4-1.7.3-10.el9.noarch
DEBUG util.py:445:  pcre2-syntax-10.40-6.el9.noarch
DEBUG util.py:445:  ncurses-base-6.2-12.20210508.el9.noarch
DEBUG util.py:445:  libssh-config-0.10.4-18.el9.noarch
DEBUG util.py:445:  gawk-all-langpacks-5.1.0-6.el9.armv6hl
DEBUG util.py:445:  coreutils-common-8.32-41.el9_8.armv6hl
DEBUG util.py:445:  ncurses-libs-6.2-12.20210508.el9.armv6hl
DEBUG util.py:445:  redsleeve-release-9.8-0.el9.noarch
DEBUG util.py:445:  setup-2.13.7-10.el9.noarch
DEBUG util.py:445:  filesystem-3.16-5.el9.armv6hl
DEBUG util.py:445:  basesystem-11-13.el9.0.1.noarch
DEBUG util.py:445:  bash-5.1.8-9.el9.armv6hl
DEBUG util.py:445:  libgcc-11.5.0-14.el9.redsleeve.armv6hl
DEBUG util.py:445:  glibc-gconv-extra-2.34-275.el9_8.redsleeve.armv6hl
DEBUG util.py:445:  glibc-minimal-langpack-2.34-275.el9_8.redsleeve.armv6hl
DEBUG util.py:445:  glibc-common-2.34-275.el9_8.redsleeve.armv6hl
DEBUG util.py:445:  glibc-2.34-275.el9_8.redsleeve.armv6hl
DEBUG util.py:445:  crypto-policies-20260224-1.gitea0f072.el9.noarch
DEBUG util.py:445:  systemd-rpm-macros-252-67.el9_8.4.redsleeve.noarch
DEBUG util.py:445:  zlib-1.2.11-40.el9.armv6hl
DEBUG util.py:445:  xz-libs-5.2.5-8.el9.armv6hl
DEBUG util.py:445:  bzip2-libs-1.0.8-11.el9.armv6hl
DEBUG util.py:445:  libacl-2.4.0-1.el9_8.armv6hl
DEBUG util.py:445:  libzstd-1.5.5-1.el9.armv6hl
DEBUG util.py:445:  libxcrypt-4.4.18-3.el9.armv6hl
DEBUG util.py:445:  elfutils-libelf-0.194-1.el9.rocky.0.1.armv6hl
DEBUG util.py:445:  libcap-2.48-10.el9.1.armv6hl
DEBUG util.py:445:  libstdc++-11.5.0-14.el9.redsleeve.armv6hl
DEBUG util.py:445:  libuuid-2.37.4-25.el9.armv6hl
DEBUG util.py:445:  gmp-6.2.0-13.el9.armv6hl
DEBUG util.py:445:  lz4-libs-1.9.3-5.el9.armv6hl
DEBUG util.py:445:  popt-1.18-8.el9.armv6hl
DEBUG util.py:445:  libattr-2.5.1-3.el9.armv6hl
DEBUG util.py:445:  libcap-ng-0.8.2-7.el9.armv6hl
DEBUG util.py:445:  audit-libs-3.1.5-8.el9.armv6hl
DEBUG util.py:445:  libcom_err-1.46.5-8.el9.armv6hl
DEBUG util.py:445:  readline-8.1-4.el9.armv6hl
DEBUG util.py:445:  mpfr-4.1.0-10.el9.armv6hl
DEBUG util.py:445:  dwz-0.16-1.el9.armv6hl
DEBUG util.py:445:  unzip-6.0-60.el9_8.armv6hl
DEBUG util.py:445:  file-libs-5.39-17.el9.armv6hl
DEBUG util.py:445:  file-5.39-17.el9.armv6hl
DEBUG util.py:445:  sqlite-libs-3.34.1-10.el9_8.armv6hl
DEBUG util.py:445:  alternatives-1.24-2.el9.armv6hl
DEBUG util.py:445:  gdbm-libs-1.23-1.el9.armv6hl
DEBUG util.py:445:  libatomic-11.5.0-14.el9.redsleeve.armv6hl
DEBUG util.py:445:  libffi-3.4.2-8.el9.armv6hl
DEBUG util.py:445:  libsepol-3.6-3.el9.armv6hl
DEBUG util.py:445:  libsigsegv-2.13-4.el9.armv6hl
DEBUG util.py:445:  gawk-5.1.0-6.el9.armv6hl
DEBUG util.py:445:  libsmartcols-2.37.4-25.el9.armv6hl
DEBUG util.py:445:  libtasn1-4.16.0-10.el9_8.redsleeve.armv6hl
DEBUG util.py:445:  p11-kit-0.26.4-1.el9_8.armv6hl
DEBUG util.py:445:  libunistring-0.9.10-15.el9.armv6hl
DEBUG util.py:445:  libidn2-2.3.0-7.el9.armv6hl
DEBUG util.py:445:  lua-libs-5.4.4-4.el9.armv6hl
DEBUG util.py:445:  pcre2-10.40-6.el9.armv6hl
DEBUG util.py:445:  libselinux-3.6-3.el9.armv6hl
DEBUG util.py:445:  sed-4.8-10.el9_8.armv6hl
DEBUG util.py:445:  findutils-4.8.0-7.el9.armv6hl
DEBUG util.py:445:  libsemanage-3.6-5.el9.armv6hl
DEBUG util.py:445:  shadow-utils-4.9-16.el9.armv6hl
DEBUG util.py:445:  libutempter-1.2.1-6.el9.armv6hl
DEBUG util.py:445:  tar-1.34-11.el9.armv6hl
DEBUG util.py:445:  libpsl-0.21.1-5.el9.armv6hl
DEBUG util.py:445:  p11-kit-trust-0.26.4-1.el9_8.armv6hl
DEBUG util.py:445:  zip-3.0-35.el9.armv6hl
DEBUG util.py:445:  zstd-1.5.5-1.el9.armv6hl
DEBUG util.py:445:  groff-base-1.22.4-10.el9.armv6hl
DEBUG util.py:445:  acl-2.4.0-1.el9_8.armv6hl
DEBUG util.py:445:  bzip2-1.0.8-11.el9.armv6hl
DEBUG util.py:445:  libxml2-2.9.13-14.el9_8.2.armv6hl
DEBUG util.py:445:  info-6.7-15.el9.armv6hl
DEBUG util.py:445:  ed-1.14.2-12.el9.armv6hl
DEBUG util.py:445:  patch-2.7.6-16.el9.armv6hl
DEBUG util.py:445:  cpio-2.13-16.el9.armv6hl
DEBUG util.py:445:  diffutils-3.7-12.el9.armv6hl
DEBUG util.py:445:  expat-2.5.0-6.el9_8.1.armv6hl
DEBUG util.py:445:  json-c-0.14-11.el9.armv6hl
DEBUG util.py:445:  keyutils-libs-1.6.3-1.el9.armv6hl
DEBUG util.py:445:  libbrotli-1.0.9-9.el9.armv6hl
DEBUG util.py:445:  libdb-5.3.28-57.el9.armv6hl
DEBUG util.py:445:  libeconf-0.4.1-7.el9_8.armv6hl
DEBUG util.py:445:  libgomp-11.5.0-14.el9.redsleeve.armv6hl
DEBUG util.py:445:  libgpg-error-1.42-5.el9.armv6hl
DEBUG util.py:445:  libgcrypt-1.10.0-13.el9_8.armv6hl
DEBUG util.py:445:  libnghttp2-1.43.0-6.el9.1.armv6hl
DEBUG util.py:445:  libpkgconf-1.7.3-10.el9.armv6hl
DEBUG util.py:445:  pkgconf-1.7.3-10.el9.armv6hl
DEBUG util.py:445:  pkgconf-pkg-config-1.7.3-10.el9.armv6hl
DEBUG util.py:445:  libseccomp-2.5.2-2.el9.redsleeve.armv6hl
DEBUG util.py:445:  libtool-ltdl-2.4.6-46.el9.armv6hl
DEBUG util.py:445:  libverto-0.3.2-3.el9.armv6hl
DEBUG util.py:445:  ncurses-6.2-12.20210508.el9.armv6hl
DEBUG util.py:445:  pcre-8.44-4.el9.armv6hl
DEBUG util.py:445:  grep-3.6-5.el9.armv6hl
DEBUG util.py:445:  openssl-fips-provider-3.5.5-6.el9_8.armv6hl
DEBUG util.py:445:  openssl-libs-3.5.5-6.el9_8.armv6hl
DEBUG util.py:445:  coreutils-8.32-41.el9_8.armv6hl
DEBUG util.py:445:  ca-certificates-2025.2.80_v9.0.305-91.el9.noarch
DEBUG util.py:445:  libblkid-2.37.4-25.el9.armv6hl
DEBUG util.py:445:  systemd-libs-252-67.el9_8.4.redsleeve.armv6hl
DEBUG util.py:445:  libmount-2.37.4-25.el9.armv6hl
DEBUG util.py:445:  krb5-libs-1.21.1-10.el9_8.armv6hl
DEBUG util.py:445:  libfdisk-2.37.4-25.el9.armv6hl
DEBUG util.py:445:  gzip-1.12-1.el9.armv6hl
DEBUG util.py:445:  cracklib-2.9.6-28.el9.armv6hl
DEBUG util.py:445:  libarchive-3.5.3-9.el9.armv6hl
DEBUG util.py:445:  xz-5.2.5-8.el9.armv6hl
DEBUG util.py:445:  cracklib-dicts-2.9.6-28.el9.armv6hl
DEBUG util.py:445:  perl-Digest-1.19-4.el9.noarch
DEBUG util.py:445:  perl-Digest-MD5-2.58-4.el9.armv6hl
DEBUG util.py:445:  perl-B-1.80-483.el9.armv6hl
DEBUG util.py:445:  perl-FileHandle-2.03-483.el9.noarch
DEBUG util.py:445:  perl-Data-Dumper-2.174-462.el9.armv6hl
DEBUG util.py:445:  perl-libnet-3.13-4.el9.noarch
DEBUG util.py:445:  perl-AutoLoader-5.74-483.el9.noarch
DEBUG util.py:445:  perl-base-2.27-483.el9.noarch
DEBUG util.py:445:  perl-URI-5.09-3.el9.noarch
DEBUG util.py:445:  perl-if-0.60.800-483.el9.noarch
DEBUG util.py:445:  perl-IO-Socket-IP-0.41-5.el9.noarch
DEBUG util.py:445:  perl-Time-Local-1.300-7.el9.noarch
DEBUG util.py:445:  perl-File-Path-2.18-4.el9.noarch
DEBUG util.py:445:  perl-IO-Socket-SSL-2.073-2.el9.noarch
DEBUG util.py:445:  perl-Net-SSLeay-1.94-3.el9.armv6hl
DEBUG util.py:445:  perl-Pod-Escapes-1.07-460.el9.noarch
DEBUG util.py:445:  perl-Text-Tabs+Wrap-2013.0523-460.el9.noarch
DEBUG util.py:445:  perl-Mozilla-CA-20200520-6.el9.noarch
DEBUG util.py:445:  perl-Class-Struct-0.66-483.el9.noarch
DEBUG util.py:445:  perl-POSIX-1.94-483.el9.armv6hl
DEBUG util.py:445:  perl-Term-ANSIColor-5.01-461.el9.noarch
DEBUG util.py:445:  perl-IPC-Open3-1.21-483.el9.noarch
DEBUG util.py:445:  perl-subs-1.03-483.el9.noarch
DEBUG util.py:445:  perl-File-Temp-0.231.100-4.el9.noarch
DEBUG util.py:445:  perl-Term-Cap-1.17-460.el9.noarch
DEBUG util.py:445:  perl-Pod-Simple-3.42-4.el9.noarch
DEBUG util.py:445:  perl-HTTP-Tiny-0.076-462.el9.noarch
DEBUG util.py:445:  perl-Socket-2.031-4.el9.armv6hl
DEBUG util.py:445:  perl-SelectSaver-1.02-483.el9.noarch
DEBUG util.py:445:  perl-Symbol-1.08-483.el9.noarch
DEBUG util.py:445:  perl-File-stat-1.09-483.el9.noarch
DEBUG util.py:445:  perl-podlators-4.14-460.el9.noarch
DEBUG util.py:445:  perl-Pod-Perldoc-3.28.01-461.el9.noarch
DEBUG util.py:445:  perl-Fcntl-1.13-483.el9.armv6hl
DEBUG util.py:445:  perl-Text-ParseWords-3.30-460.el9.noarch
DEBUG util.py:445:  perl-mro-1.23-483.el9.armv6hl
DEBUG util.py:445:  perl-IO-1.43-483.el9.armv6hl
DEBUG util.py:445:  perl-overloading-0.02-483.el9.noarch
DEBUG util.py:445:  perl-Pod-Usage-2.01-4.el9.noarch
DEBUG util.py:445:  perl-Errno-1.30-483.el9.armv6hl
DEBUG util.py:445:  perl-File-Basename-2.85-483.el9.noarch
DEBUG util.py:445:  perl-Getopt-Std-1.12-483.el9.noarch
DEBUG util.py:445:  perl-MIME-Base64-3.16-4.el9.armv6hl
DEBUG util.py:445:  perl-Scalar-List-Utils-1.56-462.el9.armv6hl
DEBUG util.py:445:  perl-constant-1.33-461.el9.noarch
DEBUG util.py:445:  perl-Storable-3.21-460.el9.armv6hl
DEBUG util.py:445:  perl-overload-1.31-483.el9.noarch
DEBUG util.py:445:  perl-parent-0.238-460.el9.noarch
DEBUG util.py:445:  perl-vars-1.05-483.el9.noarch
DEBUG util.py:445:  perl-Getopt-Long-2.52-4.el9.noarch
DEBUG util.py:445:  perl-Carp-1.50-460.el9.noarch
DEBUG util.py:445:  perl-Exporter-5.74-461.el9.noarch
DEBUG util.py:445:  perl-NDBM_File-1.15-483.el9.armv6hl
DEBUG util.py:445:  perl-PathTools-3.78-461.el9.armv6hl
DEBUG util.py:445:  perl-Encode-3.08-462.el9.armv6hl
DEBUG util.py:445:  perl-libs-5.32.1-483.el9.armv6hl
DEBUG util.py:445:  perl-interpreter-5.32.1-483.el9.armv6hl
DEBUG util.py:445:  kernel-srpm-macros-1.0-14.el9.noarch
DEBUG util.py:445:  cyrus-sasl-lib-2.1.27-22.el9.armv6hl
DEBUG util.py:445:  libssh-0.10.4-18.el9.armv6hl
DEBUG util.py:445:  util-linux-core-2.37.4-25.el9.armv6hl
DEBUG util.py:445:  openssl-3.5.5-6.el9_8.armv6hl
DEBUG util.py:445:  libpwquality-1.4.4-8.el9.armv6hl
DEBUG util.py:445:  pam-1.5.1-28.el9.armv6hl
DEBUG util.py:445:  util-linux-2.37.4-25.el9.armv6hl
DEBUG util.py:445:  kmod-libs-28-11.el9.armv6hl
DEBUG util.py:445:  dbus-1.12.20-8.el9.armv6hl
DEBUG util.py:445:  systemd-pam-252-67.el9_8.4.redsleeve.armv6hl
DEBUG util.py:445:  systemd-252-67.el9_8.4.redsleeve.armv6hl
DEBUG util.py:445:  dbus-common-1.12.20-8.el9.noarch
DEBUG util.py:445:  dbus-broker-28-8.el9.armv6hl
DEBUG util.py:445:  elfutils-default-yama-scope-0.194-1.el9.rocky.0.1.noarch
DEBUG util.py:445:  elfutils-libs-0.194-1.el9.rocky.0.1.armv6hl
DEBUG util.py:445:  libevent-2.1.12-8.el9.armv6hl
DEBUG util.py:445:  openldap-2.6.8-4.el9.0.1.armv6hl
DEBUG util.py:445:  libcurl-7.76.1-40.el9.armv6hl
DEBUG util.py:445:  elfutils-debuginfod-client-0.194-1.el9.rocky.0.1.armv6hl
DEBUG util.py:445:  binutils-gold-2.35.2-72.el9.redsleeve.armv6hl
DEBUG util.py:445:  binutils-2.35.2-72.el9.redsleeve.armv6hl
DEBUG util.py:445:  elfutils-0.194-1.el9.rocky.0.1.armv6hl
DEBUG util.py:445:  gdb-minimal-16.3-3.el9.armv6hl
DEBUG util.py:445:  debugedit-5.0-11.el9.armv6hl
DEBUG util.py:445:  curl-7.76.1-40.el9.armv6hl
DEBUG util.py:445:  rpm-4.16.1.3-40.el9.armv6hl
DEBUG util.py:445:  rpm-libs-4.16.1.3-40.el9.armv6hl
DEBUG util.py:445:  efi-srpm-macros-6-4.el9.noarch
DEBUG util.py:445:  lua-srpm-macros-1-6.el9.noarch
DEBUG util.py:445:  rpm-build-libs-4.16.1.3-40.el9.armv6hl
DEBUG util.py:445:  fonts-srpm-macros-2.0.5-7.el9.1.noarch
DEBUG util.py:445:  go-srpm-macros-3.8.1-1.el9.redsleeve.noarch
DEBUG util.py:445:  python-srpm-macros-3.9-54.el9.noarch
DEBUG util.py:445:  redhat-rpm-config-210-1.el9.redsleeve.noarch
DEBUG util.py:445:  rpm-build-4.16.1.3-40.el9.armv6hl
DEBUG util.py:445:  pyproject-srpm-macros-1.18.5-1.el9.noarch
DEBUG util.py:445:  which-2.21-30.el9.armv6hl
DEBUG util.py:596:  Child return code was: 0
INFO backend.py:234:  Installed packages:
INFO backend.py:235:  openssl-fips-provider-3.5.5-6.el9_8.armv6hl
cracklib-2.9.6-28.el9.armv6hl
perl-Pod-Usage-2.01-4.el9.noarch
libstdc++-11.5.0-14.el9.redsleeve.armv6hl
perl-Pod-Perldoc-3.28.01-461.el9.noarch
rpm-libs-4.16.1.3-40.el9.armv6hl
perl-Digest-MD5-2.58-4.el9.armv6hl
libatomic-11.5.0-14.el9.redsleeve.armv6hl
pkgconf-pkg-config-1.7.3-10.el9.armv6hl
openblas-srpm-macros-2-11.el9.redsleeve.noarch
perl-Getopt-Std-1.12-483.el9.noarch
libffi-3.4.2-8.el9.armv6hl
elfutils-default-yama-scope-0.194-1.el9.rocky.0.1.noarch
pcre-8.44-4.el9.armv6hl
perl-IPC-Open3-1.21-483.el9.noarch
expat-2.5.0-6.el9_8.1.armv6hl
libpkgconf-1.7.3-10.el9.armv6hl
libblkid-2.37.4-25.el9.armv6hl
perl-srpm-macros-1-41.el9.noarch
libseccomp-2.5.2-2.el9.redsleeve.armv6hl
perl-interpreter-5.32.1-483.el9.armv6hl
libzstd-1.5.5-1.el9.armv6hl
gzip-1.12-1.el9.armv6hl
libevent-2.1.12-8.el9.armv6hl
glibc-2.34-275.el9_8.redsleeve.armv6hl
p11-kit-0.26.4-1.el9_8.armv6hl
libattr-2.5.1-3.el9.armv6hl
curl-7.76.1-40.el9.armv6hl
perl-Term-ANSIColor-5.01-461.el9.noarch
perl-Mozilla-CA-20200520-6.el9.noarch
pam-1.5.1-28.el9.armv6hl
libeconf-0.4.1-7.el9_8.armv6hl
libselinux-3.6-3.el9.armv6hl
rpm-build-libs-4.16.1.3-40.el9.armv6hl
xz-libs-5.2.5-8.el9.armv6hl
perl-IO-Socket-SSL-2.073-2.el9.noarch
perl-libnet-3.13-4.el9.noarch
zip-3.0-35.el9.armv6hl
perl-constant-1.33-461.el9.noarch
pkgconf-m4-1.7.3-10.el9.noarch
libtool-ltdl-2.4.6-46.el9.armv6hl
p11-kit-trust-0.26.4-1.el9_8.armv6hl
perl-IO-1.43-483.el9.armv6hl
elfutils-libs-0.194-1.el9.rocky.0.1.armv6hl
efi-srpm-macros-6-4.el9.noarch
gpg-pubkey-2f00d701-6317b177
elfutils-libelf-0.194-1.el9.rocky.0.1.armv6hl
libcurl-7.76.1-40.el9.armv6hl
perl-SelectSaver-1.02-483.el9.noarch
debugedit-5.0-11.el9.armv6hl
gdbm-libs-1.23-1.el9.armv6hl
acl-2.4.0-1.el9_8.armv6hl
gawk-all-langpacks-5.1.0-6.el9.armv6hl
libgomp-11.5.0-14.el9.redsleeve.armv6hl
libcap-ng-0.8.2-7.el9.armv6hl
dbus-common-1.12.20-8.el9.noarch
sqlite-libs-3.34.1-10.el9_8.armv6hl
perl-Symbol-1.08-483.el9.noarch
perl-NDBM_File-1.15-483.el9.armv6hl
util-linux-2.37.4-25.el9.armv6hl
libarchive-3.5.3-9.el9.armv6hl
cracklib-dicts-2.9.6-28.el9.armv6hl
perl-Exporter-5.74-461.el9.noarch
libidn2-2.3.0-7.el9.armv6hl
crypto-policies-20260224-1.gitea0f072.el9.noarch
zlib-1.2.11-40.el9.armv6hl
openssl-libs-3.5.5-6.el9_8.armv6hl
perl-Text-ParseWords-3.30-460.el9.noarch
libsemanage-3.6-5.el9.armv6hl
file-5.39-17.el9.armv6hl
libmount-2.37.4-25.el9.armv6hl
perl-parent-0.238-460.el9.noarch
json-c-0.14-11.el9.armv6hl
perl-mro-1.23-483.el9.armv6hl
pcre2-syntax-10.40-6.el9.noarch
basesystem-11-13.el9.0.1.noarch
libcap-2.48-10.el9.1.armv6hl
perl-Time-Local-1.300-7.el9.noarch
which-2.21-30.el9.armv6hl
libgcrypt-1.10.0-13.el9_8.armv6hl
audit-libs-3.1.5-8.el9.armv6hl
glibc-minimal-langpack-2.34-275.el9_8.redsleeve.armv6hl
libpsl-0.21.1-5.el9.armv6hl
gmp-6.2.0-13.el9.armv6hl
libsepol-3.6-3.el9.armv6hl
libssh-config-0.10.4-18.el9.noarch
libutempter-1.2.1-6.el9.armv6hl
ghc-srpm-macros-1.5.0-6.el9.noarch
info-6.7-15.el9.armv6hl
ed-1.14.2-12.el9.armv6hl
elfutils-0.194-1.el9.rocky.0.1.armv6hl
perl-Scalar-List-Utils-1.56-462.el9.armv6hl
perl-File-Temp-0.231.100-4.el9.noarch
coreutils-8.32-41.el9_8.armv6hl
unzip-6.0-60.el9_8.armv6hl
sed-4.8-10.el9_8.armv6hl
rust-srpm-macros-17-4.el9.redsleeve.noarch
perl-Term-Cap-1.17-460.el9.noarch
libssh-0.10.4-18.el9.armv6hl
perl-Socket-2.031-4.el9.armv6hl
file-libs-5.39-17.el9.armv6hl
gawk-5.1.0-6.el9.armv6hl
filesystem-3.16-5.el9.armv6hl
perl-Getopt-Long-2.52-4.el9.noarch
binutils-gold-2.35.2-72.el9.redsleeve.armv6hl
cyrus-sasl-lib-2.1.27-22.el9.armv6hl
lz4-libs-1.9.3-5.el9.armv6hl
binutils-2.35.2-72.el9.redsleeve.armv6hl
glibc-gconv-extra-2.34-275.el9_8.redsleeve.armv6hl
perl-overload-1.31-483.el9.noarch
glibc-common-2.34-275.el9_8.redsleeve.armv6hl
openldap-2.6.8-4.el9.0.1.armv6hl
libxcrypt-4.4.18-3.el9.armv6hl
perl-FileHandle-2.03-483.el9.noarch
popt-1.18-8.el9.armv6hl
ncurses-6.2-12.20210508.el9.armv6hl
perl-MIME-Base64-3.16-4.el9.armv6hl
libgpg-error-1.42-5.el9.armv6hl
elfutils-debuginfod-client-0.194-1.el9.rocky.0.1.armv6hl
python-srpm-macros-3.9-54.el9.noarch
shadow-utils-4.9-16.el9.armv6hl
setup-2.13.7-10.el9.noarch
systemd-pam-252-67.el9_8.4.redsleeve.armv6hl
ncurses-base-6.2-12.20210508.el9.noarch
lua-libs-5.4.4-4.el9.armv6hl
rpm-build-4.16.1.3-40.el9.armv6hl
libtasn1-4.16.0-10.el9_8.redsleeve.armv6hl
patch-2.7.6-16.el9.armv6hl
perl-File-stat-1.09-483.el9.noarch
perl-Fcntl-1.13-483.el9.armv6hl
libsigsegv-2.13-4.el9.armv6hl
perl-Class-Struct-0.66-483.el9.noarch
kmod-libs-28-11.el9.armv6hl
libacl-2.4.0-1.el9_8.armv6hl
libsmartcols-2.37.4-25.el9.armv6hl
perl-Errno-1.30-483.el9.armv6hl
zstd-1.5.5-1.el9.armv6hl
bzip2-libs-1.0.8-11.el9.armv6hl
systemd-libs-252-67.el9_8.4.redsleeve.armv6hl
perl-Net-SSLeay-1.94-3.el9.armv6hl
libverto-0.3.2-3.el9.armv6hl
libnghttp2-1.43.0-6.el9.1.armv6hl
libuuid-2.37.4-25.el9.armv6hl
keyutils-libs-1.6.3-1.el9.armv6hl
perl-Carp-1.50-460.el9.noarch
redhat-rpm-config-210-1.el9.redsleeve.noarch
diffutils-3.7-12.el9.armv6hl
pyproject-srpm-macros-1.18.5-1.el9.noarch
pcre2-10.40-6.el9.armv6hl
coreutils-common-8.32-41.el9_8.armv6hl
perl-POSIX-1.94-483.el9.armv6hl
perl-Encode-3.08-462.el9.armv6hl
perl-PathTools-3.78-461.el9.armv6hl
perl-podlators-4.14-460.el9.noarch
libcom_err-1.46.5-8.el9.armv6hl
publicsuffix-list-dafsa-20210518-3.el9.noarch
perl-subs-1.03-483.el9.noarch
perl-Text-Tabs+Wrap-2013.0523-460.el9.noarch
perl-File-Basename-2.85-483.el9.noarch
perl-File-Path-2.18-4.el9.noarch
ncurses-libs-6.2-12.20210508.el9.armv6hl
libdb-5.3.28-57.el9.armv6hl
mpfr-4.1.0-10.el9.armv6hl
perl-Digest-1.19-4.el9.noarch
lua-srpm-macros-1-6.el9.noarch
libbrotli-1.0.9-9.el9.armv6hl
ocaml-srpm-macros-6-6.el9.noarch
fonts-srpm-macros-2.0.5-7.el9.1.noarch
bzip2-1.0.8-11.el9.armv6hl
perl-Data-Dumper-2.174-462.el9.armv6hl
tar-1.34-11.el9.armv6hl
systemd-252-67.el9_8.4.redsleeve.armv6hl
grep-3.6-5.el9.armv6hl
perl-HTTP-Tiny-0.076-462.el9.noarch
util-linux-core-2.37.4-25.el9.armv6hl
perl-base-2.27-483.el9.noarch
libxml2-2.9.13-14.el9_8.2.armv6hl
perl-vars-1.05-483.el9.noarch
libunistring-0.9.10-15.el9.armv6hl
perl-if-0.60.800-483.el9.noarch
xz-5.2.5-8.el9.armv6hl
openssl-3.5.5-6.el9_8.armv6hl
perl-IO-Socket-IP-0.41-5.el9.noarch
readline-8.1-4.el9.armv6hl
perl-B-1.80-483.el9.armv6hl
systemd-rpm-macros-252-67.el9_8.4.redsleeve.noarch
krb5-libs-1.21.1-10.el9_8.armv6hl
go-srpm-macros-3.8.1-1.el9.redsleeve.noarch
pkgconf-1.7.3-10.el9.armv6hl
findutils-4.8.0-7.el9.armv6hl
libfdisk-2.37.4-25.el9.armv6hl
cpio-2.13-16.el9.armv6hl
ca-certificates-2025.2.80_v9.0.305-91.el9.noarch
dbus-1.12.20-8.el9.armv6hl
perl-libs-5.32.1-483.el9.armv6hl
perl-overloading-0.02-483.el9.noarch
tzdata-2026b-1.el9_8.noarch
gdb-minimal-16.3-3.el9.armv6hl
perl-URI-5.09-3.el9.noarch
alternatives-1.24-2.el9.armv6hl
redsleeve-release-9.8-0.el9.noarch
qt5-srpm-macros-5.15.9-1.el9.noarch
perl-AutoLoader-5.74-483.el9.noarch
kernel-srpm-macros-1.0-14.el9.noarch
libpwquality-1.4.4-8.el9.armv6hl
bash-5.1.8-9.el9.armv6hl
libgcc-11.5.0-14.el9.redsleeve.armv6hl
dbus-broker-28-8.el9.armv6hl
dwz-0.16-1.el9.armv6hl
rpm-4.16.1.3-40.el9.armv6hl
perl-Pod-Simple-3.42-4.el9.noarch
perl-Storable-3.21-460.el9.armv6hl
perl-Pod-Escapes-1.07-460.el9.noarch
groff-base-1.22.4-10.el9.armv6hl
DEBUG util.py:622:  child environment: None
DEBUG util.py:535:  Using nspawn with args ['--capability=cap_ipc_lock', '--bind=/tmp/mock-resolv.b_1o_vpi:/etc/resolv.conf', '--bind=/dev/btrfs-control', '--bind=/dev/loop-control', '--bind=/dev/loop0', '--bind=/dev/loop1', '--bind=/dev/loop2', '--bind=/dev/loop3', '--bind=/dev/loop4', '--bind=/dev/loop5', '--bind=/dev/loop6', '--bind=/dev/loop7', '--bind=/dev/loop8', '--bind=/dev/loop9', '--bind=/dev/loop10', '--bind=/dev/loop11']
DEBUG util.py:540:  Executing command: ['/usr/bin/systemd-nspawn', '-q', '-M', '640f1025553b4e068c6a7ab473484a16', '-D', '/var/lib/mock/redsleeve-9-armv6hl/root', '-a', '-u', 'mockbuild', '--capability=cap_ipc_lock', '--bind=/tmp/mock-resolv.b_1o_vpi:/etc/resolv.conf', '--bind=/dev/btrfs-control', '--bind=/dev/loop-control', '--bind=/dev/loop0', '--bind=/dev/loop1', '--bind=/dev/loop2', '--bind=/dev/loop3', '--bind=/dev/loop4', '--bind=/dev/loop5', '--bind=/dev/loop6', '--bind=/dev/loop7', '--bind=/dev/loop8', '--bind=/dev/loop9', '--bind=/dev/loop10', '--bind=/dev/loop11', '--console=pipe', '--setenv=TERM=vt100', '--setenv=SHELL=/bin/bash', '--setenv=HOME=/builddir', '--setenv=HOSTNAME=mock', '--setenv=PATH=/usr/bin:/bin:/usr/sbin:/sbin', '--setenv=PROMPT_COMMAND=printf "\\033]0;<mock-chroot>\\007"', '--setenv=PS1=<mock-chroot> \\s-\\v\\$ ', '--setenv=LANG=C.UTF-8', '--resolv-conf=off', '/bin/rpm', '-Uvh', '--nodeps', '/builddir/build/originals/mock-redsleeve-configs-37.4-1.el9.src.rpm'] with env {'TERM': 'vt100', 'SHELL': '/bin/bash', 'HOME': '/builddir', 'HOSTNAME': 'mock', 'PATH': '/usr/bin:/bin:/usr/sbin:/sbin', 'PROMPT_COMMAND': 'printf "\\033]0;<mock-chroot>\\007"', 'PS1': '<mock-chroot> \\s-\\v\\$ ', 'LANG': 'C.UTF-8', 'SYSTEMD_NSPAWN_TMPFS_TMP': '0', 'SYSTEMD_SECCOMP': '0'} and shell False
DEBUG util.py:445:  Updating / installing...
DEBUG util.py:443:  mock-redsleeve-configs-37.4-1.el9     warning: group mockbuild does not exist - using root
DEBUG util.py:443:  warning: group mockbuild does not exist - using root
DEBUG util.py:445:  ########################################
DEBUG util.py:596:  Child return code was: 0
DEBUG util.py:622:  child environment: None
DEBUG util.py:535:  Using nspawn with args ['--capability=cap_ipc_lock', '--bind=/tmp/mock-resolv.b_1o_vpi:/etc/resolv.conf', '--bind=/dev/btrfs-control', '--bind=/dev/loop-control', '--bind=/dev/loop0', '--bind=/dev/loop1', '--bind=/dev/loop2', '--bind=/dev/loop3', '--bind=/dev/loop4', '--bind=/dev/loop5', '--bind=/dev/loop6', '--bind=/dev/loop7', '--bind=/dev/loop8', '--bind=/dev/loop9', '--bind=/dev/loop10', '--bind=/dev/loop11']
DEBUG util.py:540:  Executing command: ['/usr/bin/systemd-nspawn', '-q', '-M', 'd5b2c5fe73164faa950391f14d299d6f', '-D', '/var/lib/mock/redsleeve-9-armv6hl/root', '-a', '-u', 'mockbuild', '--capability=cap_ipc_lock', '--bind=/tmp/mock-resolv.b_1o_vpi:/etc/resolv.conf', '--bind=/dev/btrfs-control', '--bind=/dev/loop-control', '--bind=/dev/loop0', '--bind=/dev/loop1', '--bind=/dev/loop2', '--bind=/dev/loop3', '--bind=/dev/loop4', '--bind=/dev/loop5', '--bind=/dev/loop6', '--bind=/dev/loop7', '--bind=/dev/loop8', '--bind=/dev/loop9', '--bind=/dev/loop10', '--bind=/dev/loop11', '--console=pipe', '--setenv=TERM=vt100', '--setenv=SHELL=/bin/bash', '--setenv=HOME=/builddir', '--setenv=HOSTNAME=mock', '--setenv=PATH=/usr/bin:/bin:/usr/sbin:/sbin', '--setenv=PROMPT_COMMAND=printf "\\033]0;<mock-chroot>\\007"', '--setenv=PS1=<mock-chroot> \\s-\\v\\$ ', '--setenv=LANG=C.UTF-8', '--resolv-conf=off', '/bin/rpm', '-qpl', '/builddir/build/originals/mock-redsleeve-configs-37.4-1.el9.src.rpm'] with env {'TERM': 'vt100', 'SHELL': '/bin/bash', 'HOME': '/builddir', 'HOSTNAME': 'mock', 'PATH': '/usr/bin:/bin:/usr/sbin:/sbin', 'PROMPT_COMMAND': 'printf "\\033]0;<mock-chroot>\\007"', 'PS1': '<mock-chroot> \\s-\\v\\$ ', 'LANG': 'C.UTF-8', 'SYSTEMD_NSPAWN_TMPFS_TMP': '0', 'SYSTEMD_SECCOMP': '0'} and shell False
DEBUG util.py:445:  mock-redsleeve-configs-37.4.tar.gz
DEBUG util.py:445:  mock-redsleeve-configs.spec
DEBUG util.py:596:  Child return code was: 0
DEBUG util.py:622:  child environment: None
DEBUG file_util.py:17:  ensuring that dir exists: /var/lib/mock/redsleeve-9-armv6hl/root/proc
DEBUG util.py:622:  child environment: None
DEBUG util.py:540:  Executing command: ['/bin/mount', '-n', '-t', 'tmpfs', '-o', 'rprivate', 'tmpfs', '/var/lib/mock/redsleeve-9-armv6hl/root/proc'] with env {'TERM': 'vt100', 'SHELL': '/bin/sh', 'HOME': '/builddir', 'HOSTNAME': 'mock', 'PATH': '/usr/bin:/bin:/usr/sbin:/sbin', 'LANG': 'C.UTF-8'} and shell False
DEBUG util.py:596:  Child return code was: 0
DEBUG file_util.py:17:  ensuring that dir exists: /var/lib/mock/redsleeve-9-armv6hl/root/proc
DEBUG util.py:622:  child environment: None
DEBUG util.py:540:  Executing command: ['/bin/mount', '-n', '-o', 'rbind', '/proc', '/var/lib/mock/redsleeve-9-armv6hl/root/proc'] with env {'TERM': 'vt100', 'SHELL': '/bin/sh', 'HOME': '/builddir', 'HOSTNAME': 'mock', 'PATH': '/usr/bin:/bin:/usr/sbin:/sbin', 'LANG': 'C.UTF-8'} and shell False
DEBUG util.py:596:  Child return code was: 0
DEBUG util.py:622:  child environment: None
DEBUG util.py:540:  Executing command: ['/bin/mount', '-n', '-o', 'remount,nodev,noexec,nosuid,readonly,rprivate,rbind', '--target', '/var/lib/mock/redsleeve-9-armv6hl/root/proc'] with env {'TERM': 'vt100', 'SHELL': '/bin/sh', 'HOME': '/builddir', 'HOSTNAME': 'mock', 'PATH': '/usr/bin:/bin:/usr/sbin:/sbin', 'LANG': 'C.UTF-8'} and shell False
DEBUG util.py:596:  Child return code was: 0
DEBUG file_util.py:17:  ensuring that dir exists: /var/lib/mock/redsleeve-9-armv6hl/root/sys
DEBUG util.py:622:  child environment: None
DEBUG util.py:540:  Executing command: ['/bin/mount', '-n', '-t', 'tmpfs', '-o', 'rprivate', 'tmpfs', '/var/lib/mock/redsleeve-9-armv6hl/root/sys'] with env {'TERM': 'vt100', 'SHELL': '/bin/sh', 'HOME': '/builddir', 'HOSTNAME': 'mock', 'PATH': '/usr/bin:/bin:/usr/sbin:/sbin', 'LANG': 'C.UTF-8'} and shell False
DEBUG util.py:596:  Child return code was: 0
DEBUG file_util.py:17:  ensuring that dir exists: /var/lib/mock/redsleeve-9-armv6hl/root/sys
DEBUG util.py:622:  child environment: None
DEBUG util.py:540:  Executing command: ['/bin/mount', '-n', '-o', 'rbind', '/sys', '/var/lib/mock/redsleeve-9-armv6hl/root/sys'] with env {'TERM': 'vt100', 'SHELL': '/bin/sh', 'HOME': '/builddir', 'HOSTNAME': 'mock', 'PATH': '/usr/bin:/bin:/usr/sbin:/sbin', 'LANG': 'C.UTF-8'} and shell False
DEBUG util.py:596:  Child return code was: 0
DEBUG util.py:622:  child environment: None
DEBUG util.py:540:  Executing command: ['/bin/mount', '-n', '-o', 'remount,nodev,noexec,nosuid,readonly,rprivate,rbind', '--target', '/var/lib/mock/redsleeve-9-armv6hl/root/sys'] with env {'TERM': 'vt100', 'SHELL': '/bin/sh', 'HOME': '/builddir', 'HOSTNAME': 'mock', 'PATH': '/usr/bin:/bin:/usr/sbin:/sbin', 'LANG': 'C.UTF-8'} and shell False
DEBUG util.py:596:  Child return code was: 0
DEBUG file_util.py:17:  ensuring that dir exists: /var/lib/mock/redsleeve-9-armv6hl/root/dev/shm
DEBUG util.py:622:  child environment: None
DEBUG util.py:540:  Executing command: ['/bin/mount', '-n', '-t', 'tmpfs', 'tmpfs', '/var/lib/mock/redsleeve-9-armv6hl/root/dev/shm'] with env {'TERM': 'vt100', 'SHELL': '/bin/sh', 'HOME': '/builddir', 'HOSTNAME': 'mock', 'PATH': '/usr/bin:/bin:/usr/sbin:/sbin', 'LANG': 'C.UTF-8'} and shell False
DEBUG util.py:596:  Child return code was: 0
DEBUG file_util.py:17:  ensuring that dir exists: /var/lib/mock/redsleeve-9-armv6hl/root/dev/pts
DEBUG util.py:622:  child environment: None
DEBUG util.py:540:  Executing command: ['/bin/mount', '-n', '-t', 'devpts', '-o', 'gid=5,mode=0620,ptmxmode=0666,newinstance', 'devpts', '/var/lib/mock/redsleeve-9-armv6hl/root/dev/pts'] with env {'TERM': 'vt100', 'SHELL': '/bin/sh', 'HOME': '/builddir', 'HOSTNAME': 'mock', 'PATH': '/usr/bin:/bin:/usr/sbin:/sbin', 'LANG': 'C.UTF-8'} and shell False
DEBUG util.py:596:  Child return code was: 0
DEBUG file_util.py:17:  ensuring that dir exists: /var/lib/mock/redsleeve-9-armv6hl/root/installation-homedir
DEBUG package_manager.py:197:  ['/usr/bin/dnf', 'builddep', '--installroot', '/var/lib/mock/redsleeve-9-armv6hl/root/', '--releasever', '9', '--setopt=deltarpm=False', '--allowerasing', '--disableplugin=local', '--disableplugin=spacewalk', '--disableplugin=versionlock', '--disableplugin=local', '--disableplugin=spacewalk', '--disableplugin=versionlock', '/var/lib/mock/redsleeve-9-armv6hl/root//builddir/build/SRPMS/mock-redsleeve-configs-37.4-1.el9.src.rpm']
DEBUG util.py:622:  child environment: None
DEBUG util.py:535:  Using nspawn with args ['--capability=cap_ipc_lock', '--bind=/tmp/mock-resolv.cv2rtafy:/etc/resolv.conf']
DEBUG util.py:540:  Executing command: ['/usr/bin/systemd-nspawn', '-q', '-M', 'd79bcbcfcf7b470ba566c9717022ceb6', '-D', '/var/lib/mock/redsleeve-9-armv6hl-bootstrap/root', '-a', '--capability=cap_ipc_lock', '--bind=/tmp/mock-resolv.cv2rtafy:/etc/resolv.conf', '--console=pipe', '--setenv=TERM=vt100', '--setenv=SHELL=/bin/bash', '--setenv=HOME=/var/lib/mock/redsleeve-9-armv6hl/root/installation-homedir', '--setenv=HOSTNAME=mock', '--setenv=PATH=/usr/bin:/bin:/usr/sbin:/sbin', '--setenv=PROMPT_COMMAND=printf "\\033]0;<mock-chroot>\\007"', '--setenv=PS1=<mock-chroot> \\s-\\v\\$ ', '--setenv=LANG=C.UTF-8', '--setenv=LC_MESSAGES=C.UTF-8', '--resolv-conf=off', '/usr/bin/dnf', 'builddep', '--installroot', '/var/lib/mock/redsleeve-9-armv6hl/root/', '--releasever', '9', '--setopt=deltarpm=False', '--allowerasing', '--disableplugin=local', '--disableplugin=spacewalk', '--disableplugin=versionlock', '--disableplugin=local', '--disableplugin=spacewalk', '--disableplugin=versionlock', '/var/lib/mock/redsleeve-9-armv6hl/root//builddir/build/SRPMS/mock-redsleeve-configs-37.4-1.el9.src.rpm'] with env {'TERM': 'vt100', 'SHELL': '/bin/bash', 'HOME': '/var/lib/mock/redsleeve-9-armv6hl/root/installation-homedir', 'HOSTNAME': 'mock', 'PATH': '/usr/bin:/bin:/usr/sbin:/sbin', 'PROMPT_COMMAND': 'printf "\\033]0;<mock-chroot>\\007"', 'PS1': '<mock-chroot> \\s-\\v\\$ ', 'LANG': 'C.UTF-8', 'LC_MESSAGES': 'C.UTF-8', 'SYSTEMD_NSPAWN_TMPFS_TMP': '0', 'SYSTEMD_SECCOMP': '0'} and shell False
DEBUG util.py:443:  No matches found for the following disable plugin patterns: local, spacewalk, versionlock
DEBUG util.py:445:  Last metadata expiration check: 0:03:11 ago on Sat Aug  8 04:54:09 2026.
DEBUG util.py:445:  Dependencies resolved.
DEBUG util.py:445:  Nothing to do.
DEBUG util.py:445:  Complete!
DEBUG util.py:596:  Child return code was: 0
DEBUG util.py:622:  child environment: None
DEBUG util.py:540:  Executing command: ['/bin/umount', '-n', '-l', '/var/lib/mock/redsleeve-9-armv6hl/root/dev/pts'] with env {'TERM': 'vt100', 'SHELL': '/bin/sh', 'HOME': '/builddir', 'HOSTNAME': 'mock', 'PATH': '/usr/bin:/bin:/usr/sbin:/sbin', 'LANG': 'C.UTF-8'} and shell False
DEBUG util.py:596:  Child return code was: 0
DEBUG util.py:622:  child environment: None
DEBUG util.py:540:  Executing command: ['/bin/umount', '-n', '-l', '/var/lib/mock/redsleeve-9-armv6hl/root/dev/shm'] with env {'TERM': 'vt100', 'SHELL': '/bin/sh', 'HOME': '/builddir', 'HOSTNAME': 'mock', 'PATH': '/usr/bin:/bin:/usr/sbin:/sbin', 'LANG': 'C.UTF-8'} and shell False
DEBUG util.py:596:  Child return code was: 0
DEBUG util.py:622:  child environment: None
DEBUG util.py:540:  Executing command: ['/bin/umount', '-n', '-l', '/var/lib/mock/redsleeve-9-armv6hl/root/sys'] with env {'TERM': 'vt100', 'SHELL': '/bin/sh', 'HOME': '/builddir', 'HOSTNAME': 'mock', 'PATH': '/usr/bin:/bin:/usr/sbin:/sbin', 'LANG': 'C.UTF-8'} and shell False
DEBUG util.py:596:  Child return code was: 0
DEBUG util.py:622:  child environment: None
DEBUG util.py:540:  Executing command: ['/bin/umount', '-n', '-l', '/var/lib/mock/redsleeve-9-armv6hl/root/sys'] with env {'TERM': 'vt100', 'SHELL': '/bin/sh', 'HOME': '/builddir', 'HOSTNAME': 'mock', 'PATH': '/usr/bin:/bin:/usr/sbin:/sbin', 'LANG': 'C.UTF-8'} and shell False
DEBUG util.py:596:  Child return code was: 0
DEBUG util.py:622:  child environment: None
DEBUG util.py:540:  Executing command: ['/bin/umount', '-n', '-l', '/var/lib/mock/redsleeve-9-armv6hl/root/proc'] with env {'TERM': 'vt100', 'SHELL': '/bin/sh', 'HOME': '/builddir', 'HOSTNAME': 'mock', 'PATH': '/usr/bin:/bin:/usr/sbin:/sbin', 'LANG': 'C.UTF-8'} and shell False
DEBUG util.py:596:  Child return code was: 0
DEBUG util.py:622:  child environment: None
DEBUG util.py:540:  Executing command: ['/bin/umount', '-n', '-l', '/var/lib/mock/redsleeve-9-armv6hl/root/proc'] with env {'TERM': 'vt100', 'SHELL': '/bin/sh', 'HOME': '/builddir', 'HOSTNAME': 'mock', 'PATH': '/usr/bin:/bin:/usr/sbin:/sbin', 'LANG': 'C.UTF-8'} and shell False
DEBUG util.py:596:  Child return code was: 0
DEBUG util.py:168:  kill orphans
DEBUG util.py:622:  child environment: None
DEBUG util.py:535:  Using nspawn with args None
DEBUG util.py:540:  Executing command: ['/usr/bin/systemd-nspawn', '-q', '-M', '9c0000adfa3b4dbdb38f588691f2d913', '-D', '/var/lib/mock/redsleeve-9-armv6hl-bootstrap/root', '-a', '--console=pipe', '--setenv=TERM=vt100', '--setenv=SHELL=/bin/bash', '--setenv=HOME=/builddir', '--setenv=HOSTNAME=mock', '--setenv=PATH=/usr/bin:/bin:/usr/sbin:/sbin', '--setenv=PROMPT_COMMAND=printf "\\033]0;<mock-chroot>\\007"', '--setenv=PS1=<mock-chroot> \\s-\\v\\$ ', '--setenv=LANG=C.UTF-8', '--resolv-conf=off', '/bin/sh', '-c', "rpm -qa --root '/var/lib/mock/redsleeve-9-armv6hl/root' --qf '%{nevra} %{buildtime} %{size} %{pkgid} installed\\n'"] with env {'TERM': 'vt100', 'SHELL': '/bin/bash', 'HOME': '/builddir', 'HOSTNAME': 'mock', 'PATH': '/usr/bin:/bin:/usr/sbin:/sbin', 'PROMPT_COMMAND': 'printf "\\033]0;<mock-chroot>\\007"', 'PS1': '<mock-chroot> \\s-\\v\\$ ', 'LANG': 'C.UTF-8', 'SYSTEMD_NSPAWN_TMPFS_TMP': '0', 'SYSTEMD_SECCOMP': '0'} and shell False
DEBUG util.py:445:  gpg-pubkey-2f00d701-6317b177 1662497143 0 (none) installed
DEBUG util.py:445:  rust-srpm-macros-17-4.el9.redsleeve.noarch 1659273193 2446 49ef8ef7f66551283baf25bd70810d00 installed
DEBUG util.py:445:  qt5-srpm-macros-5.15.9-1.el9.noarch 1703806117 492 45a59130e3572c681e5fe8b958e82cdc installed
DEBUG util.py:445:  perl-srpm-macros-1-41.el9.noarch 1659079733 862 5e7096dac5383117f7efa6b340aab62a installed
DEBUG util.py:445:  openblas-srpm-macros-2-11.el9.redsleeve.noarch 1659224297 103 26fcc7a0669da3fd5eae0ab8300c5c74 installed
DEBUG util.py:445:  ocaml-srpm-macros-6-6.el9.noarch 1659036992 745 5f7082acf2dc73c71f7a55f428e79d91 installed
DEBUG util.py:445:  ghc-srpm-macros-1.5.0-6.el9.noarch 1658887730 535 063c52e0542aacbebe817247e41aa072 installed
DEBUG util.py:445:  tzdata-2026b-1.el9_8.noarch 1782162445 1922383 7ffcd66c9e45a82e472f04d6e50d956d installed
DEBUG util.py:445:  publicsuffix-list-dafsa-20210518-3.el9.noarch 1658484769 68815 408fcde2d59a2f9a3e18ecdd96615971 installed
DEBUG util.py:445:  pkgconf-m4-1.7.3-10.el9.noarch 1686085492 14187 ff787b3cac301d2e788290b6ff205bbd installed
DEBUG util.py:445:  pcre2-syntax-10.40-6.el9.noarch 1735104373 234324 b6c95c3710d14408d7b61c6dd933e4e9 installed
DEBUG util.py:445:  ncurses-base-6.2-12.20210508.el9.noarch 1766441027 307293 dcbdab72adbb367a7a192805d6d153d1 installed
DEBUG util.py:445:  libssh-config-0.10.4-18.el9.noarch 1781393812 277 b4fd63db8af875ace38a25892a36c965 installed
DEBUG util.py:445:  gawk-all-langpacks-5.1.0-6.el9.armv6hl 1658515890 1205149 19daa7a72c2dc3d084ca0d762b2b76ab installed
DEBUG util.py:445:  coreutils-common-8.32-41.el9_8.armv6hl 1783092508 10880341 00d9f061e9feaac7e9492e48c9560765 installed
DEBUG util.py:445:  ncurses-libs-6.2-12.20210508.el9.armv6hl 1766441027 1092475 e2d56a860fb2fddf95df57edfa4f24a6 installed
DEBUG util.py:445:  redsleeve-release-9.8-0.el9.noarch 1781137778 32063 cc11b60aa70fb9e2f634bfd66cacd9de installed
DEBUG util.py:445:  setup-2.13.7-10.el9.noarch 1717485764 725932 876afa082c9fa10fe4fa5d51404e10d4 installed
DEBUG util.py:445:  filesystem-3.16-5.el9.armv6hl 1735067435 88 6e3ae4493bee390136745e95fd678302 installed
DEBUG util.py:445:  basesystem-11-13.el9.0.1.noarch 1717417548 0 418a03d49144be07b1d5cfe660586f78 installed
DEBUG util.py:445:  bash-5.1.8-9.el9.armv6hl 1717417601 7623021 67bcb95fab4e64161d5ed76830a34aee installed
DEBUG util.py:445:  libgcc-11.5.0-14.el9.redsleeve.armv6hl 1782175757 234810 1817c8120488830de3484038b05cb12c installed
DEBUG util.py:445:  glibc-gconv-extra-2.34-275.el9_8.redsleeve.armv6hl 1785906138 19221270 42bd5274d49122ffb601ee87b6397226 installed
DEBUG util.py:445:  glibc-minimal-langpack-2.34-275.el9_8.redsleeve.armv6hl 1785906138 0 ea02176dac8cb0783390dff316910589 installed
DEBUG util.py:445:  glibc-common-2.34-275.el9_8.redsleeve.armv6hl 1785906138 1345022 4807aef7aac77ab8c5837508d1c59a51 installed
DEBUG util.py:445:  glibc-2.34-275.el9_8.redsleeve.armv6hl 1785906138 5783064 22b6d8557664e36f1fdf7cde5227c264 installed
DEBUG util.py:445:  crypto-policies-20260224-1.gitea0f072.el9.noarch 1782715857 101102 bbfd5e3bda82b5a4a152f59d8c23eaaa installed
DEBUG util.py:445:  systemd-rpm-macros-252-67.el9_8.4.redsleeve.noarch 1783255206 10405 9509132047cf02d67edc6c10ce935110 installed
DEBUG util.py:445:  zlib-1.2.11-40.el9.armv6hl 1703536251 185879 1f00d08bc04a2cfa6cb766a6157f8dfe installed
DEBUG util.py:445:  xz-libs-5.2.5-8.el9.armv6hl 1658503527 151567 beecf3e47f2a025ac2876a45ee334037 installed
DEBUG util.py:445:  bzip2-libs-1.0.8-11.el9.armv6hl 1781132494 73306 0800c44e43059b1f03c724e52806c854 installed
DEBUG util.py:445:  libacl-2.4.0-1.el9_8.armv6hl 1784772902 68608 45342565635f5f36366a58a2dc3aeb96 installed
DEBUG util.py:445:  libzstd-1.5.5-1.el9.armv6hl 1754035159 683072 b14752e5878257700df3d67d29d64cad installed
DEBUG util.py:445:  libxcrypt-4.4.18-3.el9.armv6hl 1659686838 274014 6b5aa381d9f124fa45186afbce1409eb installed
DEBUG util.py:445:  elfutils-libelf-0.194-1.el9.rocky.0.1.armv6hl 1781277616 1196646 571af08ea8793bf2079f508cb2a997df installed
DEBUG util.py:445:  libcap-2.48-10.el9.1.armv6hl 1778256786 503469 86e66fc96d7fbb8843b29fbc099436b6 installed
DEBUG util.py:445:  libstdc++-11.5.0-14.el9.redsleeve.armv6hl 1782175757 2236279 967c2e27952ed111f5e3034edf9032df installed
DEBUG util.py:445:  libuuid-2.37.4-25.el9.armv6hl 1782319439 70011 937ac214ed3d2d91183ff538ae332869 installed
DEBUG util.py:445:  gmp-1:6.2.0-13.el9.armv6hl 1703589156 540482 17ba4462df0c9af98ce9cf2d854ddcc7 installed
DEBUG util.py:445:  lz4-libs-1.9.3-5.el9.armv6hl 1658466519 123889 320f2b17ce245059a82d19592fa66ccd installed
DEBUG util.py:445:  popt-1.18-8.el9.armv6hl 1658483572 121186 a1285b708333fdfd23194432ed08fb63 installed
DEBUG util.py:445:  libattr-2.5.1-3.el9.armv6hl 1658420972 20415 42d2dadb5e086507605fb9b54c4ed307 installed
DEBUG util.py:445:  libcap-ng-0.8.2-7.el9.armv6hl 1658451724 57160 10ac6ae27ca6ad667d90f6464ba345be installed
DEBUG util.py:445:  audit-libs-3.1.5-8.el9.armv6hl 1781242275 296017 b9050bc3f08ca00072a2f8643d62281c installed
DEBUG util.py:445:  libcom_err-1.46.5-8.el9.armv6hl 1766484718 112667 0c29702a0c0b8ddd3ad590dea21d08b9 installed
DEBUG util.py:445:  readline-8.1-4.el9.armv6hl 1658486996 394252 bd9bc55130ba0c0073d14e555836a93f installed
DEBUG util.py:445:  mpfr-4.1.0-10.el9.armv6hl 1781136864 540977 218adce0bc091fb9833a6f7aa60417df installed
DEBUG util.py:445:  dwz-0.16-1.el9.armv6hl 1766595277 327964 b376169605c4594f644db4e3ae4e292f installed
DEBUG util.py:445:  unzip-6.0-60.el9_8.armv6hl 1781143633 478079 7a3405829b6e9304306984ff1c7d9bc8 installed
DEBUG util.py:445:  file-libs-5.39-17.el9.armv6hl 1781242718 8102390 829a55bf60c0ed655091ab2996d56028 installed
DEBUG util.py:445:  file-5.39-17.el9.armv6hl 1781242718 142492 4cb028ea400df45789f89a154abee6bb installed
DEBUG util.py:445:  sqlite-libs-3.34.1-10.el9_8.armv6hl 1781138487 1225742 8cde21c9401958e9695dec9736c3c020 installed
DEBUG util.py:445:  alternatives-1.24-2.el9.armv6hl 1753956721 91173 cdc47ddc050cb1b6f74f204dd7b9b0a2 installed
DEBUG util.py:445:  gdbm-libs-1:1.23-1.el9.armv6hl 1735069472 172202 092335a45d93f7c11f5fa5136c462370 installed
DEBUG util.py:445:  libatomic-11.5.0-14.el9.redsleeve.armv6hl 1782175757 70092 02bf307e6028990fd4e44837c944643a installed
DEBUG util.py:445:  libffi-3.4.2-8.el9.armv6hl 1703494467 52599 b1d426e1b4d669fa05e61b078249ce65 installed
DEBUG util.py:445:  libsepol-3.6-3.el9.armv6hl 1766435800 828533 c3100779764d0d0a92421141dc3248d0 installed
DEBUG util.py:445:  libsigsegv-2.13-4.el9.armv6hl 1658459907 45388 47bcd08a3d2b2230fc5b245909401873 installed
DEBUG util.py:445:  gawk-5.1.0-6.el9.armv6hl 1658515890 1552466 9ce8ba814641cf9461b2a8b61d7377cc installed
DEBUG util.py:445:  libsmartcols-2.37.4-25.el9.armv6hl 1782319439 162833 8fc3e88b3c43b466c016b5f90d644cbd installed
DEBUG util.py:445:  libtasn1-4.16.0-10.el9_8.redsleeve.armv6hl 1783254653 223558 a6d7a8989c5aaa0b6a1c781b3d61dc5b installed
DEBUG util.py:445:  p11-kit-0.26.4-1.el9_8.armv6hl 1785903794 2690563 88c29bf469ce8f5021773962deca6f49 installed
DEBUG util.py:445:  libunistring-0.9.10-15.el9.armv6hl 1658461539 1551905 5dd1e1bf27113594347257be61eb441c installed
DEBUG util.py:445:  libidn2-2.3.0-7.el9.armv6hl 1658456608 244518 b70bce5572eacbbb94c7a004fbe7aa16 installed
DEBUG util.py:445:  lua-libs-5.4.4-4.el9.armv6hl 1703504622 241953 7e707c68b336e8c585407651fac146c2 installed
DEBUG util.py:445:  pcre2-10.40-6.el9.armv6hl 1735104373 663118 231636fc7b0cc1a7354379efdad61cff installed
DEBUG util.py:445:  libselinux-3.6-3.el9.armv6hl 1753993781 204911 fc5d9bc4a0da1d651b111e81a34f5f76 installed
DEBUG util.py:445:  sed-4.8-10.el9_8.armv6hl 1781137910 831999 8e5c92dcc439eff0265c33708c6d7156 installed
DEBUG util.py:445:  findutils-1:4.8.0-7.el9.armv6hl 1735067864 1738554 664a3f42e61a891f5cf241c6c1aa4ef3 installed
DEBUG util.py:445:  libsemanage-3.6-5.el9.armv6hl 1753993987 305408 7816d07f398187dacf69f012970fff6b installed
DEBUG util.py:445:  shadow-utils-2:4.9-16.el9.armv6hl 1781241520 4159345 a4e50bd406ad68699e09df54a379aefc installed
DEBUG util.py:445:  libutempter-1.2.1-6.el9.armv6hl 1658462294 45183 4a2520efcaa516d8affb86572fe273e0 installed
DEBUG util.py:445:  tar-2:1.34-11.el9.armv6hl 1781349789 3169730 9270bcb786ae8a2226fd8ccfd6b2b2bf installed
DEBUG util.py:445:  libpsl-0.21.1-5.el9.armv6hl 1658618097 69534 f2b12338945ef80afea27f82bbe2817f installed
DEBUG util.py:445:  p11-kit-trust-0.26.4-1.el9_8.armv6hl 1785903794 475091 71a0c4657d183ce54790bc172ca9b6f5 installed
DEBUG util.py:445:  zip-3.0-35.el9.armv6hl 1686103412 680471 5970d752e668db049bad336577168193 installed
DEBUG util.py:445:  zstd-1.5.5-1.el9.armv6hl 1754035159 954947 16ab051b781ac0a406c3a98bafd11ba6 installed
DEBUG util.py:445:  groff-base-1.22.4-10.el9.armv6hl 1660376525 3557938 f72f881e7bdbfca99b3ad53b0393c9d0 installed
DEBUG util.py:445:  acl-2.4.0-1.el9_8.armv6hl 1784772902 335761 a7a0c8b4319fdc5a1f33335852eca4be installed
DEBUG util.py:445:  bzip2-1.0.8-11.el9.armv6hl 1781132494 175028 3316b67a9299fca386c3e90d34be0833 installed
DEBUG util.py:445:  libxml2-2.9.13-14.el9_8.2.armv6hl 1784177294 1828086 becdbc5730c978c22f6914bd8d7a40ae installed
DEBUG util.py:445:  info-6.7-15.el9.armv6hl 1658500045 439747 9e5c907b17880a56945bf103160eae69 installed
DEBUG util.py:445:  ed-1.14.2-12.el9.armv6hl 1658437975 120875 ba1fe42d5b6913dd327cfc04e5755007 installed
DEBUG util.py:445:  patch-2.7.6-16.el9.armv6hl 1659042707 276802 38e5f772997368f8403046bb5751df47 installed
DEBUG util.py:445:  cpio-2.13-16.el9.armv6hl 1658425538 1068747 3e7a1827f802db3cd6223475fa619bba installed
DEBUG util.py:445:  diffutils-3.7-12.el9.armv6hl 1658426466 1410286 0210a0e52f7422f51eebb23d1f62469d installed
DEBUG util.py:445:  expat-2.5.0-6.el9_8.1.armv6hl 1781156400 340781 ff98186a885de7955db9ab7c88c034e6 installed
DEBUG util.py:445:  json-c-0.14-11.el9.armv6hl 1658449364 61912 ebe528da552bc51067f7e5ad7c10374e installed
DEBUG util.py:445:  keyutils-libs-1.6.3-1.el9.armv6hl 1686054538 46317 09ed39f8f7db8ad9026edcb39afbfe83 installed
DEBUG util.py:445:  libbrotli-1.0.9-9.el9.armv6hl 1770559336 796368 22622d56b8f5bf31f1fcbc44c3082f88 installed
DEBUG util.py:445:  libdb-5.3.28-57.el9.armv6hl 1753988216 1626860 afd7a5120d3f11ad6df0250c68715436 installed
DEBUG util.py:445:  libeconf-0.4.1-7.el9_8.armv6hl 1781411341 73621 b2c3efdcffe206926537924f2b96f986 installed
DEBUG util.py:445:  libgomp-11.5.0-14.el9.redsleeve.armv6hl 1782175757 400271 3fdb06e89f028fa906a6fb56a7ecbe44 installed
DEBUG util.py:445:  libgpg-error-1.42-5.el9.armv6hl 1658456340 810590 3b7490bf63470b711da78e9224c82186 installed
DEBUG util.py:445:  libgcrypt-1.10.0-13.el9_8.armv6hl 1786085317 1106476 272cd877f2d1a61fff721ef989c9aa65 installed
DEBUG util.py:445:  libnghttp2-1.43.0-6.el9.1.armv6hl 1776605086 201822 e2e3fb0395076491262fdfd762215b0c installed
DEBUG util.py:445:  libpkgconf-1.7.3-10.el9.armv6hl 1686085492 53383 3efccf6a6d159f4037db0be46ab60ffb installed
DEBUG util.py:445:  pkgconf-1.7.3-10.el9.armv6hl 1686085492 68462 2de18ed8eabb575d81b73344b28487a2 installed
DEBUG util.py:445:  pkgconf-pkg-config-1.7.3-10.el9.armv6hl 1686085492 1192 2a2ca3650791473839539ec0b1d1e5d7 installed
DEBUG util.py:445:  libseccomp-2.5.2-2.el9.redsleeve.armv6hl 1658412229 174515 2de50e540c419cca3cf504f48d5da016 installed
DEBUG util.py:445:  libtool-ltdl-2.4.6-46.el9.armv6hl 1753994883 95278 04e3c16f28e3cc4431a8f2f5e71fbb60 installed
DEBUG util.py:445:  libverto-0.3.2-3.el9.armv6hl 1658462347 21367 1a63170491b3fff19338428e94bf2aab installed
DEBUG util.py:445:  ncurses-6.2-12.20210508.el9.armv6hl 1766441027 897588 ada1395839eb47b0309e285852297560 installed
DEBUG util.py:445:  pcre-8.44-4.el9.armv6hl 1735103834 564784 05601a39eefcb947b563a9a4cb01633a installed
DEBUG util.py:445:  grep-3.6-5.el9.armv6hl 1658442353 832280 d30976045b2bb4067239eeaf5a00717d installed
DEBUG util.py:445:  openssl-fips-provider-1:3.5.5-6.el9_8.armv6hl 1785306290 1336756 a0115a47ff441a8ca01d7cc3555ccbf0 installed
DEBUG util.py:445:  openssl-libs-1:3.5.5-6.el9_8.armv6hl 1785306290 5239713 7111c9ba44eb10a0013dc103cdff8b0d installed
DEBUG util.py:445:  coreutils-8.32-41.el9_8.armv6hl 1783092508 8319934 e615cd39465006bee52e317a42efbb31 installed
DEBUG util.py:445:  ca-certificates-2025.2.80_v9.0.305-91.el9.noarch 1766421838 2791711 28afc6539ab1c727b7ffc12788a2124b installed
DEBUG util.py:445:  libblkid-2.37.4-25.el9.armv6hl 1782319439 269715 b2f7378c1b9cb0eb6f0ebb694ae0350b installed
DEBUG util.py:445:  systemd-libs-252-67.el9_8.4.redsleeve.armv6hl 1783255206 1644254 464c15688e74a22a986ba709d43094a7 installed
DEBUG util.py:445:  libmount-2.37.4-25.el9.armv6hl 1782319439 296995 4a5801f90d20bd058ff3eb704fee822c installed
DEBUG util.py:445:  krb5-libs-1.21.1-10.el9_8.armv6hl 1781333093 2566352 2ee8623c865dcee03571ff79e689e560 installed
DEBUG util.py:445:  libfdisk-2.37.4-25.el9.armv6hl 1782319439 368133 4e83ab907dc324c7991d418af2f5a777 installed
DEBUG util.py:445:  gzip-1.12-1.el9.armv6hl 1670198751 371361 9646b381f800cc0bbd6a5c5dbacbd25f installed
DEBUG util.py:445:  cracklib-2.9.6-28.el9.armv6hl 1781134421 427008 718416d2b0ff963eeee8686a765f3520 installed
DEBUG util.py:445:  libarchive-3.5.3-9.el9.armv6hl 1776608608 799316 e47312ad8ed55e7100d821172188cd4d installed
DEBUG util.py:445:  xz-5.2.5-8.el9.armv6hl 1658503527 671911 0df30e76a30a128456ab808fd630520f installed
DEBUG util.py:445:  cracklib-dicts-2.9.6-28.el9.armv6hl 1781134421 9815154 12f263f22d0d734d73d4560f84840a09 installed
DEBUG util.py:445:  perl-Digest-1.19-4.el9.noarch 1659051629 36844 24d01316fa20c17371c751b3dfea64b5 installed
DEBUG util.py:445:  perl-Digest-MD5-2.58-4.el9.armv6hl 1659051723 56624 bc479357759cd1b552bc1fb1ad265d7a installed
DEBUG util.py:445:  perl-B-0:1.80-483.el9.armv6hl 1781305765 544643 cf9a8524806ec0078e9e44e1d5ae392c installed
DEBUG util.py:445:  perl-FileHandle-0:2.03-483.el9.noarch 1781305765 10533 fa60a0b25dc4de506f4337798fd39ef1 installed
DEBUG util.py:445:  perl-Data-Dumper-2.174-462.el9.armv6hl 1659051140 102907 ac212f0c825c6e81f862d59ca01080ad installed
DEBUG util.py:445:  perl-libnet-3.13-4.el9.noarch 1659079353 299357 bc3563ebc961e900dc3377cce1eea3fd installed
DEBUG util.py:445:  perl-AutoLoader-0:5.74-483.el9.noarch 1781305765 22038 8ad4be87ec58b786da405b22e2776f20 installed
DEBUG util.py:445:  perl-base-0:2.27-483.el9.noarch 1781305765 13820 89d3cd55c301bda76fd4c9162ac66fee installed
DEBUG util.py:445:  perl-URI-5.09-3.el9.noarch 1660278250 216915 4f045570c1efa714a2fe6d533f109b29 installed
DEBUG util.py:445:  perl-if-0:0.60.800-483.el9.noarch 1781305765 6875 5514b3a7989534ccf710a3ef7b4f4705 installed
DEBUG util.py:445:  perl-IO-Socket-IP-0.41-5.el9.noarch 1659070845 100240 4296c08aed0a2d704a0cae52d27a5b72 installed
DEBUG util.py:445:  perl-Time-Local-2:1.300-7.el9.noarch 1659077569 67344 ff7d8582ae0bae30bef55e1207018f13 installed
DEBUG util.py:445:  perl-File-Path-2.18-4.el9.noarch 1659053093 65333 f5b4016f07e6279be38f3375dc187195 installed
DEBUG util.py:445:  perl-IO-Socket-SSL-2.073-2.el9.noarch 1735584138 616300 9ee50ad1e24939fbc89bfd71c05c1313 installed
DEBUG util.py:445:  perl-Net-SSLeay-1.94-3.el9.armv6hl 1766664311 1482675 3874bbc92a70240448bd50c2b77dc2c0 installed
DEBUG util.py:445:  perl-Pod-Escapes-1:1.07-460.el9.noarch 1659075368 25764 8d4d5a7fae2758c1a68204ce46581151 installed
DEBUG util.py:445:  perl-Text-Tabs+Wrap-2013.0523-460.el9.noarch 1659077160 24828 c0b2b1fb599edb08eb3acf9df056d7ae installed
DEBUG util.py:445:  perl-Mozilla-CA-20200520-6.el9.noarch 1659074121 5866 987ef16e3c9b12f2874babfe31a531d2 installed
DEBUG util.py:445:  perl-Class-Struct-0:0.66-483.el9.noarch 1781305765 26954 26bbe66bdbe077ac478101ae8d218e27 installed
DEBUG util.py:445:  perl-POSIX-0:1.94-483.el9.armv6hl 1781305765 264014 00b34ab4732faee3b5e35980c4b62c56 installed
DEBUG util.py:445:  perl-Term-ANSIColor-5.01-461.el9.noarch 1659076348 100303 5338e9599115e7cfc6af1bea23503ec1 installed
DEBUG util.py:445:  perl-IPC-Open3-0:1.21-483.el9.noarch 1781305765 25047 9f8c61376bd980a2ad35703f16fdd3a7 installed
DEBUG util.py:445:  perl-subs-0:1.03-483.el9.noarch 1781305765 3061 8990203cf047c8bf3d355eda980cf508 installed
DEBUG util.py:445:  perl-File-Temp-1:0.231.100-4.el9.noarch 1659053237 166550 db0698e17e39924f1cff9cd2c240635f installed
DEBUG util.py:445:  perl-Term-Cap-1.17-460.el9.noarch 1659076401 29851 a74f949a4cee789e3ce81072631564b7 installed
DEBUG util.py:445:  perl-Pod-Simple-1:3.42-4.el9.noarch 1659075467 577293 cfc62b44b56336e8e8256418c46f93ef installed
DEBUG util.py:445:  perl-HTTP-Tiny-0.076-462.el9.noarch 1717781619 150675 99712fe501b32d8e9e0050b71b0f8d1b installed
DEBUG util.py:445:  perl-Socket-4:2.031-4.el9.armv6hl 1659075734 111887 83c2f014e4bb8e2f37f9a3ef1da946f0 installed
DEBUG util.py:445:  perl-SelectSaver-0:1.02-483.el9.noarch 1781305765 3171 a9462ada8a5b0355498b8f00dbdcb1fd installed
DEBUG util.py:445:  perl-Symbol-0:1.08-483.el9.noarch 1781305765 7847 91b0ef6e868d9a1713a6dd7660c9b7f0 installed
DEBUG util.py:445:  perl-File-stat-0:1.09-483.el9.noarch 1781305765 13950 ec5cdae258fa5b82c782ffa1ec8ef8ec installed
DEBUG util.py:445:  perl-podlators-1:4.14-460.el9.noarch 1659079673 288742 94c831d1e75ec32594ea3446be77d17f installed
DEBUG util.py:445:  perl-Pod-Perldoc-3.28.01-461.el9.noarch 1659075412 170960 0ff51da509a0a9d434010a55b3305034 installed
DEBUG util.py:445:  perl-Fcntl-0:1.13-483.el9.armv6hl 1781305765 74574 ebf1f2ed28682baddc48ebb4d040fb03 installed
DEBUG util.py:445:  perl-Text-ParseWords-3.30-460.el9.noarch 1659077062 13101 3ad26bb816284903076d3f040ca3b84a installed
DEBUG util.py:445:  perl-mro-0:1.23-483.el9.armv6hl 1781305765 83706 5b89cc7b6ea68619ab08f84a42457e99 installed
DEBUG util.py:445:  perl-IO-0:1.43-483.el9.armv6hl 1781305765 203363 7c64aa79f81ef55a9c1e7ebf1820f5e8 installed
DEBUG util.py:445:  perl-overloading-0:0.02-483.el9.noarch 1781305765 5894 cebe26d4eef534ec4aefefbf7206f96a installed
DEBUG util.py:445:  perl-Pod-Usage-4:2.01-4.el9.noarch 1659075546 87186 cdcfae4824a57e20ad10b197ceffd63e installed
DEBUG util.py:445:  perl-Errno-0:1.30-483.el9.armv6hl 1781305765 9512 b49f1b625e6e909365677ea1aa6e215a installed
DEBUG util.py:445:  perl-File-Basename-0:2.85-483.el9.noarch 1781305765 15340 7813fa218c3323dc687efde5f835631a installed
DEBUG util.py:445:  perl-Getopt-Std-0:1.12-483.el9.noarch 1781305765 12107 0a8deb9ade4e5ad098de3f125316e115 installed
DEBUG util.py:445:  perl-MIME-Base64-3.16-4.el9.armv6hl 1659072559 43299 f7eb84afe44c86803f39d67c4537999b installed
DEBUG util.py:445:  perl-Scalar-List-Utils-4:1.56-462.el9.armv6hl 1735584320 150770 786fe10497d665e06bbe54ea3c9d1815 installed
DEBUG util.py:445:  perl-constant-1.33-461.el9.noarch 1659079029 27104 1e2ca5b7519a100cbef7942078227411 installed
DEBUG util.py:445:  perl-Storable-1:3.21-460.el9.armv6hl 1659075929 198410 76b68ac1979986e6083e22f59943c89b installed
DEBUG util.py:445:  perl-overload-0:1.31-483.el9.noarch 1781305765 72822 1ec6f35f0f3e42177db1601f44f9c306 installed
DEBUG util.py:445:  perl-parent-1:0.238-460.el9.noarch 1659079575 9535 7b9d005a59c85338cc1d3efc94ba1614 installed
DEBUG util.py:445:  perl-vars-0:1.05-483.el9.noarch 1781305765 4927 c9f853bdedfeb5a946b1471e7fd786b0 installed
DEBUG util.py:445:  perl-Getopt-Long-1:2.52-4.el9.noarch 1659053580 139937 ca912ced5d847c8fd254845be21312c0 installed
DEBUG util.py:445:  perl-Carp-1.50-460.el9.noarch 1659049257 47889 f8694ba5697343b35eb2ba0249b883b1 installed
DEBUG util.py:445:  perl-Exporter-5.74-461.el9.noarch 1659052308 55359 3759a0b402f6391269f781da0ab42f68 installed
DEBUG util.py:445:  perl-NDBM_File-0:1.15-483.el9.armv6hl 1781305765 74223 68243e64a71c6c5a8f99d2e2597dc203 installed
DEBUG util.py:445:  perl-PathTools-3.78-461.el9.armv6hl 1659075170 177600 43fc5553c0be2c71e297e6a0ac54d024 installed
DEBUG util.py:445:  perl-Encode-4:3.08-462.el9.armv6hl 1659051908 4948652 aa1982f67f3ba7a4b53acc0057f81518 installed
DEBUG util.py:445:  perl-libs-4:5.32.1-483.el9.armv6hl 1781305765 8906721 b057655de96b02100822799daad9b33c installed
DEBUG util.py:445:  perl-interpreter-4:5.32.1-483.el9.armv6hl 1781305765 172478 9a11ab0c19f3ad54908e72c56e719956 installed
DEBUG util.py:445:  kernel-srpm-macros-1.0-14.el9.noarch 1766632930 16948 10b563df5b7c191989cfc3dfb8ba0932 installed
DEBUG util.py:445:  cyrus-sasl-lib-2.1.27-22.el9.armv6hl 1776538338 2387462 7482525dbbfefd6b3a5026a2b7f64e6f installed
DEBUG util.py:445:  libssh-0.10.4-18.el9.armv6hl 1781393812 525429 216cd405616c5c0c189a93830d51c4ef installed
DEBUG util.py:445:  util-linux-core-2.37.4-25.el9.armv6hl 1782319439 2195839 90fb82b35e1cdee2508e14ca3af8e21c installed
DEBUG util.py:445:  openssl-1:3.5.5-6.el9_8.armv6hl 1785306290 2103253 25d5523ccd93feeaab66cec369b9cbcd installed
DEBUG util.py:445:  libpwquality-1.4.4-8.el9.armv6hl 1658459115 392364 8f57d98d2c40f27aa171b8e5a13551a4 installed
DEBUG util.py:445:  pam-1.5.1-28.el9.armv6hl 1782320575 4603552 3a0261957af2d0976649039f04538ed4 installed
DEBUG util.py:445:  util-linux-2.37.4-25.el9.armv6hl 1782319439 13894455 aa2e67bf402af713b152c205b3cc8ab9 installed
DEBUG util.py:445:  kmod-libs-28-11.el9.armv6hl 1766434558 161672 d0cadcf06ed66d09eb782add73b26862 installed
DEBUG util.py:445:  dbus-1:1.12.20-8.el9.armv6hl 1703475961 0 a53af533326a92741c8ebe56918dfb4c installed
DEBUG util.py:445:  systemd-pam-252-67.el9_8.4.redsleeve.armv6hl 1783255206 475364 4aa4d9846c4e2e2217bb66b55af4aa0f installed
DEBUG util.py:445:  systemd-252-67.el9_8.4.redsleeve.armv6hl 1783255206 13991276 ebe5d7b07e2d486e7a04ecf6264f0310 installed
DEBUG util.py:445:  dbus-common-1:1.12.20-8.el9.noarch 1703475961 11394 f5daf378586978ce9615dfc242bf820f installed
DEBUG util.py:445:  dbus-broker-28-8.el9.armv6hl 1781414545 428721 875df88e57f68b5b036e20f0c3f13f35 installed
DEBUG util.py:445:  elfutils-default-yama-scope-0.194-1.el9.rocky.0.1.noarch 1781277616 1810 dc47f1fa42863507df1b22d1facb0944 installed
DEBUG util.py:445:  elfutils-libs-0.194-1.el9.rocky.0.1.armv6hl 1781277616 697085 e51d99ee02da5c8db55c9e1b55f20018 installed
DEBUG util.py:445:  libevent-2.1.12-8.el9.armv6hl 1725633333 793424 fd18b2299fee6fa9e576de118205bfd0 installed
DEBUG util.py:445:  openldap-2.6.8-4.el9.0.1.armv6hl 1754009048 1050263 b05f6b64d4d786b7a341a266613e15b1 installed
DEBUG util.py:445:  libcurl-7.76.1-40.el9.armv6hl 1781279082 607256 9d523fc7caacc2d46495283e927b23a6 installed
DEBUG util.py:445:  elfutils-debuginfod-client-0.194-1.el9.rocky.0.1.armv6hl 1781277616 145028 8de7c778d4d0cded0d95a698c8d06e7d installed
DEBUG util.py:445:  binutils-gold-2.35.2-72.el9.redsleeve.armv6hl 1781372535 2365591 39df4ec6dfe2d5a5eaeae5d1dcab734e installed
DEBUG util.py:445:  binutils-2.35.2-72.el9.redsleeve.armv6hl 1781372535 24952061 ff9578048658e01ea8f7c2259e32eec6 installed
DEBUG util.py:445:  elfutils-0.194-1.el9.rocky.0.1.armv6hl 1781277616 3131661 375caec3b79846ff6d2b7071e2c79cb4 installed
DEBUG util.py:445:  gdb-minimal-16.3-3.el9.armv6hl 1782409192 12744893 c7b88cd6ccc26c9ff315807b675dd56d installed
DEBUG util.py:445:  debugedit-5.0-11.el9.armv6hl 1766594893 245514 d392ddbe688f22d5071161ed3e0d1ab8 installed
DEBUG util.py:445:  curl-7.76.1-40.el9.armv6hl 1781279082 696385 e77d0ab47396c88ac1761512b4cd4a7a installed
DEBUG util.py:445:  rpm-4.16.1.3-40.el9.armv6hl 1781243642 2991093 b9155f903a73dc6b3bc2c7f30afe1071 installed
DEBUG util.py:445:  rpm-libs-4.16.1.3-40.el9.armv6hl 1781243642 681984 0a43724f70834016ba98ee7117286946 installed
DEBUG util.py:445:  efi-srpm-macros-6-4.el9.noarch 1766426814 41047 26834f4e8cfff5db8a3fd306f63f8311 installed
DEBUG util.py:445:  lua-srpm-macros-1-6.el9.noarch 1659011393 1314 a98650197634cdd577637cf3b9d6054e installed
DEBUG util.py:445:  rpm-build-libs-4.16.1.3-40.el9.armv6hl 1781243642 201256 49348eaee9f44b27e82858c16fda7a0e installed
DEBUG util.py:445:  fonts-srpm-macros-1:2.0.5-7.el9.1.noarch 1663283624 56503 53386b69720605cc1bdb5eed25d7db1c installed
DEBUG util.py:445:  go-srpm-macros-3.8.1-1.el9.redsleeve.noarch 1781979010 62613 f8e7485d4be6078932e4fc80d88dfcbb installed
DEBUG util.py:445:  python-srpm-macros-3.9-54.el9.noarch 1735591649 37605 4cc4d51687b08c628ea829a559126ddd installed
DEBUG util.py:445:  redhat-rpm-config-210-1.el9.redsleeve.noarch 1767451115 189912 dd06e5069b47af8fd7a9b3fadc5651ab installed
DEBUG util.py:445:  rpm-build-4.16.1.3-40.el9.armv6hl 1781243642 325429 9a82d8a23e03a74dbb883e9bd55ede48 installed
DEBUG util.py:445:  pyproject-srpm-macros-1.18.5-1.el9.noarch 1782173258 1945 c172b38f70b59cdc6cf143bd84535394 installed
DEBUG util.py:445:  which-2.21-30.el9.armv6hl 1754653173 121708 38ea4db87d37619eb5b91df1ab89f731 installed
DEBUG util.py:596:  Child return code was: 0
DEBUG util.py:622:  child environment: None
DEBUG backend.py:777:  Copying packages to result dir
DEBUG util.py:168:  kill orphans
DEBUG util.py:622:  child environment: None
DEBUG util.py:540:  Executing command: ['/bin/umount', '-n', '-l', '/var/lib/mock/redsleeve-9-armv6hl-bootstrap/root/var/lib/mock/redsleeve-9-armv6hl/root'] with env {'TERM': 'vt100', 'SHELL': '/bin/sh', 'HOME': '/builddir', 'HOSTNAME': 'mock', 'PATH': '/usr/bin:/bin:/usr/sbin:/sbin', 'LANG': 'C.UTF-8'} and shell False
DEBUG util.py:596:  Child return code was: 0
DEBUG util.py:622:  child environment: None
DEBUG util.py:540:  Executing command: ['/bin/umount', '-n', '-l', '/var/lib/mock/redsleeve-9-armv6hl-bootstrap/root/var/lib/mock/redsleeve-9-armv6hl/root'] with env {'TERM': 'vt100', 'SHELL': '/bin/sh', 'HOME': '/builddir', 'HOSTNAME': 'mock', 'PATH': '/usr/bin:/bin:/usr/sbin:/sbin', 'LANG': 'C.UTF-8'} and shell False
DEBUG util.py:596:  Child return code was: 0
DEBUG util.py:168:  kill orphans
