INFO buildroot.py:668:  Mock Version: 6.7
DEBUG file_util.py:17:  ensuring that dir exists: /var/lib/mock/redsleeve-local-9-armv6hl/root
DEBUG file_util.py:20:  created dir: /var/lib/mock/redsleeve-local-9-armv6hl/root
DEBUG file_util.py:17:  ensuring that dir exists: /var/lib/mock/redsleeve-local-9-armv6hl-bootstrap
DEBUG file_util.py:20:  created dir: /var/lib/mock/redsleeve-local-9-armv6hl-bootstrap
DEBUG file_util.py:17:  ensuring that dir exists: /var/lib/mock/redsleeve-local-9-armv6hl-bootstrap
DEBUG file_util.py:17:  ensuring that dir exists: /var/lib/mock/redsleeve-local-9-armv6hl-bootstrap/root
DEBUG file_util.py:20:  created dir: /var/lib/mock/redsleeve-local-9-armv6hl-bootstrap/root
DEBUG file_util.py:17:  ensuring that dir exists: /var/lib/mock/redsleeve-local-9-armv6hl-bootstrap/results
DEBUG file_util.py:20:  created dir: /var/lib/mock/redsleeve-local-9-armv6hl-bootstrap/results
INFO buildroot.py:318:  calling preinit hooks
DEBUG file_util.py:17:  ensuring that dir exists: /var/cache/mock/redsleeve-local-9-armv6hl-bootstrap/root_cache/
INFO util.py:1074:  Guessed host environment type: unknown
WARNING buildroot.py:304:  Can't work with Podman, falling back to chroot installation: '/usr/bin/podman' not installed
DEBUG buildroot.py:724:  create skeleton dirs
DEBUG file_util.py:17:  ensuring that dir exists: /var/lib/mock/redsleeve-local-9-armv6hl-bootstrap/root/var/lib/rpm
DEBUG file_util.py:20:  created dir: /var/lib/mock/redsleeve-local-9-armv6hl-bootstrap/root/var/lib/rpm
DEBUG file_util.py:17:  ensuring that dir exists: /var/lib/mock/redsleeve-local-9-armv6hl-bootstrap/root/var/lib/yum
DEBUG file_util.py:20:  created dir: /var/lib/mock/redsleeve-local-9-armv6hl-bootstrap/root/var/lib/yum
DEBUG file_util.py:17:  ensuring that dir exists: /var/lib/mock/redsleeve-local-9-armv6hl-bootstrap/root/var/lib/dbus
DEBUG file_util.py:20:  created dir: /var/lib/mock/redsleeve-local-9-armv6hl-bootstrap/root/var/lib/dbus
DEBUG file_util.py:17:  ensuring that dir exists: /var/lib/mock/redsleeve-local-9-armv6hl-bootstrap/root/var/log
DEBUG file_util.py:20:  created dir: /var/lib/mock/redsleeve-local-9-armv6hl-bootstrap/root/var/log
DEBUG file_util.py:17:  ensuring that dir exists: /var/lib/mock/redsleeve-local-9-armv6hl-bootstrap/root/var/cache/dnf
DEBUG file_util.py:20:  created dir: /var/lib/mock/redsleeve-local-9-armv6hl-bootstrap/root/var/cache/dnf
DEBUG file_util.py:17:  ensuring that dir exists: /var/lib/mock/redsleeve-local-9-armv6hl-bootstrap/root/var/cache/yum
DEBUG file_util.py:20:  created dir: /var/lib/mock/redsleeve-local-9-armv6hl-bootstrap/root/var/cache/yum
DEBUG file_util.py:17:  ensuring that dir exists: /var/lib/mock/redsleeve-local-9-armv6hl-bootstrap/root/etc/rpm
DEBUG file_util.py:20:  created dir: /var/lib/mock/redsleeve-local-9-armv6hl-bootstrap/root/etc/rpm
DEBUG file_util.py:17:  ensuring that dir exists: /var/lib/mock/redsleeve-local-9-armv6hl-bootstrap/root/tmp
DEBUG file_util.py:20:  created dir: /var/lib/mock/redsleeve-local-9-armv6hl-bootstrap/root/tmp
DEBUG file_util.py:17:  ensuring that dir exists: /var/lib/mock/redsleeve-local-9-armv6hl-bootstrap/root/tmp/ccache
DEBUG file_util.py:20:  created dir: /var/lib/mock/redsleeve-local-9-armv6hl-bootstrap/root/tmp/ccache
DEBUG file_util.py:17:  ensuring that dir exists: /var/lib/mock/redsleeve-local-9-armv6hl-bootstrap/root/var/tmp
DEBUG file_util.py:20:  created dir: /var/lib/mock/redsleeve-local-9-armv6hl-bootstrap/root/var/tmp
DEBUG file_util.py:17:  ensuring that dir exists: /var/lib/mock/redsleeve-local-9-armv6hl-bootstrap/root/etc/dnf
DEBUG file_util.py:20:  created dir: /var/lib/mock/redsleeve-local-9-armv6hl-bootstrap/root/etc/dnf
DEBUG file_util.py:17:  ensuring that dir exists: /var/lib/mock/redsleeve-local-9-armv6hl-bootstrap/root/etc/dnf/vars
DEBUG file_util.py:20:  created dir: /var/lib/mock/redsleeve-local-9-armv6hl-bootstrap/root/etc/dnf/vars
DEBUG file_util.py:17:  ensuring that dir exists: /var/lib/mock/redsleeve-local-9-armv6hl-bootstrap/root/etc/yum.repos.d
DEBUG file_util.py:20:  created dir: /var/lib/mock/redsleeve-local-9-armv6hl-bootstrap/root/etc/yum.repos.d
DEBUG file_util.py:17:  ensuring that dir exists: /var/lib/mock/redsleeve-local-9-armv6hl-bootstrap/root/etc/yum
DEBUG file_util.py:20:  created dir: /var/lib/mock/redsleeve-local-9-armv6hl-bootstrap/root/etc/yum
DEBUG file_util.py:17:  ensuring that dir exists: /var/lib/mock/redsleeve-local-9-armv6hl-bootstrap/root/proc
DEBUG file_util.py:20:  created dir: /var/lib/mock/redsleeve-local-9-armv6hl-bootstrap/root/proc
DEBUG file_util.py:17:  ensuring that dir exists: /var/lib/mock/redsleeve-local-9-armv6hl-bootstrap/root/sys
DEBUG file_util.py:20:  created dir: /var/lib/mock/redsleeve-local-9-armv6hl-bootstrap/root/sys
DEBUG file_util.py:17:  ensuring that dir exists: /var/lib/mock/redsleeve-local-9-armv6hl-bootstrap/root/run/lock
DEBUG file_util.py:20:  created dir: /var/lib/mock/redsleeve-local-9-armv6hl-bootstrap/root/run/lock
DEBUG file_util.py:17:  ensuring that dir exists: /var/lib/mock/redsleeve-local-9-armv6hl-bootstrap/root/dev/pts
DEBUG file_util.py:20:  created dir: /var/lib/mock/redsleeve-local-9-armv6hl-bootstrap/root/dev/pts
DEBUG file_util.py:17:  ensuring that dir exists: /var/lib/mock/redsleeve-local-9-armv6hl-bootstrap/root/dev/shm
DEBUG file_util.py:20:  created dir: /var/lib/mock/redsleeve-local-9-armv6hl-bootstrap/root/dev/shm
DEBUG file_util.py:17:  ensuring that dir exists: /var/lib/mock/redsleeve-local-9-armv6hl-bootstrap/root/dev/mapper
DEBUG file_util.py:20:  created dir: /var/lib/mock/redsleeve-local-9-armv6hl-bootstrap/root/dev/mapper
DEBUG buildroot.py:868:  kernel version == 6.12.93-v7l.1.el9
DEBUG file_util.py:29:  touching file: /var/lib/mock/redsleeve-local-9-armv6hl-bootstrap/root/etc/fstab
DEBUG file_util.py:29:  touching file: /var/lib/mock/redsleeve-local-9-armv6hl-bootstrap/root/etc/yum/yum.conf
DEBUG file_util.py:29:  touching file: /var/lib/mock/redsleeve-local-9-armv6hl-bootstrap/root/etc/dnf/dnf.conf
DEBUG file_util.py:29:  touching file: /var/lib/mock/redsleeve-local-9-armv6hl-bootstrap/root/var/log/yum.log
DEBUG buildroot.py:332:  rootdir = /var/lib/mock/redsleeve-local-9-armv6hl-bootstrap/root
DEBUG buildroot.py:333:  resultdir = /var/lib/mock/redsleeve-local-9-armv6hl-bootstrap/results
DEBUG package_manager.py:63:  searching for 'dnf4' package manager or alternatives
INFO buildroot.py:181:  Package manager dnf4 detected and used (fallback)
DEBUG file_util.py:17:  ensuring that dir exists: /var/lib/mock/redsleeve-local-9-armv6hl-bootstrap/root/etc/pki/mock
DEBUG file_util.py:20:  created dir: /var/lib/mock/redsleeve-local-9-armv6hl-bootstrap/root/etc/pki/mock
DEBUG package_manager.py:404:  copying CA trust dir into chroot: /etc/pki/ca-trust => /etc/pki/ca-trust
DEBUG file_util.py:178:  Updating files in /var/lib/mock/redsleeve-local-9-armv6hl-bootstrap/root/etc/pki/ca-trust with files from /etc/pki/ca-trust
DEBUG file_util.py:17:  ensuring that dir exists: /var/lib/mock/redsleeve-local-9-armv6hl-bootstrap/root/etc/pki/ca-trust
DEBUG file_util.py:20:  created dir: /var/lib/mock/redsleeve-local-9-armv6hl-bootstrap/root/etc/pki/ca-trust
DEBUG file_util.py:17:  ensuring that dir exists: /var/lib/mock/redsleeve-local-9-armv6hl-bootstrap/root/etc/pki/ca-trust/./extracted
DEBUG file_util.py:20:  created dir: /var/lib/mock/redsleeve-local-9-armv6hl-bootstrap/root/etc/pki/ca-trust/./extracted
DEBUG file_util.py:17:  ensuring that dir exists: /var/lib/mock/redsleeve-local-9-armv6hl-bootstrap/root/etc/pki/ca-trust/./source
DEBUG file_util.py:20:  created dir: /var/lib/mock/redsleeve-local-9-armv6hl-bootstrap/root/etc/pki/ca-trust/./source
DEBUG file_util.py:17:  ensuring that dir exists: /var/lib/mock/redsleeve-local-9-armv6hl-bootstrap/root/etc/pki/ca-trust/extracted/openssl
DEBUG file_util.py:20:  created dir: /var/lib/mock/redsleeve-local-9-armv6hl-bootstrap/root/etc/pki/ca-trust/extracted/openssl
DEBUG file_util.py:17:  ensuring that dir exists: /var/lib/mock/redsleeve-local-9-armv6hl-bootstrap/root/etc/pki/ca-trust/extracted/java
DEBUG file_util.py:20:  created dir: /var/lib/mock/redsleeve-local-9-armv6hl-bootstrap/root/etc/pki/ca-trust/extracted/java
DEBUG file_util.py:17:  ensuring that dir exists: /var/lib/mock/redsleeve-local-9-armv6hl-bootstrap/root/etc/pki/ca-trust/extracted/pem
DEBUG file_util.py:20:  created dir: /var/lib/mock/redsleeve-local-9-armv6hl-bootstrap/root/etc/pki/ca-trust/extracted/pem
DEBUG file_util.py:17:  ensuring that dir exists: /var/lib/mock/redsleeve-local-9-armv6hl-bootstrap/root/etc/pki/ca-trust/extracted/edk2
DEBUG file_util.py:20:  created dir: /var/lib/mock/redsleeve-local-9-armv6hl-bootstrap/root/etc/pki/ca-trust/extracted/edk2
DEBUG file_util.py:17:  ensuring that dir exists: /var/lib/mock/redsleeve-local-9-armv6hl-bootstrap/root/etc/pki/ca-trust/extracted/pem/directory-hash
DEBUG file_util.py:20:  created dir: /var/lib/mock/redsleeve-local-9-armv6hl-bootstrap/root/etc/pki/ca-trust/extracted/pem/directory-hash
DEBUG file_util.py:17:  ensuring that dir exists: /var/lib/mock/redsleeve-local-9-armv6hl-bootstrap/root/etc/pki/ca-trust/source/blocklist
DEBUG file_util.py:20:  created dir: /var/lib/mock/redsleeve-local-9-armv6hl-bootstrap/root/etc/pki/ca-trust/source/blocklist
DEBUG file_util.py:17:  ensuring that dir exists: /var/lib/mock/redsleeve-local-9-armv6hl-bootstrap/root/etc/pki/ca-trust/source/anchors
DEBUG file_util.py:20:  created dir: /var/lib/mock/redsleeve-local-9-armv6hl-bootstrap/root/etc/pki/ca-trust/source/anchors
DEBUG package_manager.py:404:  copying CA trust dir into chroot: /usr/share/pki/ca-trust-source => /usr/share/pki/ca-trust-source
DEBUG file_util.py:178:  Updating files in /var/lib/mock/redsleeve-local-9-armv6hl-bootstrap/root/usr/share/pki/ca-trust-source with files from /usr/share/pki/ca-trust-source
DEBUG file_util.py:17:  ensuring that dir exists: /var/lib/mock/redsleeve-local-9-armv6hl-bootstrap/root/usr/share/pki/ca-trust-source
DEBUG file_util.py:20:  created dir: /var/lib/mock/redsleeve-local-9-armv6hl-bootstrap/root/usr/share/pki/ca-trust-source
DEBUG file_util.py:17:  ensuring that dir exists: /var/lib/mock/redsleeve-local-9-armv6hl-bootstrap/root/usr/share/pki/ca-trust-source/./blocklist
DEBUG file_util.py:20:  created dir: /var/lib/mock/redsleeve-local-9-armv6hl-bootstrap/root/usr/share/pki/ca-trust-source/./blocklist
DEBUG file_util.py:17:  ensuring that dir exists: /var/lib/mock/redsleeve-local-9-armv6hl-bootstrap/root/usr/share/pki/ca-trust-source/./anchors
DEBUG file_util.py:20:  created dir: /var/lib/mock/redsleeve-local-9-armv6hl-bootstrap/root/usr/share/pki/ca-trust-source/./anchors
DEBUG file_util.py:17:  ensuring that dir exists: /var/lib/mock/redsleeve-local-9-armv6hl-bootstrap/root/usr/share
DEBUG package_manager.py:388:  Copying /usr/share/distribution-gpg-keys to the bootstrap chroot
DEBUG util.py:636:  child environment: None
DEBUG util.py:558:  Executing command: ['cp', '-a', '/usr/share/distribution-gpg-keys', '/var/lib/mock/redsleeve-local-9-armv6hl-bootstrap/root/usr/share'] with env {'TERM': 'vt100', 'SHELL': '/bin/sh', 'HOME': '/builddir', 'HOSTNAME': 'mock', 'PATH': '/usr/bin:/bin:/usr/sbin:/sbin', 'LANG': 'C.UTF-8'} and shell False
DEBUG util.py:610:  Child return code was: 0
DEBUG file_util.py:17:  ensuring that dir exists: /var/lib/mock/redsleeve-local-9-armv6hl-bootstrap/root/etc/dnf
DEBUG package_manager.py:691:  configure DNF vars
DEBUG file_util.py:17:  ensuring that dir exists: /var/lib/mock/redsleeve-local-9-armv6hl-bootstrap/root/etc
DEBUG file_util.py:17:  ensuring that dir exists: /var/lib/mock/redsleeve-local-9-armv6hl-bootstrap/root/etc
DEBUG file_util.py:17:  ensuring that dir exists: /var/lib/mock/redsleeve-local-9-armv6hl-bootstrap/root/proc
DEBUG util.py:636:  child environment: None
DEBUG util.py:558:  Executing command: ['/bin/mount', '-n', '-t', 'tmpfs', '-o', 'rprivate,mode=0755', 'tmpfs', '/var/lib/mock/redsleeve-local-9-armv6hl-bootstrap/root/proc'] with env {'TERM': 'vt100', 'SHELL': '/bin/sh', 'HOME': '/builddir', 'HOSTNAME': 'mock', 'PATH': '/usr/bin:/bin:/usr/sbin:/sbin', 'LANG': 'C.UTF-8'} and shell False
DEBUG util.py:610:  Child return code was: 0
DEBUG file_util.py:17:  ensuring that dir exists: /var/lib/mock/redsleeve-local-9-armv6hl-bootstrap/root/proc
DEBUG util.py:636:  child environment: None
DEBUG util.py:558:  Executing command: ['/bin/mount', '-n', '-o', 'rbind', '/proc', '/var/lib/mock/redsleeve-local-9-armv6hl-bootstrap/root/proc'] with env {'TERM': 'vt100', 'SHELL': '/bin/sh', 'HOME': '/builddir', 'HOSTNAME': 'mock', 'PATH': '/usr/bin:/bin:/usr/sbin:/sbin', 'LANG': 'C.UTF-8'} and shell False
DEBUG util.py:610:  Child return code was: 0
DEBUG util.py:636:  child environment: None
DEBUG util.py:558:  Executing command: ['/bin/mount', '-n', '-o', 'remount,nodev,noexec,nosuid,readonly,rprivate,rbind', '--target', '/var/lib/mock/redsleeve-local-9-armv6hl-bootstrap/root/proc'] with env {'TERM': 'vt100', 'SHELL': '/bin/sh', 'HOME': '/builddir', 'HOSTNAME': 'mock', 'PATH': '/usr/bin:/bin:/usr/sbin:/sbin', 'LANG': 'C.UTF-8'} and shell False
DEBUG util.py:610:  Child return code was: 0
DEBUG file_util.py:17:  ensuring that dir exists: /var/lib/mock/redsleeve-local-9-armv6hl-bootstrap/root/sys
DEBUG util.py:636:  child environment: None
DEBUG util.py:558:  Executing command: ['/bin/mount', '-n', '-t', 'tmpfs', '-o', 'rprivate,mode=0755', 'tmpfs', '/var/lib/mock/redsleeve-local-9-armv6hl-bootstrap/root/sys'] with env {'TERM': 'vt100', 'SHELL': '/bin/sh', 'HOME': '/builddir', 'HOSTNAME': 'mock', 'PATH': '/usr/bin:/bin:/usr/sbin:/sbin', 'LANG': 'C.UTF-8'} and shell False
DEBUG util.py:610:  Child return code was: 0
DEBUG file_util.py:17:  ensuring that dir exists: /var/lib/mock/redsleeve-local-9-armv6hl-bootstrap/root/sys
DEBUG util.py:636:  child environment: None
DEBUG util.py:558:  Executing command: ['/bin/mount', '-n', '-o', 'rbind', '/sys', '/var/lib/mock/redsleeve-local-9-armv6hl-bootstrap/root/sys'] with env {'TERM': 'vt100', 'SHELL': '/bin/sh', 'HOME': '/builddir', 'HOSTNAME': 'mock', 'PATH': '/usr/bin:/bin:/usr/sbin:/sbin', 'LANG': 'C.UTF-8'} and shell False
DEBUG util.py:610:  Child return code was: 0
DEBUG util.py:636:  child environment: None
DEBUG util.py:558:  Executing command: ['/bin/mount', '-n', '-o', 'remount,nodev,noexec,nosuid,readonly,rprivate,rbind', '--target', '/var/lib/mock/redsleeve-local-9-armv6hl-bootstrap/root/sys'] with env {'TERM': 'vt100', 'SHELL': '/bin/sh', 'HOME': '/builddir', 'HOSTNAME': 'mock', 'PATH': '/usr/bin:/bin:/usr/sbin:/sbin', 'LANG': 'C.UTF-8'} and shell False
DEBUG util.py:610:  Child return code was: 0
DEBUG file_util.py:17:  ensuring that dir exists: /var/lib/mock/redsleeve-local-9-armv6hl-bootstrap/root/dev/shm
DEBUG util.py:636:  child environment: None
DEBUG util.py:558:  Executing command: ['/bin/mount', '-n', '-t', 'tmpfs', 'tmpfs', '/var/lib/mock/redsleeve-local-9-armv6hl-bootstrap/root/dev/shm'] with env {'TERM': 'vt100', 'SHELL': '/bin/sh', 'HOME': '/builddir', 'HOSTNAME': 'mock', 'PATH': '/usr/bin:/bin:/usr/sbin:/sbin', 'LANG': 'C.UTF-8'} and shell False
DEBUG util.py:610:  Child return code was: 0
DEBUG file_util.py:17:  ensuring that dir exists: /var/lib/mock/redsleeve-local-9-armv6hl-bootstrap/root/dev/pts
DEBUG util.py:636:  child environment: None
DEBUG util.py:558:  Executing command: ['/bin/mount', '-n', '-t', 'devpts', '-o', 'gid=5,mode=0620,ptmxmode=0666,newinstance', 'devpts', '/var/lib/mock/redsleeve-local-9-armv6hl-bootstrap/root/dev/pts'] with env {'TERM': 'vt100', 'SHELL': '/bin/sh', 'HOME': '/builddir', 'HOSTNAME': 'mock', 'PATH': '/usr/bin:/bin:/usr/sbin:/sbin', 'LANG': 'C.UTF-8'} and shell False
DEBUG util.py:610:  Child return code was: 0
DEBUG file_util.py:17:  ensuring that dir exists: /var/lib/mock/redsleeve-local-9-armv6hl-bootstrap/root/installation-homedir
DEBUG file_util.py:20:  created dir: /var/lib/mock/redsleeve-local-9-armv6hl-bootstrap/root/installation-homedir
DEBUG package_manager.py:295:  ['/usr/bin/dnf-3', '--installroot', '/var/lib/mock/redsleeve-local-9-armv6hl-bootstrap/root/', '--releasever', '9', '--setopt=deltarpm=False', '--setopt=allow_vendor_change=yes', '--allowerasing', '--disableplugin=local', '--disableplugin=spacewalk', '--disableplugin=versionlock', 'install', 'python3-dnf', 'python3-dnf-plugins-core']
DEBUG util.py:636:  child environment: None
DEBUG util.py:558:  Executing command: ['/usr/bin/dnf-3', '--installroot', '/var/lib/mock/redsleeve-local-9-armv6hl-bootstrap/root/', '--releasever', '9', '--setopt=deltarpm=False', '--setopt=allow_vendor_change=yes', '--allowerasing', '--disableplugin=local', '--disableplugin=spacewalk', '--disableplugin=versionlock', 'install', 'python3-dnf', 'python3-dnf-plugins-core'] with env {'TERM': 'vt100', 'SHELL': '/bin/bash', 'HOME': '/var/lib/mock/redsleeve-local-9-armv6hl-bootstrap/root/installation-homedir', 'HOSTNAME': 'mock', 'PATH': '/usr/bin:/bin:/usr/sbin:/sbin', 'PROMPT_COMMAND': 'printf "\\033]0;<mock-chroot>\\007"', 'PS1': '<mock-chroot> \\s-\\v\\$ ', 'LANG': 'C.UTF-8', 'LC_MESSAGES': 'C.UTF-8'} and shell False
DEBUG util.py:461:  No matches found for the following disable plugin patterns: local, spacewalk, versionlock
DEBUG util.py:463:  RedSleeve-9 - BaseOS                                                                                      7.5 MB/s | 2.4 MB     00:00    
DEBUG util.py:463:  RedSleeve-9 - AppStream                                                                                   8.3 MB/s |  10 MB     00:01    
DEBUG util.py:463:  RedSleeve-9 - CRB                                                                                         4.9 MB/s | 809 kB     00:00    
DEBUG util.py:463:  Last metadata expiration check: 0:00:01 ago on Sun Aug  9 07:36:04 2026.
DEBUG util.py:463:  Dependencies resolved.
DEBUG util.py:463:  ==========================================================================================================================================
DEBUG util.py:463:   Package                                 Architecture        Version                                   Repository                    Size
DEBUG util.py:463:  ==========================================================================================================================================
DEBUG util.py:463:  Installing:
DEBUG util.py:463:   python3-dnf                             noarch              4.14.0-34.el9_8.rocky.0.1                 Redsleeve_BaseOS             412 k
DEBUG util.py:463:   python3-dnf-plugins-core                noarch              4.3.0-26.el9                              Redsleeve_BaseOS             245 k
DEBUG util.py:463:  Installing dependencies:
DEBUG util.py:463:   acl                                     armv6hl             2.4.0-1.el9_8                             Redsleeve_BaseOS              73 k
DEBUG util.py:463:   alternatives                            armv6hl             1.24-2.el9                                Redsleeve_BaseOS              37 k
DEBUG util.py:463:   attr                                    armv6hl             2.5.1-3.el9                               Redsleeve_BaseOS              57 k
DEBUG util.py:463:   audit-libs                              armv6hl             3.1.5-8.el9                               Redsleeve_BaseOS             115 k
DEBUG util.py:463:   basesystem                              noarch              11-13.el9.0.1                             Redsleeve_BaseOS             6.2 k
DEBUG util.py:463:   bash                                    armv6hl             5.1.8-9.el9                               Redsleeve_BaseOS             1.6 M
DEBUG util.py:463:   bzip2-libs                              armv6hl             1.0.8-11.el9                              Redsleeve_BaseOS              38 k
DEBUG util.py:463:   ca-certificates                         noarch              2025.2.80_v9.0.305-91.el9                 Redsleeve_BaseOS             943 k
DEBUG util.py:463:   coreutils                               armv6hl             8.32-41.el9_8                             Redsleeve_BaseOS             1.0 M
DEBUG util.py:463:   coreutils-common                        armv6hl             8.32-41.el9_8                             Redsleeve_BaseOS             2.0 M
DEBUG util.py:463:   cracklib                                armv6hl             2.9.6-28.el9                              Redsleeve_BaseOS              78 k
DEBUG util.py:463:   cracklib-dicts                          armv6hl             2.9.6-28.el9                              Redsleeve_BaseOS             3.6 M
DEBUG util.py:463:   crypto-policies                         noarch              20260224-1.gitea0f072.el9                 Redsleeve_BaseOS              56 k
DEBUG util.py:463:   curl                                    armv6hl             7.76.1-40.el9                             Redsleeve_BaseOS             289 k
DEBUG util.py:463:   cyrus-sasl-lib                          armv6hl             2.1.27-22.el9                             Redsleeve_BaseOS             702 k
DEBUG util.py:463:   dbus                                    armv6hl             1:1.12.20-8.el9                           Redsleeve_BaseOS             6.6 k
DEBUG util.py:463:   dbus-broker                             armv6hl             28-8.el9                                  Redsleeve_BaseOS             168 k
DEBUG util.py:463:   dbus-common                             noarch              1:1.12.20-8.el9                           Redsleeve_BaseOS              13 k
DEBUG util.py:463:   dbus-libs                               armv6hl             1:1.12.20-8.el9                           Redsleeve_BaseOS             137 k
DEBUG util.py:463:   dnf-data                                noarch              4.14.0-34.el9_8.rocky.0.1                 Redsleeve_BaseOS              35 k
DEBUG util.py:463:   elfutils-default-yama-scope             noarch              0.194-1.el9.rocky.0.1                     Redsleeve_BaseOS             8.7 k
DEBUG util.py:463:   elfutils-libelf                         armv6hl             0.194-1.el9.rocky.0.1                     Redsleeve_BaseOS             200 k
DEBUG util.py:463:   elfutils-libs                           armv6hl             0.194-1.el9.rocky.0.1                     Redsleeve_BaseOS             267 k
DEBUG util.py:463:   expat                                   armv6hl             2.5.0-6.el9_8.1                           Redsleeve_BaseOS             106 k
DEBUG util.py:463:   file-libs                               armv6hl             5.39-17.el9                               Redsleeve_BaseOS             582 k
DEBUG util.py:463:   filesystem                              armv6hl             3.16-5.el9                                Redsleeve_BaseOS             1.1 M
DEBUG util.py:463:   findutils                               armv6hl             1:4.8.0-7.el9                             Redsleeve_BaseOS             527 k
DEBUG util.py:463:   gawk                                    armv6hl             5.1.0-6.el9                               Redsleeve_BaseOS             986 k
DEBUG util.py:463:   gdbm-libs                               armv6hl             1:1.23-1.el9                              Redsleeve_BaseOS              52 k
DEBUG util.py:463:   glib2                                   armv6hl             2.68.4-19.el9_8.2                         Redsleeve_BaseOS             2.5 M
DEBUG util.py:463:   glibc                                   armv6hl             2.34-275.el9_8.redsleeve                  Redsleeve_BaseOS             1.5 M
DEBUG util.py:463:   glibc-common                            armv6hl             2.34-275.el9_8.redsleeve                  Redsleeve_BaseOS             291 k
DEBUG util.py:463:   glibc-minimal-langpack                  armv6hl             2.34-275.el9_8.redsleeve                  Redsleeve_BaseOS              27 k
DEBUG util.py:463:   gmp                                     armv6hl             1:6.2.0-13.el9                            Redsleeve_BaseOS             237 k
DEBUG util.py:463:   gnupg2                                  armv6hl             2.3.3-5.el9                               Redsleeve_BaseOS             2.4 M
DEBUG util.py:463:   gnutls                                  armv6hl             3.8.10-8.el9_8                            Redsleeve_BaseOS             1.0 M
DEBUG util.py:463:   gpgme                                   armv6hl             1.15.1-6.el9                              Redsleeve_BaseOS             194 k
DEBUG util.py:463:   grep                                    armv6hl             3.6-5.el9                                 Redsleeve_BaseOS             254 k
DEBUG util.py:463:   gzip                                    armv6hl             1.12-1.el9                                Redsleeve_BaseOS             159 k
DEBUG util.py:463:   ima-evm-utils                           armv6hl             1.6.2-2.el9.rocky.0.2                     Redsleeve_BaseOS              70 k
DEBUG util.py:463:   json-c                                  armv6hl             0.14-11.el9                               Redsleeve_BaseOS              39 k
DEBUG util.py:463:   json-glib                               armv6hl             1.6.6-1.el9                               Redsleeve_BaseOS             147 k
DEBUG util.py:463:   keyutils                                armv6hl             1.6.3-1.el9                               Redsleeve_BaseOS              68 k
DEBUG util.py:463:   keyutils-libs                           armv6hl             1.6.3-1.el9                               Redsleeve_BaseOS              29 k
DEBUG util.py:463:   kmod-libs                               armv6hl             28-11.el9                                 Redsleeve_BaseOS              58 k
DEBUG util.py:463:   krb5-libs                               armv6hl             1.21.1-10.el9_8                           Redsleeve_BaseOS             719 k
DEBUG util.py:463:   libacl                                  armv6hl             2.4.0-1.el9_8                             Redsleeve_BaseOS              22 k
DEBUG util.py:463:   libarchive                              armv6hl             3.5.3-9.el9                               Redsleeve_BaseOS             367 k
DEBUG util.py:463:   libassuan                               armv6hl             2.5.5-3.el9                               Redsleeve_BaseOS              62 k
DEBUG util.py:463:   libatomic                               armv6hl             11.5.0-14.el9.redsleeve                   Redsleeve_BaseOS              24 k
DEBUG util.py:463:   libattr                                 armv6hl             2.5.1-3.el9                               Redsleeve_BaseOS              17 k
DEBUG util.py:463:   libblkid                                armv6hl             2.37.4-25.el9                             Redsleeve_BaseOS             107 k
DEBUG util.py:463:   libbrotli                               armv6hl             1.0.9-9.el9                               Redsleeve_BaseOS             307 k
DEBUG util.py:463:   libcap                                  armv6hl             2.48-10.el9.1                             Redsleeve_BaseOS              63 k
DEBUG util.py:463:   libcap-ng                               armv6hl             0.8.2-7.el9                               Redsleeve_BaseOS              31 k
DEBUG util.py:463:   libcom_err                              armv6hl             1.46.5-8.el9                              Redsleeve_BaseOS              24 k
DEBUG util.py:463:   libcomps                                armv6hl             0.1.18-1.el9                              Redsleeve_BaseOS              67 k
DEBUG util.py:463:   libcurl                                 armv6hl             7.76.1-40.el9                             Redsleeve_BaseOS             270 k
DEBUG util.py:463:   libdb                                   armv6hl             5.3.28-57.el9                             Redsleeve_BaseOS             668 k
DEBUG util.py:463:   libdnf                                  armv6hl             0.69.0-18.el9.rocky.0.1                   Redsleeve_BaseOS             587 k
DEBUG util.py:463:   libeconf                                armv6hl             0.4.1-7.el9_8                             Redsleeve_BaseOS              24 k
DEBUG util.py:463:   libevent                                armv6hl             2.1.12-8.el9                              Redsleeve_BaseOS             246 k
DEBUG util.py:463:   libfdisk                                armv6hl             2.37.4-25.el9                             Redsleeve_BaseOS             161 k
DEBUG util.py:463:   libffi                                  armv6hl             3.4.2-8.el9                               Redsleeve_BaseOS              33 k
DEBUG util.py:463:   libgcc                                  armv6hl             11.5.0-14.el9.redsleeve                   Redsleeve_BaseOS              84 k
DEBUG util.py:463:   libgcrypt                               armv6hl             1.10.0-13.el9_8                           Redsleeve_BaseOS             478 k
DEBUG util.py:463:   libgomp                                 armv6hl             11.5.0-14.el9.redsleeve                   Redsleeve_BaseOS             247 k
DEBUG util.py:463:   libgpg-error                            armv6hl             1.42-5.el9                                Redsleeve_BaseOS             205 k
DEBUG util.py:463:   libidn2                                 armv6hl             2.3.0-7.el9                               Redsleeve_BaseOS              95 k
DEBUG util.py:463:   libksba                                 armv6hl             1.5.1-7.el9                               Redsleeve_BaseOS             144 k
DEBUG util.py:463:   libmodulemd                             armv6hl             2.13.0-2.el9                              Redsleeve_BaseOS             213 k
DEBUG util.py:463:   libmount                                armv6hl             2.37.4-25.el9                             Redsleeve_BaseOS             131 k
DEBUG util.py:463:   libnghttp2                              armv6hl             1.43.0-6.el9.1                            Redsleeve_BaseOS              67 k
DEBUG util.py:463:   libpsl                                  armv6hl             0.21.1-5.el9                              Redsleeve_BaseOS              62 k
DEBUG util.py:463:   libpwquality                            armv6hl             1.4.4-8.el9                               Redsleeve_BaseOS             104 k
DEBUG util.py:463:   librepo                                 armv6hl             1.19.0-1.el9                              Redsleeve_BaseOS              84 k
DEBUG util.py:463:   libreport-filesystem                    noarch              2.15.2-6.el9.rocky.0.2                    Redsleeve_BaseOS              11 k
DEBUG util.py:463:   librhsm                                 armv6hl             0.0.3-9.el9                               Redsleeve_BaseOS              31 k
DEBUG util.py:463:   libseccomp                              armv6hl             2.5.2-2.el9.redsleeve                     Redsleeve_BaseOS              73 k
DEBUG util.py:463:   libselinux                              armv6hl             3.6-3.el9                                 Redsleeve_BaseOS              83 k
DEBUG util.py:463:   libsemanage                             armv6hl             3.6-5.el9                                 Redsleeve_BaseOS             112 k
DEBUG util.py:463:   libsepol                                armv6hl             3.6-3.el9                                 Redsleeve_BaseOS             308 k
DEBUG util.py:463:   libsigsegv                              armv6hl             2.13-4.el9                                Redsleeve_BaseOS              26 k
DEBUG util.py:463:   libsmartcols                            armv6hl             2.37.4-25.el9                             Redsleeve_BaseOS              57 k
DEBUG util.py:463:   libsolv                                 armv6hl             0.7.24-6.el9_8                            Redsleeve_BaseOS             348 k
DEBUG util.py:463:   libssh                                  armv6hl             0.10.4-18.el9                             Redsleeve_BaseOS             197 k
DEBUG util.py:463:   libssh-config                           noarch              0.10.4-18.el9                             Redsleeve_BaseOS             7.9 k
DEBUG util.py:463:   libstdc++                               armv6hl             11.5.0-14.el9.redsleeve                   Redsleeve_BaseOS             654 k
DEBUG util.py:463:   libtasn1                                armv6hl             4.16.0-10.el9_8.redsleeve                 Redsleeve_BaseOS              70 k
DEBUG util.py:463:   libtool-ltdl                            armv6hl             2.4.6-46.el9                              Redsleeve_BaseOS              32 k
DEBUG util.py:463:   libunistring                            armv6hl             0.9.10-15.el9                             Redsleeve_BaseOS             473 k
DEBUG util.py:463:   libutempter                             armv6hl             1.2.1-6.el9                               Redsleeve_BaseOS              25 k
DEBUG util.py:463:   libuuid                                 armv6hl             2.37.4-25.el9                             Redsleeve_BaseOS              25 k
DEBUG util.py:463:   libverto                                armv6hl             0.3.2-3.el9                               Redsleeve_BaseOS              20 k
DEBUG util.py:463:   libxcrypt                               armv6hl             4.4.18-3.el9                              Redsleeve_BaseOS             127 k
DEBUG util.py:463:   libxml2                                 armv6hl             2.9.13-14.el9_8.2                         Redsleeve_BaseOS             677 k
DEBUG util.py:463:   libyaml                                 armv6hl             0.2.5-7.el9                               Redsleeve_BaseOS              54 k
DEBUG util.py:463:   libzstd                                 armv6hl             1.5.5-1.el9                               Redsleeve_BaseOS             260 k
DEBUG util.py:463:   lua-libs                                armv6hl             5.4.4-4.el9                               Redsleeve_BaseOS             119 k
DEBUG util.py:463:   lz4-libs                                armv6hl             1.9.3-5.el9                               Redsleeve_BaseOS              63 k
DEBUG util.py:463:   mpfr                                    armv6hl             4.1.0-10.el9                              Redsleeve_BaseOS             212 k
DEBUG util.py:463:   ncurses-base                            noarch              6.2-12.20210508.el9                       Redsleeve_BaseOS              60 k
DEBUG util.py:463:   ncurses-libs                            armv6hl             6.2-12.20210508.el9                       Redsleeve_BaseOS             281 k
DEBUG util.py:463:   nettle                                  armv6hl             3.10.1-1.el9                              Redsleeve_BaseOS             513 k
DEBUG util.py:463:   npth                                    armv6hl             1.6-8.el9                                 Redsleeve_BaseOS              23 k
DEBUG util.py:463:   openldap                                armv6hl             2.6.8-4.el9.0.1                           Redsleeve_BaseOS             247 k
DEBUG util.py:463:   openssl                                 armv6hl             1:3.5.5-6.el9_8                           Redsleeve_BaseOS             1.4 M
DEBUG util.py:463:   openssl-fips-provider                   armv6hl             1:3.5.5-6.el9_8                           Redsleeve_BaseOS             650 k
DEBUG util.py:463:   openssl-libs                            armv6hl             1:3.5.5-6.el9_8                           Redsleeve_BaseOS             2.0 M
DEBUG util.py:463:   p11-kit                                 armv6hl             0.26.4-1.el9_8                            Redsleeve_BaseOS             561 k
DEBUG util.py:463:   p11-kit-trust                           armv6hl             0.26.4-1.el9_8                            Redsleeve_BaseOS             137 k
DEBUG util.py:463:   pam                                     armv6hl             1.5.1-28.el9                              Redsleeve_BaseOS             533 k
DEBUG util.py:463:   pcre                                    armv6hl             8.44-4.el9                                Redsleeve_BaseOS             179 k
DEBUG util.py:463:   pcre2                                   armv6hl             10.40-6.el9                               Redsleeve_BaseOS             211 k
DEBUG util.py:463:   pcre2-syntax                            noarch              10.40-6.el9                               Redsleeve_BaseOS             140 k
DEBUG util.py:463:   popt                                    armv6hl             1.18-8.el9                                Redsleeve_BaseOS              56 k
DEBUG util.py:463:   publicsuffix-list-dafsa                 noarch              20210518-3.el9                            Redsleeve_BaseOS              57 k
DEBUG util.py:463:   python3                                 armv6hl             3.9.25-7.el9_8.2.redsleeve                Redsleeve_BaseOS              26 k
DEBUG util.py:463:   python3-dateutil                        noarch              1:2.9.0.post0-1.el9                       Redsleeve_BaseOS             290 k
DEBUG util.py:463:   python3-dbus                            armv6hl             1.2.18-2.el9.0.1                          Redsleeve_BaseOS             127 k
DEBUG util.py:463:   python3-gpg                             armv6hl             1.15.1-6.el9                              Redsleeve_BaseOS             244 k
DEBUG util.py:463:   python3-hawkey                          armv6hl             0.69.0-18.el9.rocky.0.1                   Redsleeve_BaseOS              80 k
DEBUG util.py:463:   python3-libcomps                        armv6hl             0.1.18-1.el9                              Redsleeve_BaseOS              44 k
DEBUG util.py:463:   python3-libdnf                          armv6hl             0.69.0-18.el9.rocky.0.1                   Redsleeve_BaseOS             657 k
DEBUG util.py:463:   python3-libs                            armv6hl             3.9.25-7.el9_8.2.redsleeve                Redsleeve_BaseOS             7.3 M
DEBUG util.py:463:   python3-pip-wheel                       noarch              21.3.1-2.el9_8.rocky.0.1                  Redsleeve_BaseOS             1.1 M
DEBUG util.py:463:   python3-rpm                             armv6hl             4.16.1.3-40.el9                           Redsleeve_BaseOS              60 k
DEBUG util.py:463:   python3-setuptools-wheel                noarch              53.0.0-15.el9                             Redsleeve_BaseOS             467 k
DEBUG util.py:463:   python3-six                             noarch              1.15.0-9.el9                              Redsleeve_BaseOS              36 k
DEBUG util.py:463:   python3-systemd                         armv6hl             234-19.el9                                Redsleeve_BaseOS              80 k
DEBUG util.py:463:   readline                                armv6hl             8.1-4.el9                                 Redsleeve_BaseOS             195 k
DEBUG util.py:463:   redsleeve-release                       noarch              9.8-0.el9                                 Redsleeve_BaseOS              22 k
DEBUG util.py:463:   rpm                                     armv6hl             4.16.1.3-40.el9                           Redsleeve_BaseOS             482 k
DEBUG util.py:463:   rpm-build-libs                          armv6hl             4.16.1.3-40.el9                           Redsleeve_BaseOS              83 k
DEBUG util.py:463:   rpm-libs                                armv6hl             4.16.1.3-40.el9                           Redsleeve_BaseOS             275 k
DEBUG util.py:463:   rpm-sign-libs                           armv6hl             4.16.1.3-40.el9                           Redsleeve_BaseOS              18 k
DEBUG util.py:463:   sed                                     armv6hl             4.8-10.el9_8                              Redsleeve_BaseOS             293 k
DEBUG util.py:463:   setup                                   noarch              2.13.7-10.el9                             Redsleeve_BaseOS             140 k
DEBUG util.py:463:   shadow-utils                            armv6hl             2:4.9-16.el9                              Redsleeve_BaseOS             1.1 M
DEBUG util.py:463:   sqlite-libs                             armv6hl             3.34.1-10.el9_8                           Redsleeve_BaseOS             596 k
DEBUG util.py:463:   systemd-libs                            armv6hl             252-67.el9_8.4.redsleeve                  Redsleeve_BaseOS             615 k
DEBUG util.py:463:   systemd-pam                             armv6hl             252-67.el9_8.4.redsleeve                  Redsleeve_BaseOS             245 k
DEBUG util.py:463:   systemd-rpm-macros                      noarch              252-67.el9_8.4.redsleeve                  Redsleeve_BaseOS              46 k
DEBUG util.py:463:   tpm2-tss                                armv6hl             3.2.3-1.el9                               Redsleeve_BaseOS             655 k
DEBUG util.py:463:   tzdata                                  noarch              2026c-1.el9_8                             Redsleeve_BaseOS             497 k
DEBUG util.py:463:   util-linux                              armv6hl             2.37.4-25.el9                             Redsleeve_BaseOS             2.2 M
DEBUG util.py:463:   util-linux-core                         armv6hl             2.37.4-25.el9                             Redsleeve_BaseOS             430 k
DEBUG util.py:463:   xz-libs                                 armv6hl             5.2.5-8.el9                               Redsleeve_BaseOS              85 k
DEBUG util.py:463:   zlib                                    armv6hl             1.2.11-40.el9                             Redsleeve_BaseOS              87 k
DEBUG util.py:463:  Installing weak dependencies:
DEBUG util.py:463:   gawk-all-langpacks                      armv6hl             5.1.0-6.el9                               Redsleeve_BaseOS             206 k
DEBUG util.py:463:   glibc-gconv-extra                       armv6hl             2.34-275.el9_8.redsleeve                  Redsleeve_BaseOS             1.6 M
DEBUG util.py:463:   python-unversioned-command              noarch              3.9.25-7.el9_8.2.redsleeve                Redsleeve_BaseOS             9.5 k
DEBUG util.py:463:   rpm-plugin-systemd-inhibit              armv6hl             4.16.1.3-40.el9                           Redsleeve_BaseOS              15 k
DEBUG util.py:463:   systemd                                 armv6hl             252-67.el9_8.4.redsleeve                  Redsleeve_BaseOS             3.9 M
DEBUG util.py:463:  Transaction Summary
DEBUG util.py:463:  ==========================================================================================================================================
DEBUG util.py:463:  Install  156 Packages
DEBUG util.py:463:  Total download size: 65 M
DEBUG util.py:463:  Installed size: 247 M
DEBUG util.py:463:  Downloading Packages:
DEBUG util.py:463:  (1/156): acl-2.4.0-1.el9_8.armv6hl.rpm                                                                    2.3 MB/s |  73 kB     00:00    
DEBUG util.py:463:  (2/156): attr-2.5.1-3.el9.armv6hl.rpm                                                                     1.5 MB/s |  57 kB     00:00    
DEBUG util.py:463:  (3/156): alternatives-1.24-2.el9.armv6hl.rpm                                                              724 kB/s |  37 kB     00:00    
DEBUG util.py:463:  (4/156): basesystem-11-13.el9.0.1.noarch.rpm                                                              288 kB/s | 6.2 kB     00:00    
DEBUG util.py:463:  (5/156): audit-libs-3.1.5-8.el9.armv6hl.rpm                                                               2.3 MB/s | 115 kB     00:00    
DEBUG util.py:463:  (6/156): bzip2-libs-1.0.8-11.el9.armv6hl.rpm                                                              1.3 MB/s |  38 kB     00:00    
DEBUG util.py:463:  (7/156): ca-certificates-2025.2.80_v9.0.305-91.el9.noarch.rpm                                             2.9 MB/s | 943 kB     00:00    
DEBUG util.py:463:  (8/156): coreutils-8.32-41.el9_8.armv6hl.rpm                                                              3.0 MB/s | 1.0 MB     00:00    
DEBUG util.py:463:  (9/156): bash-5.1.8-9.el9.armv6hl.rpm                                                                     3.6 MB/s | 1.6 MB     00:00    
DEBUG util.py:463:  (10/156): cracklib-2.9.6-28.el9.armv6hl.rpm                                                               1.0 MB/s |  78 kB     00:00    
DEBUG util.py:463:  (11/156): crypto-policies-20260224-1.gitea0f072.el9.noarch.rpm                                            1.3 MB/s |  56 kB     00:00    
DEBUG util.py:463:  (12/156): curl-7.76.1-40.el9.armv6hl.rpm                                                                  2.2 MB/s | 289 kB     00:00    
DEBUG util.py:463:  (13/156): cyrus-sasl-lib-2.1.27-22.el9.armv6hl.rpm                                                        2.8 MB/s | 702 kB     00:00    
DEBUG util.py:463:  (14/156): coreutils-common-8.32-41.el9_8.armv6hl.rpm                                                      3.2 MB/s | 2.0 MB     00:00    
DEBUG util.py:463:  (15/156): dbus-1.12.20-8.el9.armv6hl.rpm                                                                   85 kB/s | 6.6 kB     00:00    
DEBUG util.py:463:  (16/156): dbus-common-1.12.20-8.el9.noarch.rpm                                                            506 kB/s |  13 kB     00:00    
DEBUG util.py:463:  (17/156): dbus-broker-28-8.el9.armv6hl.rpm                                                                2.5 MB/s | 168 kB     00:00    
DEBUG util.py:463:  (18/156): dbus-libs-1.12.20-8.el9.armv6hl.rpm                                                             2.3 MB/s | 137 kB     00:00    
DEBUG util.py:463:  (19/156): dnf-data-4.14.0-34.el9_8.rocky.0.1.noarch.rpm                                                   928 kB/s |  35 kB     00:00    
DEBUG util.py:463:  (20/156): elfutils-default-yama-scope-0.194-1.el9.rocky.0.1.noarch.rpm                                    455 kB/s | 8.7 kB     00:00    
DEBUG util.py:463:  (21/156): elfutils-libelf-0.194-1.el9.rocky.0.1.armv6hl.rpm                                               2.3 MB/s | 200 kB     00:00    
DEBUG util.py:463:  (22/156): elfutils-libs-0.194-1.el9.rocky.0.1.armv6hl.rpm                                                 2.2 MB/s | 267 kB     00:00    
DEBUG util.py:463:  (23/156): cracklib-dicts-2.9.6-28.el9.armv6hl.rpm                                                         4.3 MB/s | 3.6 MB     00:00    
DEBUG util.py:463:  (24/156): expat-2.5.0-6.el9_8.1.armv6hl.rpm                                                               635 kB/s | 106 kB     00:00    
DEBUG util.py:463:  (25/156): file-libs-5.39-17.el9.armv6hl.rpm                                                               3.1 MB/s | 582 kB     00:00    
DEBUG util.py:463:  (26/156): findutils-4.8.0-7.el9.armv6hl.rpm                                                               2.9 MB/s | 527 kB     00:00    
DEBUG util.py:463:  (27/156): filesystem-3.16-5.el9.armv6hl.rpm                                                               3.7 MB/s | 1.1 MB     00:00    
DEBUG util.py:463:  (28/156): gawk-all-langpacks-5.1.0-6.el9.armv6hl.rpm                                                      1.6 MB/s | 206 kB     00:00    
DEBUG util.py:463:  (29/156): gdbm-libs-1.23-1.el9.armv6hl.rpm                                                                2.0 MB/s |  52 kB     00:00    
DEBUG util.py:463:  (30/156): gawk-5.1.0-6.el9.armv6hl.rpm                                                                    3.2 MB/s | 986 kB     00:00    
DEBUG util.py:463:  (31/156): glibc-common-2.34-275.el9_8.redsleeve.armv6hl.rpm                                               2.3 MB/s | 291 kB     00:00    
DEBUG util.py:463:  (32/156): glibc-2.34-275.el9_8.redsleeve.armv6hl.rpm                                                      3.2 MB/s | 1.5 MB     00:00    
DEBUG util.py:463:  (33/156): glibc-minimal-langpack-2.34-275.el9_8.redsleeve.armv6hl.rpm                                     861 kB/s |  27 kB     00:00    
DEBUG util.py:463:  (34/156): glib2-2.68.4-19.el9_8.2.armv6hl.rpm                                                             4.1 MB/s | 2.5 MB     00:00    
DEBUG util.py:463:  (35/156): gmp-6.2.0-13.el9.armv6hl.rpm                                                                    1.9 MB/s | 237 kB     00:00    
DEBUG util.py:463:  (36/156): glibc-gconv-extra-2.34-275.el9_8.redsleeve.armv6hl.rpm                                          3.1 MB/s | 1.6 MB     00:00    
DEBUG util.py:463:  (37/156): gpgme-1.15.1-6.el9.armv6hl.rpm                                                                  1.9 MB/s | 194 kB     00:00    
DEBUG util.py:463:  (38/156): grep-3.6-5.el9.armv6hl.rpm                                                                      2.5 MB/s | 254 kB     00:00    
DEBUG util.py:463:  (39/156): gnutls-3.8.10-8.el9_8.armv6hl.rpm                                                               3.3 MB/s | 1.0 MB     00:00    
DEBUG util.py:463:  (40/156): gzip-1.12-1.el9.armv6hl.rpm                                                                     1.9 MB/s | 159 kB     00:00    
DEBUG util.py:463:  (41/156): ima-evm-utils-1.6.2-2.el9.rocky.0.2.armv6hl.rpm                                                 1.6 MB/s |  70 kB     00:00    
DEBUG util.py:463:  (42/156): json-c-0.14-11.el9.armv6hl.rpm                                                                  1.6 MB/s |  39 kB     00:00    
DEBUG util.py:463:  (43/156): gnupg2-2.3.3-5.el9.armv6hl.rpm                                                                  5.0 MB/s | 2.4 MB     00:00    
DEBUG util.py:463:  (44/156): keyutils-1.6.3-1.el9.armv6hl.rpm                                                                674 kB/s |  68 kB     00:00    
DEBUG util.py:463:  (45/156): json-glib-1.6.6-1.el9.armv6hl.rpm                                                               1.2 MB/s | 147 kB     00:00    
DEBUG util.py:463:  (46/156): keyutils-libs-1.6.3-1.el9.armv6hl.rpm                                                           725 kB/s |  29 kB     00:00    
DEBUG util.py:463:  (47/156): kmod-libs-28-11.el9.armv6hl.rpm                                                                 1.7 MB/s |  58 kB     00:00    
DEBUG util.py:463:  (48/156): libacl-2.4.0-1.el9_8.armv6hl.rpm                                                                796 kB/s |  22 kB     00:00    
DEBUG util.py:463:  (49/156): libassuan-2.5.5-3.el9.armv6hl.rpm                                                               1.2 MB/s |  62 kB     00:00    
DEBUG util.py:463:  (50/156): krb5-libs-1.21.1-10.el9_8.armv6hl.rpm                                                           5.1 MB/s | 719 kB     00:00    
DEBUG util.py:463:  (51/156): libarchive-3.5.3-9.el9.armv6hl.rpm                                                              2.6 MB/s | 367 kB     00:00    
DEBUG util.py:463:  (52/156): libatomic-11.5.0-14.el9.redsleeve.armv6hl.rpm                                                   311 kB/s |  24 kB     00:00    
DEBUG util.py:463:  (53/156): libattr-2.5.1-3.el9.armv6hl.rpm                                                                 401 kB/s |  17 kB     00:00    
DEBUG util.py:463:  (54/156): libblkid-2.37.4-25.el9.armv6hl.rpm                                                              3.9 MB/s | 107 kB     00:00    
DEBUG util.py:463:  (55/156): libcap-2.48-10.el9.1.armv6hl.rpm                                                                1.1 MB/s |  63 kB     00:00    
DEBUG util.py:463:  (56/156): libcap-ng-0.8.2-7.el9.armv6hl.rpm                                                               714 kB/s |  31 kB     00:00    
DEBUG util.py:463:  (57/156): libcom_err-1.46.5-8.el9.armv6hl.rpm                                                             1.5 MB/s |  24 kB     00:00    
DEBUG util.py:463:  (58/156): libcomps-0.1.18-1.el9.armv6hl.rpm                                                               2.8 MB/s |  67 kB     00:00    
DEBUG util.py:463:  (59/156): libbrotli-1.0.9-9.el9.armv6hl.rpm                                                               2.5 MB/s | 307 kB     00:00    
DEBUG util.py:463:  (60/156): libcurl-7.76.1-40.el9.armv6hl.rpm                                                               4.5 MB/s | 270 kB     00:00    
DEBUG util.py:463:  (61/156): libeconf-0.4.1-7.el9_8.armv6hl.rpm                                                              896 kB/s |  24 kB     00:00    
DEBUG util.py:463:  (62/156): libdb-5.3.28-57.el9.armv6hl.rpm                                                                 809 kB/s | 668 kB     00:00    
DEBUG util.py:463:  (63/156): libevent-2.1.12-8.el9.armv6hl.rpm                                                               213 kB/s | 246 kB     00:01    
DEBUG util.py:463:  (64/156): libdnf-0.69.0-18.el9.rocky.0.1.armv6hl.rpm                                                      336 kB/s | 587 kB     00:01    
DEBUG util.py:463:  (65/156): libffi-3.4.2-8.el9.armv6hl.rpm                                                                   35 kB/s |  33 kB     00:00    
DEBUG util.py:463:  (66/156): libfdisk-2.37.4-25.el9.armv6hl.rpm                                                               93 kB/s | 161 kB     00:01    
DEBUG util.py:463:  (67/156): libgcc-11.5.0-14.el9.redsleeve.armv6hl.rpm                                                       70 kB/s |  84 kB     00:01    
DEBUG util.py:463:  (68/156): libgomp-11.5.0-14.el9.redsleeve.armv6hl.rpm                                                     309 kB/s | 247 kB     00:00    
DEBUG util.py:463:  (69/156): libgcrypt-1.10.0-13.el9_8.armv6hl.rpm                                                           287 kB/s | 478 kB     00:01    
DEBUG util.py:463:  (70/156): libgpg-error-1.42-5.el9.armv6hl.rpm                                                             162 kB/s | 205 kB     00:01    
DEBUG util.py:463:  (71/156): libidn2-2.3.0-7.el9.armv6hl.rpm                                                                  77 kB/s |  95 kB     00:01    
DEBUG util.py:463:  (72/156): libksba-1.5.1-7.el9.armv6hl.rpm                                                                 118 kB/s | 144 kB     00:01    
DEBUG util.py:463:  (73/156): libmodulemd-2.13.0-2.el9.armv6hl.rpm                                                            185 kB/s | 213 kB     00:01    
DEBUG util.py:463:  (74/156): libmount-2.37.4-25.el9.armv6hl.rpm                                                              165 kB/s | 131 kB     00:00    
DEBUG util.py:463:  (75/156): libnghttp2-1.43.0-6.el9.1.armv6hl.rpm                                                           183 kB/s |  67 kB     00:00    
DEBUG util.py:463:  (76/156): libpsl-0.21.1-5.el9.armv6hl.rpm                                                                 1.7 MB/s |  62 kB     00:00    
DEBUG util.py:463:  (77/156): libpwquality-1.4.4-8.el9.armv6hl.rpm                                                            2.8 MB/s | 104 kB     00:00    
DEBUG util.py:463:  (78/156): librepo-1.19.0-1.el9.armv6hl.rpm                                                                2.3 MB/s |  84 kB     00:00    
DEBUG util.py:463:  (79/156): libreport-filesystem-2.15.2-6.el9.rocky.0.2.noarch.rpm                                          340 kB/s |  11 kB     00:00    
DEBUG util.py:463:  (80/156): librhsm-0.0.3-9.el9.armv6hl.rpm                                                                 2.2 MB/s |  31 kB     00:00    
DEBUG util.py:463:  (81/156): libseccomp-2.5.2-2.el9.redsleeve.armv6hl.rpm                                                    2.7 MB/s |  73 kB     00:00    
DEBUG util.py:463:  (82/156): libselinux-3.6-3.el9.armv6hl.rpm                                                                2.4 MB/s |  83 kB     00:00    
DEBUG util.py:463:  (83/156): libsemanage-3.6-5.el9.armv6hl.rpm                                                               3.0 MB/s | 112 kB     00:00    
DEBUG util.py:463:  (84/156): libsigsegv-2.13-4.el9.armv6hl.rpm                                                               877 kB/s |  26 kB     00:00    
DEBUG util.py:463:  (85/156): libsepol-3.6-3.el9.armv6hl.rpm                                                                  4.8 MB/s | 308 kB     00:00    
DEBUG util.py:463:  (86/156): libsmartcols-2.37.4-25.el9.armv6hl.rpm                                                          1.2 MB/s |  57 kB     00:00    
DEBUG util.py:463:  (87/156): libssh-config-0.10.4-18.el9.noarch.rpm                                                          272 kB/s | 7.9 kB     00:00    
DEBUG util.py:463:  (88/156): libsolv-0.7.24-6.el9_8.armv6hl.rpm                                                              4.4 MB/s | 348 kB     00:00    
DEBUG util.py:463:  (89/156): libssh-0.10.4-18.el9.armv6hl.rpm                                                                2.6 MB/s | 197 kB     00:00    
DEBUG util.py:463:  (90/156): libtasn1-4.16.0-10.el9_8.redsleeve.armv6hl.rpm                                                  1.8 MB/s |  70 kB     00:00    
DEBUG util.py:463:  (91/156): libtool-ltdl-2.4.6-46.el9.armv6hl.rpm                                                           970 kB/s |  32 kB     00:00    
DEBUG util.py:463:  (92/156): libstdc++-11.5.0-14.el9.redsleeve.armv6hl.rpm                                                   6.0 MB/s | 654 kB     00:00    
DEBUG util.py:463:  (93/156): libutempter-1.2.1-6.el9.armv6hl.rpm                                                             592 kB/s |  25 kB     00:00    
DEBUG util.py:463:  (94/156): libuuid-2.37.4-25.el9.armv6hl.rpm                                                               1.1 MB/s |  25 kB     00:00    
DEBUG util.py:463:  (95/156): libverto-0.3.2-3.el9.armv6hl.rpm                                                                762 kB/s |  20 kB     00:00    
DEBUG util.py:463:  (96/156): libunistring-0.9.10-15.el9.armv6hl.rpm                                                          4.4 MB/s | 473 kB     00:00    
DEBUG util.py:463:  (97/156): libxcrypt-4.4.18-3.el9.armv6hl.rpm                                                              2.6 MB/s | 127 kB     00:00    
DEBUG util.py:463:  (98/156): libyaml-0.2.5-7.el9.armv6hl.rpm                                                                 1.8 MB/s |  54 kB     00:00    
DEBUG util.py:463:  (99/156): lua-libs-5.4.4-4.el9.armv6hl.rpm                                                                1.9 MB/s | 119 kB     00:00    
DEBUG util.py:463:  (100/156): libzstd-1.5.5-1.el9.armv6hl.rpm                                                                2.8 MB/s | 260 kB     00:00    
DEBUG util.py:463:  (101/156): libxml2-2.9.13-14.el9_8.2.armv6hl.rpm                                                          4.1 MB/s | 677 kB     00:00    
DEBUG util.py:463:  (102/156): lz4-libs-1.9.3-5.el9.armv6hl.rpm                                                               1.1 MB/s |  63 kB     00:00    
DEBUG util.py:463:  (103/156): ncurses-base-6.2-12.20210508.el9.noarch.rpm                                                    2.8 MB/s |  60 kB     00:00    
DEBUG util.py:463:  (104/156): mpfr-4.1.0-10.el9.armv6hl.rpm                                                                  3.1 MB/s | 212 kB     00:00    
DEBUG util.py:463:  (105/156): ncurses-libs-6.2-12.20210508.el9.armv6hl.rpm                                                   4.2 MB/s | 281 kB     00:00    
DEBUG util.py:463:  (106/156): npth-1.6-8.el9.armv6hl.rpm                                                                     253 kB/s |  23 kB     00:00    
DEBUG util.py:463:  (107/156): openldap-2.6.8-4.el9.0.1.armv6hl.rpm                                                           534 kB/s | 247 kB     00:00    
DEBUG util.py:463:  (108/156): nettle-3.10.1-1.el9.armv6hl.rpm                                                                484 kB/s | 513 kB     00:01    
DEBUG util.py:463:  (109/156): openssl-fips-provider-3.5.5-6.el9_8.armv6hl.rpm                                                588 kB/s | 650 kB     00:01    
DEBUG util.py:463:  (110/156): openssl-3.5.5-6.el9_8.armv6hl.rpm                                                              641 kB/s | 1.4 MB     00:02    
DEBUG util.py:463:  (111/156): p11-kit-0.26.4-1.el9_8.armv6hl.rpm                                                             445 kB/s | 561 kB     00:01    
DEBUG util.py:463:  (112/156): p11-kit-trust-0.26.4-1.el9_8.armv6hl.rpm                                                       145 kB/s | 137 kB     00:00    
DEBUG util.py:463:  (113/156): pam-1.5.1-28.el9.armv6hl.rpm                                                                   567 kB/s | 533 kB     00:00    
DEBUG util.py:463:  (114/156): openssl-libs-3.5.5-6.el9_8.armv6hl.rpm                                                         550 kB/s | 2.0 MB     00:03    
DEBUG util.py:463:  (115/156): pcre-8.44-4.el9.armv6hl.rpm                                                                     95 kB/s | 179 kB     00:01    
DEBUG util.py:463:  (116/156): pcre2-10.40-6.el9.armv6hl.rpm                                                                  119 kB/s | 211 kB     00:01    
DEBUG util.py:463:  (117/156): popt-1.18-8.el9.armv6hl.rpm                                                                     99 kB/s |  56 kB     00:00    
DEBUG util.py:463:  (118/156): publicsuffix-list-dafsa-20210518-3.el9.noarch.rpm                                              408 kB/s |  57 kB     00:00    
DEBUG util.py:463:  (119/156): pcre2-syntax-10.40-6.el9.noarch.rpm                                                            232 kB/s | 140 kB     00:00    
DEBUG util.py:463:  (120/156): python-unversioned-command-3.9.25-7.el9_8.2.redsleeve.noarch.rpm                               268 kB/s | 9.5 kB     00:00    
DEBUG util.py:463:  (121/156): python3-3.9.25-7.el9_8.2.redsleeve.armv6hl.rpm                                                 876 kB/s |  26 kB     00:00    
DEBUG util.py:463:  (122/156): python3-dateutil-2.9.0.post0-1.el9.noarch.rpm                                                  4.0 MB/s | 290 kB     00:00    
DEBUG util.py:463:  (123/156): python3-dnf-4.14.0-34.el9_8.rocky.0.1.noarch.rpm                                               4.5 MB/s | 412 kB     00:00    
DEBUG util.py:463:  (124/156): python3-dbus-1.2.18-2.el9.0.1.armv6hl.rpm                                                      1.1 MB/s | 127 kB     00:00    
DEBUG util.py:463:  (125/156): python3-dnf-plugins-core-4.3.0-26.el9.noarch.rpm                                               4.0 MB/s | 245 kB     00:00    
DEBUG util.py:463:  (126/156): python3-hawkey-0.69.0-18.el9.rocky.0.1.armv6hl.rpm                                             2.5 MB/s |  80 kB     00:00    
DEBUG util.py:463:  (127/156): python3-gpg-1.15.1-6.el9.armv6hl.rpm                                                           3.7 MB/s | 244 kB     00:00    
DEBUG util.py:463:  (128/156): python3-libcomps-0.1.18-1.el9.armv6hl.rpm                                                      1.2 MB/s |  44 kB     00:00    
DEBUG util.py:463:  (129/156): python3-libdnf-0.69.0-18.el9.rocky.0.1.armv6hl.rpm                                             4.0 MB/s | 657 kB     00:00    
DEBUG util.py:463:  (130/156): python3-rpm-4.16.1.3-40.el9.armv6hl.rpm                                                        1.3 MB/s |  60 kB     00:00    
DEBUG util.py:463:  (131/156): python3-pip-wheel-21.3.1-2.el9_8.rocky.0.1.noarch.rpm                                          3.3 MB/s | 1.1 MB     00:00    
DEBUG util.py:463:  (132/156): python3-setuptools-wheel-53.0.0-15.el9.noarch.rpm                                              2.3 MB/s | 467 kB     00:00    
DEBUG util.py:463:  (133/156): python3-six-1.15.0-9.el9.noarch.rpm                                                            1.1 MB/s |  36 kB     00:00    
DEBUG util.py:463:  (134/156): python3-systemd-234-19.el9.armv6hl.rpm                                                         2.0 MB/s |  80 kB     00:00    
DEBUG util.py:463:  (135/156): redsleeve-release-9.8-0.el9.noarch.rpm                                                         705 kB/s |  22 kB     00:00    
DEBUG util.py:463:  (136/156): readline-8.1-4.el9.armv6hl.rpm                                                                 2.5 MB/s | 195 kB     00:00    
DEBUG util.py:463:  (137/156): rpm-build-libs-4.16.1.3-40.el9.armv6hl.rpm                                                     1.1 MB/s |  83 kB     00:00    
DEBUG util.py:463:  (138/156): rpm-4.16.1.3-40.el9.armv6hl.rpm                                                                2.9 MB/s | 482 kB     00:00    
DEBUG util.py:463:  (139/156): rpm-libs-4.16.1.3-40.el9.armv6hl.rpm                                                           3.0 MB/s | 275 kB     00:00    
DEBUG util.py:463:  (140/156): rpm-plugin-systemd-inhibit-4.16.1.3-40.el9.armv6hl.rpm                                         646 kB/s |  15 kB     00:00    
DEBUG util.py:463:  (141/156): rpm-sign-libs-4.16.1.3-40.el9.armv6hl.rpm                                                      657 kB/s |  18 kB     00:00    
DEBUG util.py:463:  (142/156): setup-2.13.7-10.el9.noarch.rpm                                                                 1.9 MB/s | 140 kB     00:00    
DEBUG util.py:463:  (143/156): sed-4.8-10.el9_8.armv6hl.rpm                                                                   2.6 MB/s | 293 kB     00:00    
DEBUG util.py:463:  (144/156): sqlite-libs-3.34.1-10.el9_8.armv6hl.rpm                                                        2.7 MB/s | 596 kB     00:00    
DEBUG util.py:463:  (145/156): shadow-utils-4.9-16.el9.armv6hl.rpm                                                            3.5 MB/s | 1.1 MB     00:00    
DEBUG util.py:463:  (146/156): systemd-libs-252-67.el9_8.4.redsleeve.armv6hl.rpm                                              2.8 MB/s | 615 kB     00:00    
DEBUG util.py:463:  (147/156): systemd-pam-252-67.el9_8.4.redsleeve.armv6hl.rpm                                               2.6 MB/s | 245 kB     00:00    
DEBUG util.py:463:  (148/156): systemd-rpm-macros-252-67.el9_8.4.redsleeve.noarch.rpm                                         1.2 MB/s |  46 kB     00:00    
DEBUG util.py:463:  (149/156): python3-libs-3.9.25-7.el9_8.2.redsleeve.armv6hl.rpm                                            4.1 MB/s | 7.3 MB     00:01    
DEBUG util.py:463:  (150/156): tpm2-tss-3.2.3-1.el9.armv6hl.rpm                                                               1.5 MB/s | 655 kB     00:00    
DEBUG util.py:463:  (151/156): tzdata-2026c-1.el9_8.noarch.rpm                                                                3.1 MB/s | 497 kB     00:00    
DEBUG util.py:463:  (152/156): systemd-252-67.el9_8.4.redsleeve.armv6hl.rpm                                                   3.6 MB/s | 3.9 MB     00:01    
DEBUG util.py:463:  (153/156): util-linux-core-2.37.4-25.el9.armv6hl.rpm                                                      2.7 MB/s | 430 kB     00:00    
DEBUG util.py:463:  (154/156): xz-libs-5.2.5-8.el9.armv6hl.rpm                                                                1.5 MB/s |  85 kB     00:00    
DEBUG util.py:463:  (155/156): zlib-1.2.11-40.el9.armv6hl.rpm                                                                 1.9 MB/s |  87 kB     00:00    
DEBUG util.py:463:  (156/156): util-linux-2.37.4-25.el9.armv6hl.rpm                                                           5.2 MB/s | 2.2 MB     00:00    
DEBUG util.py:463:  ------------------------------------------------------------------------------------------------------------------------------------------
DEBUG util.py:463:  Total                                                                                                     3.8 MB/s |  65 MB     00:17     
DEBUG util.py:463:  RedSleeve-9 - BaseOS                                                                                      2.3 MB/s | 2.4 kB     00:00    
DEBUG util.py:461:  Importing GPG key 0x2F00D701:
DEBUG util.py:461:   Userid     : "Jacco Ligthart (RPM-GPG-KEY-redsleeve-9) <jacco@redsleeve.org>"
DEBUG util.py:461:   Fingerprint: 7DD3 1638 FEAB 8AED 44FA E2B1 28B9 4253 2F00 D701
DEBUG util.py:461:   From       : /etc/pki/rpm-gpg/RPM-GPG-KEY-redsleeve-9
DEBUG util.py:463:  Key imported successfully
DEBUG util.py:463:  Running transaction check
DEBUG util.py:463:  Transaction check succeeded.
DEBUG util.py:463:  Running transaction test
DEBUG util.py:463:  Transaction test succeeded.
DEBUG util.py:463:  Running transaction
DEBUG util.py:463:    Running scriptlet: filesystem-3.16-5.el9.armv6hl                                                                                    1/1 
DEBUG util.py:463:    Preparing        :                                                                                                                  1/1 
DEBUG util.py:463:    Installing       : tzdata-2026c-1.el9_8.noarch                                                                                    1/156 
DEBUG util.py:463:    Installing       : python3-setuptools-wheel-53.0.0-15.el9.noarch                                                                  2/156 
DEBUG util.py:463:    Installing       : publicsuffix-list-dafsa-20210518-3.el9.noarch                                                                  3/156 
DEBUG util.py:463:    Installing       : pcre2-syntax-10.40-6.el9.noarch                                                                                4/156 
DEBUG util.py:463:    Installing       : ncurses-base-6.2-12.20210508.el9.noarch                                                                        5/156 
DEBUG util.py:463:    Installing       : libssh-config-0.10.4-18.el9.noarch                                                                             6/156 
DEBUG util.py:463:    Installing       : libreport-filesystem-2.15.2-6.el9.rocky.0.2.noarch                                                             7/156 
DEBUG util.py:463:    Installing       : dnf-data-4.14.0-34.el9_8.rocky.0.1.noarch                                                                      8/156 
DEBUG util.py:463:  warning: /etc/dnf/dnf.conf created as /etc/dnf/dnf.conf.rpmnew
DEBUG util.py:463:    Installing       : gawk-all-langpacks-5.1.0-6.el9.armv6hl                                                                         9/156 
DEBUG util.py:463:    Installing       : coreutils-common-8.32-41.el9_8.armv6hl                                                                        10/156 
DEBUG util.py:463:    Installing       : ncurses-libs-6.2-12.20210508.el9.armv6hl                                                                      11/156 
DEBUG util.py:463:    Installing       : redsleeve-release-9.8-0.el9.noarch                                                                            12/156 
DEBUG util.py:463:    Installing       : setup-2.13.7-10.el9.noarch                                                                                    13/156 
DEBUG util.py:463:  warning: /etc/hosts created as /etc/hosts.rpmnew
DEBUG util.py:463:    Running scriptlet: setup-2.13.7-10.el9.noarch                                                                                    13/156 
DEBUG util.py:463:    Installing       : filesystem-3.16-5.el9.armv6hl                                                                                 14/156 
DEBUG util.py:463:    Installing       : basesystem-11-13.el9.0.1.noarch                                                                               15/156 
DEBUG util.py:463:    Installing       : bash-5.1.8-9.el9.armv6hl                                                                                      16/156 
DEBUG util.py:463:    Running scriptlet: bash-5.1.8-9.el9.armv6hl                                                                                      16/156 
DEBUG util.py:463:    Installing       : libgcc-11.5.0-14.el9.redsleeve.armv6hl                                                                        17/156 
DEBUG util.py:463:    Running scriptlet: libgcc-11.5.0-14.el9.redsleeve.armv6hl                                                                        17/156 
DEBUG util.py:463:    Installing       : glibc-gconv-extra-2.34-275.el9_8.redsleeve.armv6hl                                                            18/156 
DEBUG util.py:463:    Running scriptlet: glibc-gconv-extra-2.34-275.el9_8.redsleeve.armv6hl                                                            18/156 
DEBUG util.py:463:    Installing       : glibc-minimal-langpack-2.34-275.el9_8.redsleeve.armv6hl                                                       19/156 
DEBUG util.py:463:    Installing       : glibc-common-2.34-275.el9_8.redsleeve.armv6hl                                                                 20/156 
DEBUG util.py:463:    Running scriptlet: glibc-2.34-275.el9_8.redsleeve.armv6hl                                                                        21/156 
DEBUG util.py:463:    Installing       : glibc-2.34-275.el9_8.redsleeve.armv6hl                                                                        21/156 
DEBUG util.py:463:    Running scriptlet: glibc-2.34-275.el9_8.redsleeve.armv6hl                                                                        21/156 
DEBUG util.py:463:    Installing       : crypto-policies-20260224-1.gitea0f072.el9.noarch                                                              22/156 
DEBUG util.py:463:    Running scriptlet: crypto-policies-20260224-1.gitea0f072.el9.noarch                                                              22/156 
DEBUG util.py:463:    Installing       : systemd-rpm-macros-252-67.el9_8.4.redsleeve.noarch                                                            23/156 
DEBUG util.py:463:    Installing       : zlib-1.2.11-40.el9.armv6hl                                                                                    24/156 
DEBUG util.py:463:    Installing       : xz-libs-5.2.5-8.el9.armv6hl                                                                                   25/156 
DEBUG util.py:463:    Installing       : bzip2-libs-1.0.8-11.el9.armv6hl                                                                               26/156 
DEBUG util.py:463:    Installing       : libzstd-1.5.5-1.el9.armv6hl                                                                                   27/156 
DEBUG util.py:463:    Installing       : libacl-2.4.0-1.el9_8.armv6hl                                                                                  28/156 
DEBUG util.py:463:    Installing       : libcap-2.48-10.el9.1.armv6hl                                                                                  29/156 
DEBUG util.py:463:    Installing       : libxcrypt-4.4.18-3.el9.armv6hl                                                                                30/156 
DEBUG util.py:463:    Installing       : sqlite-libs-3.34.1-10.el9_8.armv6hl                                                                           31/156 
DEBUG util.py:463:    Installing       : libuuid-2.37.4-25.el9.armv6hl                                                                                 32/156 
DEBUG util.py:463:    Installing       : libgpg-error-1.42-5.el9.armv6hl                                                                               33/156 
DEBUG util.py:463:    Installing       : popt-1.18-8.el9.armv6hl                                                                                       34/156 
DEBUG util.py:463:    Installing       : libxml2-2.9.13-14.el9_8.2.armv6hl                                                                             35/156 
DEBUG util.py:463:    Installing       : libffi-3.4.2-8.el9.armv6hl                                                                                    36/156 
DEBUG util.py:463:    Installing       : libsmartcols-2.37.4-25.el9.armv6hl                                                                            37/156 
DEBUG util.py:463:    Installing       : lua-libs-5.4.4-4.el9.armv6hl                                                                                  38/156 
DEBUG util.py:463:    Installing       : readline-8.1-4.el9.armv6hl                                                                                    39/156 
DEBUG util.py:463:    Installing       : libgcrypt-1.10.0-13.el9_8.armv6hl                                                                             40/156 
DEBUG util.py:463:    Installing       : expat-2.5.0-6.el9_8.1.armv6hl                                                                                 41/156 
DEBUG util.py:463:    Installing       : gmp-1:6.2.0-13.el9.armv6hl                                                                                    42/156 
DEBUG util.py:463:    Installing       : keyutils-libs-1.6.3-1.el9.armv6hl                                                                             43/156 
DEBUG util.py:463:    Installing       : libattr-2.5.1-3.el9.armv6hl                                                                                   44/156 
DEBUG util.py:463:    Installing       : libcap-ng-0.8.2-7.el9.armv6hl                                                                                 45/156 
DEBUG util.py:463:    Installing       : audit-libs-3.1.5-8.el9.armv6hl                                                                                46/156 
DEBUG util.py:463:    Installing       : libcom_err-1.46.5-8.el9.armv6hl                                                                               47/156 
DEBUG util.py:463:    Installing       : libstdc++-11.5.0-14.el9.redsleeve.armv6hl                                                                     48/156 
DEBUG util.py:463:    Installing       : libtasn1-4.16.0-10.el9_8.redsleeve.armv6hl                                                                    49/156 
DEBUG util.py:463:    Installing       : p11-kit-0.26.4-1.el9_8.armv6hl                                                                                50/156 
DEBUG util.py:463:    Installing       : libunistring-0.9.10-15.el9.armv6hl                                                                            51/156 
DEBUG util.py:463:    Installing       : libidn2-2.3.0-7.el9.armv6hl                                                                                   52/156 
DEBUG util.py:463:    Installing       : lz4-libs-1.9.3-5.el9.armv6hl                                                                                  53/156 
DEBUG util.py:463:    Installing       : libassuan-2.5.5-3.el9.armv6hl                                                                                 54/156 
DEBUG util.py:463:    Installing       : elfutils-libelf-0.194-1.el9.rocky.0.1.armv6hl                                                                 55/156 
DEBUG util.py:463:    Installing       : file-libs-5.39-17.el9.armv6hl                                                                                 56/156 
DEBUG util.py:463:    Installing       : gdbm-libs-1:1.23-1.el9.armv6hl                                                                                57/156 
DEBUG util.py:463:    Installing       : json-c-0.14-11.el9.armv6hl                                                                                    58/156 
DEBUG util.py:463:    Installing       : libatomic-11.5.0-14.el9.redsleeve.armv6hl                                                                     59/156 
DEBUG util.py:463:    Installing       : libsepol-3.6-3.el9.armv6hl                                                                                    60/156 
DEBUG util.py:463:    Installing       : libsigsegv-2.13-4.el9.armv6hl                                                                                 61/156 
DEBUG util.py:463:    Installing       : pcre-8.44-4.el9.armv6hl                                                                                       62/156 
DEBUG util.py:463:    Installing       : grep-3.6-5.el9.armv6hl                                                                                        63/156 
DEBUG util.py:463:    Installing       : pcre2-10.40-6.el9.armv6hl                                                                                     64/156 
DEBUG util.py:463:    Installing       : libselinux-3.6-3.el9.armv6hl                                                                                  65/156 
DEBUG util.py:463:    Installing       : sed-4.8-10.el9_8.armv6hl                                                                                      66/156 
DEBUG util.py:463:    Installing       : findutils-1:4.8.0-7.el9.armv6hl                                                                               67/156 
DEBUG util.py:463:    Installing       : libsemanage-3.6-5.el9.armv6hl                                                                                 68/156 
DEBUG util.py:463:    Installing       : shadow-utils-2:4.9-16.el9.armv6hl                                                                             69/156 
DEBUG util.py:463:    Running scriptlet: libutempter-1.2.1-6.el9.armv6hl                                                                               70/156 
DEBUG util.py:463:    Installing       : libutempter-1.2.1-6.el9.armv6hl                                                                               70/156 
DEBUG util.py:463:    Installing       : libpsl-0.21.1-5.el9.armv6hl                                                                                   71/156 
DEBUG util.py:463:    Installing       : attr-2.5.1-3.el9.armv6hl                                                                                      72/156 
DEBUG util.py:463:    Installing       : keyutils-1.6.3-1.el9.armv6hl                                                                                  73/156 
DEBUG util.py:463:    Installing       : mpfr-4.1.0-10.el9.armv6hl                                                                                     74/156 
DEBUG util.py:463:    Installing       : gawk-5.1.0-6.el9.armv6hl                                                                                      75/156 
DEBUG util.py:463:    Installing       : libcomps-0.1.18-1.el9.armv6hl                                                                                 76/156 
DEBUG util.py:463:    Installing       : libksba-1.5.1-7.el9.armv6hl                                                                                   77/156 
DEBUG util.py:463:    Installing       : acl-2.4.0-1.el9_8.armv6hl                                                                                     78/156 
DEBUG util.py:463:    Installing       : alternatives-1.24-2.el9.armv6hl                                                                               79/156 
DEBUG util.py:463:    Installing       : p11-kit-trust-0.26.4-1.el9_8.armv6hl                                                                          80/156 
DEBUG util.py:463:    Running scriptlet: p11-kit-trust-0.26.4-1.el9_8.armv6hl                                                                          80/156 
DEBUG util.py:463:    Installing       : openssl-fips-provider-1:3.5.5-6.el9_8.armv6hl                                                                 81/156 
DEBUG util.py:463:    Installing       : openssl-libs-1:3.5.5-6.el9_8.armv6hl                                                                          82/156 
DEBUG util.py:463:    Installing       : coreutils-8.32-41.el9_8.armv6hl                                                                               83/156 
DEBUG util.py:463:    Running scriptlet: ca-certificates-2025.2.80_v9.0.305-91.el9.noarch                                                              84/156 
DEBUG util.py:463:    Installing       : ca-certificates-2025.2.80_v9.0.305-91.el9.noarch                                                              84/156 
DEBUG util.py:463:    Running scriptlet: ca-certificates-2025.2.80_v9.0.305-91.el9.noarch                                                              84/156 
DEBUG util.py:463:    Installing       : systemd-libs-252-67.el9_8.4.redsleeve.armv6hl                                                                 85/156 
DEBUG util.py:463:    Running scriptlet: systemd-libs-252-67.el9_8.4.redsleeve.armv6hl                                                                 85/156 
DEBUG util.py:463:    Installing       : libblkid-2.37.4-25.el9.armv6hl                                                                                86/156 
DEBUG util.py:463:    Running scriptlet: libblkid-2.37.4-25.el9.armv6hl                                                                                86/156 
DEBUG util.py:463:    Installing       : python3-pip-wheel-21.3.1-2.el9_8.rocky.0.1.noarch                                                             87/156 
DEBUG util.py:463:    Installing       : python-unversioned-command-3.9.25-7.el9_8.2.redsleeve.noarch                                                  88/156 
DEBUG util.py:463:    Installing       : python3-3.9.25-7.el9_8.2.redsleeve.armv6hl                                                                    89/156 
DEBUG util.py:463:    Installing       : python3-libs-3.9.25-7.el9_8.2.redsleeve.armv6hl                                                               90/156 
DEBUG util.py:463:    Installing       : libmount-2.37.4-25.el9.armv6hl                                                                                91/156 
DEBUG util.py:463:    Installing       : libfdisk-2.37.4-25.el9.armv6hl                                                                                92/156 
DEBUG util.py:463:    Installing       : dbus-libs-1:1.12.20-8.el9.armv6hl                                                                             93/156 
DEBUG util.py:463:    Installing       : python3-six-1.15.0-9.el9.noarch                                                                               94/156 
DEBUG util.py:463:    Installing       : python3-dateutil-1:2.9.0.post0-1.el9.noarch                                                                   95/156 
DEBUG util.py:463:    Installing       : util-linux-core-2.37.4-25.el9.armv6hl                                                                         96/156 
DEBUG util.py:463:    Running scriptlet: util-linux-core-2.37.4-25.el9.armv6hl                                                                         96/156 
DEBUG util.py:463:    Installing       : python3-libcomps-0.1.18-1.el9.armv6hl                                                                         97/156 
DEBUG util.py:463:    Installing       : python3-systemd-234-19.el9.armv6hl                                                                            98/156 
DEBUG util.py:463:    Installing       : gzip-1.12-1.el9.armv6hl                                                                                       99/156 
DEBUG util.py:463:    Installing       : cracklib-2.9.6-28.el9.armv6hl                                                                                100/156 
DEBUG util.py:463:    Installing       : cracklib-dicts-2.9.6-28.el9.armv6hl                                                                          101/156 
DEBUG util.py:463:    Installing       : openssl-1:3.5.5-6.el9_8.armv6hl                                                                              102/156 
DEBUG util.py:463:    Installing       : kmod-libs-28-11.el9.armv6hl                                                                                  103/156 
DEBUG util.py:463:    Installing       : libarchive-3.5.3-9.el9.armv6hl                                                                               104/156 
DEBUG util.py:463:    Installing       : libevent-2.1.12-8.el9.armv6hl                                                                                105/156 
DEBUG util.py:463:    Installing       : libbrotli-1.0.9-9.el9.armv6hl                                                                                106/156 
DEBUG util.py:463:    Installing       : libdb-5.3.28-57.el9.armv6hl                                                                                  107/156 
DEBUG util.py:463:    Installing       : libeconf-0.4.1-7.el9_8.armv6hl                                                                               108/156 
DEBUG util.py:463:    Installing       : libpwquality-1.4.4-8.el9.armv6hl                                                                             109/156 
DEBUG util.py:463:    Installing       : pam-1.5.1-28.el9.armv6hl                                                                                     110/156 
DEBUG util.py:463:    Installing       : util-linux-2.37.4-25.el9.armv6hl                                                                             111/156 
DEBUG util.py:463:    Installing       : libgomp-11.5.0-14.el9.redsleeve.armv6hl                                                                      112/156 
DEBUG util.py:463:    Installing       : libnghttp2-1.43.0-6.el9.1.armv6hl                                                                            113/156 
DEBUG util.py:463:    Installing       : libseccomp-2.5.2-2.el9.redsleeve.armv6hl                                                                     114/156 
DEBUG util.py:463:    Installing       : dbus-1:1.12.20-8.el9.armv6hl                                                                                 115/156 
DEBUG util.py:463:    Installing       : systemd-pam-252-67.el9_8.4.redsleeve.armv6hl                                                                 116/156 
DEBUG util.py:463:    Running scriptlet: systemd-252-67.el9_8.4.redsleeve.armv6hl                                                                     117/156 
DEBUG util.py:463:    Installing       : systemd-252-67.el9_8.4.redsleeve.armv6hl                                                                     117/156 
DEBUG util.py:463:    Running scriptlet: systemd-252-67.el9_8.4.redsleeve.armv6hl                                                                     117/156 
DEBUG util.py:463:    Installing       : dbus-common-1:1.12.20-8.el9.noarch                                                                           118/156 
DEBUG util.py:463:    Running scriptlet: dbus-common-1:1.12.20-8.el9.noarch                                                                           118/156 
DEBUG util.py:463:  Created symlink /etc/systemd/system/sockets.target.wants/dbus.socket → /usr/lib/systemd/system/dbus.socket.
DEBUG util.py:463:    Installing       : dbus-broker-28-8.el9.armv6hl                                                                                 119/156 
DEBUG util.py:463:    Running scriptlet: dbus-broker-28-8.el9.armv6hl                                                                                 119/156 
DEBUG util.py:463:  Created symlink /etc/systemd/system/dbus.service → /usr/lib/systemd/system/dbus-broker.service.
DEBUG util.py:463:    Installing       : elfutils-default-yama-scope-0.194-1.el9.rocky.0.1.noarch                                                     120/156 
DEBUG util.py:463:    Running scriptlet: elfutils-default-yama-scope-0.194-1.el9.rocky.0.1.noarch                                                     120/156 
DEBUG util.py:463:    Installing       : elfutils-libs-0.194-1.el9.rocky.0.1.armv6hl                                                                  121/156 
DEBUG util.py:463:    Installing       : libtool-ltdl-2.4.6-46.el9.armv6hl                                                                            122/156 
DEBUG util.py:463:    Installing       : libverto-0.3.2-3.el9.armv6hl                                                                                 123/156 
DEBUG util.py:463:    Installing       : krb5-libs-1.21.1-10.el9_8.armv6hl                                                                            124/156 
DEBUG util.py:463:    Installing       : cyrus-sasl-lib-2.1.27-22.el9.armv6hl                                                                         125/156 
DEBUG util.py:463:    Installing       : openldap-2.6.8-4.el9.0.1.armv6hl                                                                             126/156 
DEBUG util.py:463:    Installing       : libssh-0.10.4-18.el9.armv6hl                                                                                 127/156 
DEBUG util.py:463:    Installing       : libcurl-7.76.1-40.el9.armv6hl                                                                                128/156 
DEBUG util.py:463:    Installing       : curl-7.76.1-40.el9.armv6hl                                                                                   129/156 
DEBUG util.py:463:    Installing       : rpm-4.16.1.3-40.el9.armv6hl                                                                                  130/156 
DEBUG util.py:463:    Installing       : rpm-libs-4.16.1.3-40.el9.armv6hl                                                                             131/156 
DEBUG util.py:463:    Installing       : libsolv-0.7.24-6.el9_8.armv6hl                                                                               132/156 
DEBUG util.py:463:    Installing       : rpm-build-libs-4.16.1.3-40.el9.armv6hl                                                                       133/156 
DEBUG util.py:463:    Installing       : rpm-plugin-systemd-inhibit-4.16.1.3-40.el9.armv6hl                                                           134/156 
DEBUG util.py:463:    Running scriptlet: tpm2-tss-3.2.3-1.el9.armv6hl                                                                                 135/156 
DEBUG util.py:463:    Installing       : tpm2-tss-3.2.3-1.el9.armv6hl                                                                                 135/156 
DEBUG util.py:463:    Installing       : ima-evm-utils-1.6.2-2.el9.rocky.0.2.armv6hl                                                                  136/156 
DEBUG util.py:463:    Installing       : libyaml-0.2.5-7.el9.armv6hl                                                                                  137/156 
DEBUG util.py:463:    Installing       : nettle-3.10.1-1.el9.armv6hl                                                                                  138/156 
DEBUG util.py:463:    Installing       : gnutls-3.8.10-8.el9_8.armv6hl                                                                                139/156 
DEBUG util.py:463:    Installing       : glib2-2.68.4-19.el9_8.2.armv6hl                                                                              140/156 
DEBUG util.py:463:    Installing       : libmodulemd-2.13.0-2.el9.armv6hl                                                                             141/156 
DEBUG util.py:463:    Installing       : json-glib-1.6.6-1.el9.armv6hl                                                                                142/156 
DEBUG util.py:463:    Installing       : librhsm-0.0.3-9.el9.armv6hl                                                                                  143/156 
DEBUG util.py:463:    Installing       : python3-dbus-1.2.18-2.el9.0.1.armv6hl                                                                        144/156 
DEBUG util.py:463:    Installing       : npth-1.6-8.el9.armv6hl                                                                                       145/156 
DEBUG util.py:463:    Installing       : gnupg2-2.3.3-5.el9.armv6hl                                                                                   146/156 
DEBUG util.py:463:    Installing       : gpgme-1.15.1-6.el9.armv6hl                                                                                   147/156 
DEBUG util.py:463:    Installing       : librepo-1.19.0-1.el9.armv6hl                                                                                 148/156 
DEBUG util.py:463:    Installing       : libdnf-0.69.0-18.el9.rocky.0.1.armv6hl                                                                       149/156 
DEBUG util.py:463:    Installing       : python3-libdnf-0.69.0-18.el9.rocky.0.1.armv6hl                                                               150/156 
DEBUG util.py:463:    Installing       : python3-hawkey-0.69.0-18.el9.rocky.0.1.armv6hl                                                               151/156 
DEBUG util.py:463:    Installing       : python3-gpg-1.15.1-6.el9.armv6hl                                                                             152/156 
DEBUG util.py:463:    Installing       : rpm-sign-libs-4.16.1.3-40.el9.armv6hl                                                                        153/156 
DEBUG util.py:463:    Installing       : python3-rpm-4.16.1.3-40.el9.armv6hl                                                                          154/156 
DEBUG util.py:463:    Installing       : python3-dnf-4.14.0-34.el9_8.rocky.0.1.noarch                                                                 155/156 
DEBUG util.py:463:    Installing       : python3-dnf-plugins-core-4.3.0-26.el9.noarch                                                                 156/156 
DEBUG util.py:463:    Running scriptlet: filesystem-3.16-5.el9.armv6hl                                                                                156/156 
DEBUG util.py:463:    Running scriptlet: ca-certificates-2025.2.80_v9.0.305-91.el9.noarch                                                             156/156 
DEBUG util.py:463:    Running scriptlet: rpm-4.16.1.3-40.el9.armv6hl                                                                                  156/156 
DEBUG util.py:463:    Running scriptlet: python3-dnf-plugins-core-4.3.0-26.el9.noarch                                                                 156/156 
DEBUG util.py:463:    Verifying        : acl-2.4.0-1.el9_8.armv6hl                                                                                      1/156 
DEBUG util.py:463:    Verifying        : alternatives-1.24-2.el9.armv6hl                                                                                2/156 
DEBUG util.py:463:    Verifying        : attr-2.5.1-3.el9.armv6hl                                                                                       3/156 
DEBUG util.py:463:    Verifying        : audit-libs-3.1.5-8.el9.armv6hl                                                                                 4/156 
DEBUG util.py:463:    Verifying        : basesystem-11-13.el9.0.1.noarch                                                                                5/156 
DEBUG util.py:463:    Verifying        : bash-5.1.8-9.el9.armv6hl                                                                                       6/156 
DEBUG util.py:463:    Verifying        : bzip2-libs-1.0.8-11.el9.armv6hl                                                                                7/156 
DEBUG util.py:463:    Verifying        : ca-certificates-2025.2.80_v9.0.305-91.el9.noarch                                                               8/156 
DEBUG util.py:463:    Verifying        : coreutils-8.32-41.el9_8.armv6hl                                                                                9/156 
DEBUG util.py:463:    Verifying        : coreutils-common-8.32-41.el9_8.armv6hl                                                                        10/156 
DEBUG util.py:463:    Verifying        : cracklib-2.9.6-28.el9.armv6hl                                                                                 11/156 
DEBUG util.py:463:    Verifying        : cracklib-dicts-2.9.6-28.el9.armv6hl                                                                           12/156 
DEBUG util.py:463:    Verifying        : crypto-policies-20260224-1.gitea0f072.el9.noarch                                                              13/156 
DEBUG util.py:463:    Verifying        : curl-7.76.1-40.el9.armv6hl                                                                                    14/156 
DEBUG util.py:463:    Verifying        : cyrus-sasl-lib-2.1.27-22.el9.armv6hl                                                                          15/156 
DEBUG util.py:463:    Verifying        : dbus-1:1.12.20-8.el9.armv6hl                                                                                  16/156 
DEBUG util.py:463:    Verifying        : dbus-broker-28-8.el9.armv6hl                                                                                  17/156 
DEBUG util.py:463:    Verifying        : dbus-common-1:1.12.20-8.el9.noarch                                                                            18/156 
DEBUG util.py:463:    Verifying        : dbus-libs-1:1.12.20-8.el9.armv6hl                                                                             19/156 
DEBUG util.py:463:    Verifying        : dnf-data-4.14.0-34.el9_8.rocky.0.1.noarch                                                                     20/156 
DEBUG util.py:463:    Verifying        : elfutils-default-yama-scope-0.194-1.el9.rocky.0.1.noarch                                                      21/156 
DEBUG util.py:463:    Verifying        : elfutils-libelf-0.194-1.el9.rocky.0.1.armv6hl                                                                 22/156 
DEBUG util.py:463:    Verifying        : elfutils-libs-0.194-1.el9.rocky.0.1.armv6hl                                                                   23/156 
DEBUG util.py:463:    Verifying        : expat-2.5.0-6.el9_8.1.armv6hl                                                                                 24/156 
DEBUG util.py:463:    Verifying        : file-libs-5.39-17.el9.armv6hl                                                                                 25/156 
DEBUG util.py:463:    Verifying        : filesystem-3.16-5.el9.armv6hl                                                                                 26/156 
DEBUG util.py:463:    Verifying        : findutils-1:4.8.0-7.el9.armv6hl                                                                               27/156 
DEBUG util.py:463:    Verifying        : gawk-5.1.0-6.el9.armv6hl                                                                                      28/156 
DEBUG util.py:463:    Verifying        : gawk-all-langpacks-5.1.0-6.el9.armv6hl                                                                        29/156 
DEBUG util.py:463:    Verifying        : gdbm-libs-1:1.23-1.el9.armv6hl                                                                                30/156 
DEBUG util.py:463:    Verifying        : glib2-2.68.4-19.el9_8.2.armv6hl                                                                               31/156 
DEBUG util.py:463:    Verifying        : glibc-2.34-275.el9_8.redsleeve.armv6hl                                                                        32/156 
DEBUG util.py:463:    Verifying        : glibc-common-2.34-275.el9_8.redsleeve.armv6hl                                                                 33/156 
DEBUG util.py:463:    Verifying        : glibc-gconv-extra-2.34-275.el9_8.redsleeve.armv6hl                                                            34/156 
DEBUG util.py:463:    Verifying        : glibc-minimal-langpack-2.34-275.el9_8.redsleeve.armv6hl                                                       35/156 
DEBUG util.py:463:    Verifying        : gmp-1:6.2.0-13.el9.armv6hl                                                                                    36/156 
DEBUG util.py:463:    Verifying        : gnupg2-2.3.3-5.el9.armv6hl                                                                                    37/156 
DEBUG util.py:463:    Verifying        : gnutls-3.8.10-8.el9_8.armv6hl                                                                                 38/156 
DEBUG util.py:463:    Verifying        : gpgme-1.15.1-6.el9.armv6hl                                                                                    39/156 
DEBUG util.py:463:    Verifying        : grep-3.6-5.el9.armv6hl                                                                                        40/156 
DEBUG util.py:463:    Verifying        : gzip-1.12-1.el9.armv6hl                                                                                       41/156 
DEBUG util.py:463:    Verifying        : ima-evm-utils-1.6.2-2.el9.rocky.0.2.armv6hl                                                                   42/156 
DEBUG util.py:463:    Verifying        : json-c-0.14-11.el9.armv6hl                                                                                    43/156 
DEBUG util.py:463:    Verifying        : json-glib-1.6.6-1.el9.armv6hl                                                                                 44/156 
DEBUG util.py:463:    Verifying        : keyutils-1.6.3-1.el9.armv6hl                                                                                  45/156 
DEBUG util.py:463:    Verifying        : keyutils-libs-1.6.3-1.el9.armv6hl                                                                             46/156 
DEBUG util.py:463:    Verifying        : kmod-libs-28-11.el9.armv6hl                                                                                   47/156 
DEBUG util.py:463:    Verifying        : krb5-libs-1.21.1-10.el9_8.armv6hl                                                                             48/156 
DEBUG util.py:463:    Verifying        : libacl-2.4.0-1.el9_8.armv6hl                                                                                  49/156 
DEBUG util.py:463:    Verifying        : libarchive-3.5.3-9.el9.armv6hl                                                                                50/156 
DEBUG util.py:463:    Verifying        : libassuan-2.5.5-3.el9.armv6hl                                                                                 51/156 
DEBUG util.py:463:    Verifying        : libatomic-11.5.0-14.el9.redsleeve.armv6hl                                                                     52/156 
DEBUG util.py:463:    Verifying        : libattr-2.5.1-3.el9.armv6hl                                                                                   53/156 
DEBUG util.py:463:    Verifying        : libblkid-2.37.4-25.el9.armv6hl                                                                                54/156 
DEBUG util.py:463:    Verifying        : libbrotli-1.0.9-9.el9.armv6hl                                                                                 55/156 
DEBUG util.py:463:    Verifying        : libcap-2.48-10.el9.1.armv6hl                                                                                  56/156 
DEBUG util.py:463:    Verifying        : libcap-ng-0.8.2-7.el9.armv6hl                                                                                 57/156 
DEBUG util.py:463:    Verifying        : libcom_err-1.46.5-8.el9.armv6hl                                                                               58/156 
DEBUG util.py:463:    Verifying        : libcomps-0.1.18-1.el9.armv6hl                                                                                 59/156 
DEBUG util.py:463:    Verifying        : libcurl-7.76.1-40.el9.armv6hl                                                                                 60/156 
DEBUG util.py:463:    Verifying        : libdb-5.3.28-57.el9.armv6hl                                                                                   61/156 
DEBUG util.py:463:    Verifying        : libdnf-0.69.0-18.el9.rocky.0.1.armv6hl                                                                        62/156 
DEBUG util.py:463:    Verifying        : libeconf-0.4.1-7.el9_8.armv6hl                                                                                63/156 
DEBUG util.py:463:    Verifying        : libevent-2.1.12-8.el9.armv6hl                                                                                 64/156 
DEBUG util.py:463:    Verifying        : libfdisk-2.37.4-25.el9.armv6hl                                                                                65/156 
DEBUG util.py:463:    Verifying        : libffi-3.4.2-8.el9.armv6hl                                                                                    66/156 
DEBUG util.py:463:    Verifying        : libgcc-11.5.0-14.el9.redsleeve.armv6hl                                                                        67/156 
DEBUG util.py:463:    Verifying        : libgcrypt-1.10.0-13.el9_8.armv6hl                                                                             68/156 
DEBUG util.py:463:    Verifying        : libgomp-11.5.0-14.el9.redsleeve.armv6hl                                                                       69/156 
DEBUG util.py:463:    Verifying        : libgpg-error-1.42-5.el9.armv6hl                                                                               70/156 
DEBUG util.py:463:    Verifying        : libidn2-2.3.0-7.el9.armv6hl                                                                                   71/156 
DEBUG util.py:463:    Verifying        : libksba-1.5.1-7.el9.armv6hl                                                                                   72/156 
DEBUG util.py:463:    Verifying        : libmodulemd-2.13.0-2.el9.armv6hl                                                                              73/156 
DEBUG util.py:463:    Verifying        : libmount-2.37.4-25.el9.armv6hl                                                                                74/156 
DEBUG util.py:463:    Verifying        : libnghttp2-1.43.0-6.el9.1.armv6hl                                                                             75/156 
DEBUG util.py:463:    Verifying        : libpsl-0.21.1-5.el9.armv6hl                                                                                   76/156 
DEBUG util.py:463:    Verifying        : libpwquality-1.4.4-8.el9.armv6hl                                                                              77/156 
DEBUG util.py:463:    Verifying        : librepo-1.19.0-1.el9.armv6hl                                                                                  78/156 
DEBUG util.py:463:    Verifying        : libreport-filesystem-2.15.2-6.el9.rocky.0.2.noarch                                                            79/156 
DEBUG util.py:463:    Verifying        : librhsm-0.0.3-9.el9.armv6hl                                                                                   80/156 
DEBUG util.py:463:    Verifying        : libseccomp-2.5.2-2.el9.redsleeve.armv6hl                                                                      81/156 
DEBUG util.py:463:    Verifying        : libselinux-3.6-3.el9.armv6hl                                                                                  82/156 
DEBUG util.py:463:    Verifying        : libsemanage-3.6-5.el9.armv6hl                                                                                 83/156 
DEBUG util.py:463:    Verifying        : libsepol-3.6-3.el9.armv6hl                                                                                    84/156 
DEBUG util.py:463:    Verifying        : libsigsegv-2.13-4.el9.armv6hl                                                                                 85/156 
DEBUG util.py:463:    Verifying        : libsmartcols-2.37.4-25.el9.armv6hl                                                                            86/156 
DEBUG util.py:463:    Verifying        : libsolv-0.7.24-6.el9_8.armv6hl                                                                                87/156 
DEBUG util.py:463:    Verifying        : libssh-0.10.4-18.el9.armv6hl                                                                                  88/156 
DEBUG util.py:463:    Verifying        : libssh-config-0.10.4-18.el9.noarch                                                                            89/156 
DEBUG util.py:463:    Verifying        : libstdc++-11.5.0-14.el9.redsleeve.armv6hl                                                                     90/156 
DEBUG util.py:463:    Verifying        : libtasn1-4.16.0-10.el9_8.redsleeve.armv6hl                                                                    91/156 
DEBUG util.py:463:    Verifying        : libtool-ltdl-2.4.6-46.el9.armv6hl                                                                             92/156 
DEBUG util.py:463:    Verifying        : libunistring-0.9.10-15.el9.armv6hl                                                                            93/156 
DEBUG util.py:463:    Verifying        : libutempter-1.2.1-6.el9.armv6hl                                                                               94/156 
DEBUG util.py:463:    Verifying        : libuuid-2.37.4-25.el9.armv6hl                                                                                 95/156 
DEBUG util.py:463:    Verifying        : libverto-0.3.2-3.el9.armv6hl                                                                                  96/156 
DEBUG util.py:463:    Verifying        : libxcrypt-4.4.18-3.el9.armv6hl                                                                                97/156 
DEBUG util.py:463:    Verifying        : libxml2-2.9.13-14.el9_8.2.armv6hl                                                                             98/156 
DEBUG util.py:463:    Verifying        : libyaml-0.2.5-7.el9.armv6hl                                                                                   99/156 
DEBUG util.py:463:    Verifying        : libzstd-1.5.5-1.el9.armv6hl                                                                                  100/156 
DEBUG util.py:463:    Verifying        : lua-libs-5.4.4-4.el9.armv6hl                                                                                 101/156 
DEBUG util.py:463:    Verifying        : lz4-libs-1.9.3-5.el9.armv6hl                                                                                 102/156 
DEBUG util.py:463:    Verifying        : mpfr-4.1.0-10.el9.armv6hl                                                                                    103/156 
DEBUG util.py:463:    Verifying        : ncurses-base-6.2-12.20210508.el9.noarch                                                                      104/156 
DEBUG util.py:463:    Verifying        : ncurses-libs-6.2-12.20210508.el9.armv6hl                                                                     105/156 
DEBUG util.py:463:    Verifying        : nettle-3.10.1-1.el9.armv6hl                                                                                  106/156 
DEBUG util.py:463:    Verifying        : npth-1.6-8.el9.armv6hl                                                                                       107/156 
DEBUG util.py:463:    Verifying        : openldap-2.6.8-4.el9.0.1.armv6hl                                                                             108/156 
DEBUG util.py:463:    Verifying        : openssl-1:3.5.5-6.el9_8.armv6hl                                                                              109/156 
DEBUG util.py:463:    Verifying        : openssl-fips-provider-1:3.5.5-6.el9_8.armv6hl                                                                110/156 
DEBUG util.py:463:    Verifying        : openssl-libs-1:3.5.5-6.el9_8.armv6hl                                                                         111/156 
DEBUG util.py:463:    Verifying        : p11-kit-0.26.4-1.el9_8.armv6hl                                                                               112/156 
DEBUG util.py:463:    Verifying        : p11-kit-trust-0.26.4-1.el9_8.armv6hl                                                                         113/156 
DEBUG util.py:463:    Verifying        : pam-1.5.1-28.el9.armv6hl                                                                                     114/156 
DEBUG util.py:463:    Verifying        : pcre-8.44-4.el9.armv6hl                                                                                      115/156 
DEBUG util.py:463:    Verifying        : pcre2-10.40-6.el9.armv6hl                                                                                    116/156 
DEBUG util.py:463:    Verifying        : pcre2-syntax-10.40-6.el9.noarch                                                                              117/156 
DEBUG util.py:463:    Verifying        : popt-1.18-8.el9.armv6hl                                                                                      118/156 
DEBUG util.py:463:    Verifying        : publicsuffix-list-dafsa-20210518-3.el9.noarch                                                                119/156 
DEBUG util.py:463:    Verifying        : python-unversioned-command-3.9.25-7.el9_8.2.redsleeve.noarch                                                 120/156 
DEBUG util.py:463:    Verifying        : python3-3.9.25-7.el9_8.2.redsleeve.armv6hl                                                                   121/156 
DEBUG util.py:463:    Verifying        : python3-dateutil-1:2.9.0.post0-1.el9.noarch                                                                  122/156 
DEBUG util.py:463:    Verifying        : python3-dbus-1.2.18-2.el9.0.1.armv6hl                                                                        123/156 
DEBUG util.py:463:    Verifying        : python3-dnf-4.14.0-34.el9_8.rocky.0.1.noarch                                                                 124/156 
DEBUG util.py:463:    Verifying        : python3-dnf-plugins-core-4.3.0-26.el9.noarch                                                                 125/156 
DEBUG util.py:463:    Verifying        : python3-gpg-1.15.1-6.el9.armv6hl                                                                             126/156 
DEBUG util.py:463:    Verifying        : python3-hawkey-0.69.0-18.el9.rocky.0.1.armv6hl                                                               127/156 
DEBUG util.py:463:    Verifying        : python3-libcomps-0.1.18-1.el9.armv6hl                                                                        128/156 
DEBUG util.py:463:    Verifying        : python3-libdnf-0.69.0-18.el9.rocky.0.1.armv6hl                                                               129/156 
DEBUG util.py:463:    Verifying        : python3-libs-3.9.25-7.el9_8.2.redsleeve.armv6hl                                                              130/156 
DEBUG util.py:463:    Verifying        : python3-pip-wheel-21.3.1-2.el9_8.rocky.0.1.noarch                                                            131/156 
DEBUG util.py:463:    Verifying        : python3-rpm-4.16.1.3-40.el9.armv6hl                                                                          132/156 
DEBUG util.py:463:    Verifying        : python3-setuptools-wheel-53.0.0-15.el9.noarch                                                                133/156 
DEBUG util.py:463:    Verifying        : python3-six-1.15.0-9.el9.noarch                                                                              134/156 
DEBUG util.py:463:    Verifying        : python3-systemd-234-19.el9.armv6hl                                                                           135/156 
DEBUG util.py:463:    Verifying        : readline-8.1-4.el9.armv6hl                                                                                   136/156 
DEBUG util.py:463:    Verifying        : redsleeve-release-9.8-0.el9.noarch                                                                           137/156 
DEBUG util.py:463:    Verifying        : rpm-4.16.1.3-40.el9.armv6hl                                                                                  138/156 
DEBUG util.py:463:    Verifying        : rpm-build-libs-4.16.1.3-40.el9.armv6hl                                                                       139/156 
DEBUG util.py:463:    Verifying        : rpm-libs-4.16.1.3-40.el9.armv6hl                                                                             140/156 
DEBUG util.py:463:    Verifying        : rpm-plugin-systemd-inhibit-4.16.1.3-40.el9.armv6hl                                                           141/156 
DEBUG util.py:463:    Verifying        : rpm-sign-libs-4.16.1.3-40.el9.armv6hl                                                                        142/156 
DEBUG util.py:463:    Verifying        : sed-4.8-10.el9_8.armv6hl                                                                                     143/156 
DEBUG util.py:463:    Verifying        : setup-2.13.7-10.el9.noarch                                                                                   144/156 
DEBUG util.py:463:    Verifying        : shadow-utils-2:4.9-16.el9.armv6hl                                                                            145/156 
DEBUG util.py:463:    Verifying        : sqlite-libs-3.34.1-10.el9_8.armv6hl                                                                          146/156 
DEBUG util.py:463:    Verifying        : systemd-252-67.el9_8.4.redsleeve.armv6hl                                                                     147/156 
DEBUG util.py:463:    Verifying        : systemd-libs-252-67.el9_8.4.redsleeve.armv6hl                                                                148/156 
DEBUG util.py:463:    Verifying        : systemd-pam-252-67.el9_8.4.redsleeve.armv6hl                                                                 149/156 
DEBUG util.py:463:    Verifying        : systemd-rpm-macros-252-67.el9_8.4.redsleeve.noarch                                                           150/156 
DEBUG util.py:463:    Verifying        : tpm2-tss-3.2.3-1.el9.armv6hl                                                                                 151/156 
DEBUG util.py:463:    Verifying        : tzdata-2026c-1.el9_8.noarch                                                                                  152/156 
DEBUG util.py:463:    Verifying        : util-linux-2.37.4-25.el9.armv6hl                                                                             153/156 
DEBUG util.py:463:    Verifying        : util-linux-core-2.37.4-25.el9.armv6hl                                                                        154/156 
DEBUG util.py:463:    Verifying        : xz-libs-5.2.5-8.el9.armv6hl                                                                                  155/156 
DEBUG util.py:463:    Verifying        : zlib-1.2.11-40.el9.armv6hl                                                                                   156/156 
DEBUG util.py:463:  Installed products updated.
DEBUG util.py:463:  Installed:
DEBUG util.py:463:    acl-2.4.0-1.el9_8.armv6hl                                         alternatives-1.24-2.el9.armv6hl                                      
DEBUG util.py:463:    attr-2.5.1-3.el9.armv6hl                                          audit-libs-3.1.5-8.el9.armv6hl                                       
DEBUG util.py:463:    basesystem-11-13.el9.0.1.noarch                                   bash-5.1.8-9.el9.armv6hl                                             
DEBUG util.py:463:    bzip2-libs-1.0.8-11.el9.armv6hl                                   ca-certificates-2025.2.80_v9.0.305-91.el9.noarch                     
DEBUG util.py:463:    coreutils-8.32-41.el9_8.armv6hl                                   coreutils-common-8.32-41.el9_8.armv6hl                               
DEBUG util.py:463:    cracklib-2.9.6-28.el9.armv6hl                                     cracklib-dicts-2.9.6-28.el9.armv6hl                                  
DEBUG util.py:463:    crypto-policies-20260224-1.gitea0f072.el9.noarch                  curl-7.76.1-40.el9.armv6hl                                           
DEBUG util.py:463:    cyrus-sasl-lib-2.1.27-22.el9.armv6hl                              dbus-1:1.12.20-8.el9.armv6hl                                         
DEBUG util.py:463:    dbus-broker-28-8.el9.armv6hl                                      dbus-common-1:1.12.20-8.el9.noarch                                   
DEBUG util.py:463:    dbus-libs-1:1.12.20-8.el9.armv6hl                                 dnf-data-4.14.0-34.el9_8.rocky.0.1.noarch                            
DEBUG util.py:463:    elfutils-default-yama-scope-0.194-1.el9.rocky.0.1.noarch          elfutils-libelf-0.194-1.el9.rocky.0.1.armv6hl                        
DEBUG util.py:463:    elfutils-libs-0.194-1.el9.rocky.0.1.armv6hl                       expat-2.5.0-6.el9_8.1.armv6hl                                        
DEBUG util.py:463:    file-libs-5.39-17.el9.armv6hl                                     filesystem-3.16-5.el9.armv6hl                                        
DEBUG util.py:463:    findutils-1:4.8.0-7.el9.armv6hl                                   gawk-5.1.0-6.el9.armv6hl                                             
DEBUG util.py:463:    gawk-all-langpacks-5.1.0-6.el9.armv6hl                            gdbm-libs-1:1.23-1.el9.armv6hl                                       
DEBUG util.py:463:    glib2-2.68.4-19.el9_8.2.armv6hl                                   glibc-2.34-275.el9_8.redsleeve.armv6hl                               
DEBUG util.py:463:    glibc-common-2.34-275.el9_8.redsleeve.armv6hl                     glibc-gconv-extra-2.34-275.el9_8.redsleeve.armv6hl                   
DEBUG util.py:463:    glibc-minimal-langpack-2.34-275.el9_8.redsleeve.armv6hl           gmp-1:6.2.0-13.el9.armv6hl                                           
DEBUG util.py:463:    gnupg2-2.3.3-5.el9.armv6hl                                        gnutls-3.8.10-8.el9_8.armv6hl                                        
DEBUG util.py:463:    gpgme-1.15.1-6.el9.armv6hl                                        grep-3.6-5.el9.armv6hl                                               
DEBUG util.py:463:    gzip-1.12-1.el9.armv6hl                                           ima-evm-utils-1.6.2-2.el9.rocky.0.2.armv6hl                          
DEBUG util.py:463:    json-c-0.14-11.el9.armv6hl                                        json-glib-1.6.6-1.el9.armv6hl                                        
DEBUG util.py:463:    keyutils-1.6.3-1.el9.armv6hl                                      keyutils-libs-1.6.3-1.el9.armv6hl                                    
DEBUG util.py:463:    kmod-libs-28-11.el9.armv6hl                                       krb5-libs-1.21.1-10.el9_8.armv6hl                                    
DEBUG util.py:463:    libacl-2.4.0-1.el9_8.armv6hl                                      libarchive-3.5.3-9.el9.armv6hl                                       
DEBUG util.py:463:    libassuan-2.5.5-3.el9.armv6hl                                     libatomic-11.5.0-14.el9.redsleeve.armv6hl                            
DEBUG util.py:463:    libattr-2.5.1-3.el9.armv6hl                                       libblkid-2.37.4-25.el9.armv6hl                                       
DEBUG util.py:463:    libbrotli-1.0.9-9.el9.armv6hl                                     libcap-2.48-10.el9.1.armv6hl                                         
DEBUG util.py:463:    libcap-ng-0.8.2-7.el9.armv6hl                                     libcom_err-1.46.5-8.el9.armv6hl                                      
DEBUG util.py:463:    libcomps-0.1.18-1.el9.armv6hl                                     libcurl-7.76.1-40.el9.armv6hl                                        
DEBUG util.py:463:    libdb-5.3.28-57.el9.armv6hl                                       libdnf-0.69.0-18.el9.rocky.0.1.armv6hl                               
DEBUG util.py:463:    libeconf-0.4.1-7.el9_8.armv6hl                                    libevent-2.1.12-8.el9.armv6hl                                        
DEBUG util.py:463:    libfdisk-2.37.4-25.el9.armv6hl                                    libffi-3.4.2-8.el9.armv6hl                                           
DEBUG util.py:463:    libgcc-11.5.0-14.el9.redsleeve.armv6hl                            libgcrypt-1.10.0-13.el9_8.armv6hl                                    
DEBUG util.py:463:    libgomp-11.5.0-14.el9.redsleeve.armv6hl                           libgpg-error-1.42-5.el9.armv6hl                                      
DEBUG util.py:463:    libidn2-2.3.0-7.el9.armv6hl                                       libksba-1.5.1-7.el9.armv6hl                                          
DEBUG util.py:463:    libmodulemd-2.13.0-2.el9.armv6hl                                  libmount-2.37.4-25.el9.armv6hl                                       
DEBUG util.py:463:    libnghttp2-1.43.0-6.el9.1.armv6hl                                 libpsl-0.21.1-5.el9.armv6hl                                          
DEBUG util.py:463:    libpwquality-1.4.4-8.el9.armv6hl                                  librepo-1.19.0-1.el9.armv6hl                                         
DEBUG util.py:463:    libreport-filesystem-2.15.2-6.el9.rocky.0.2.noarch                librhsm-0.0.3-9.el9.armv6hl                                          
DEBUG util.py:463:    libseccomp-2.5.2-2.el9.redsleeve.armv6hl                          libselinux-3.6-3.el9.armv6hl                                         
DEBUG util.py:463:    libsemanage-3.6-5.el9.armv6hl                                     libsepol-3.6-3.el9.armv6hl                                           
DEBUG util.py:463:    libsigsegv-2.13-4.el9.armv6hl                                     libsmartcols-2.37.4-25.el9.armv6hl                                   
DEBUG util.py:463:    libsolv-0.7.24-6.el9_8.armv6hl                                    libssh-0.10.4-18.el9.armv6hl                                         
DEBUG util.py:463:    libssh-config-0.10.4-18.el9.noarch                                libstdc++-11.5.0-14.el9.redsleeve.armv6hl                            
DEBUG util.py:463:    libtasn1-4.16.0-10.el9_8.redsleeve.armv6hl                        libtool-ltdl-2.4.6-46.el9.armv6hl                                    
DEBUG util.py:463:    libunistring-0.9.10-15.el9.armv6hl                                libutempter-1.2.1-6.el9.armv6hl                                      
DEBUG util.py:463:    libuuid-2.37.4-25.el9.armv6hl                                     libverto-0.3.2-3.el9.armv6hl                                         
DEBUG util.py:463:    libxcrypt-4.4.18-3.el9.armv6hl                                    libxml2-2.9.13-14.el9_8.2.armv6hl                                    
DEBUG util.py:463:    libyaml-0.2.5-7.el9.armv6hl                                       libzstd-1.5.5-1.el9.armv6hl                                          
DEBUG util.py:463:    lua-libs-5.4.4-4.el9.armv6hl                                      lz4-libs-1.9.3-5.el9.armv6hl                                         
DEBUG util.py:463:    mpfr-4.1.0-10.el9.armv6hl                                         ncurses-base-6.2-12.20210508.el9.noarch                              
DEBUG util.py:463:    ncurses-libs-6.2-12.20210508.el9.armv6hl                          nettle-3.10.1-1.el9.armv6hl                                          
DEBUG util.py:463:    npth-1.6-8.el9.armv6hl                                            openldap-2.6.8-4.el9.0.1.armv6hl                                     
DEBUG util.py:463:    openssl-1:3.5.5-6.el9_8.armv6hl                                   openssl-fips-provider-1:3.5.5-6.el9_8.armv6hl                        
DEBUG util.py:463:    openssl-libs-1:3.5.5-6.el9_8.armv6hl                              p11-kit-0.26.4-1.el9_8.armv6hl                                       
DEBUG util.py:463:    p11-kit-trust-0.26.4-1.el9_8.armv6hl                              pam-1.5.1-28.el9.armv6hl                                             
DEBUG util.py:463:    pcre-8.44-4.el9.armv6hl                                           pcre2-10.40-6.el9.armv6hl                                            
DEBUG util.py:463:    pcre2-syntax-10.40-6.el9.noarch                                   popt-1.18-8.el9.armv6hl                                              
DEBUG util.py:463:    publicsuffix-list-dafsa-20210518-3.el9.noarch                     python-unversioned-command-3.9.25-7.el9_8.2.redsleeve.noarch         
DEBUG util.py:463:    python3-3.9.25-7.el9_8.2.redsleeve.armv6hl                        python3-dateutil-1:2.9.0.post0-1.el9.noarch                          
DEBUG util.py:463:    python3-dbus-1.2.18-2.el9.0.1.armv6hl                             python3-dnf-4.14.0-34.el9_8.rocky.0.1.noarch                         
DEBUG util.py:463:    python3-dnf-plugins-core-4.3.0-26.el9.noarch                      python3-gpg-1.15.1-6.el9.armv6hl                                     
DEBUG util.py:463:    python3-hawkey-0.69.0-18.el9.rocky.0.1.armv6hl                    python3-libcomps-0.1.18-1.el9.armv6hl                                
DEBUG util.py:463:    python3-libdnf-0.69.0-18.el9.rocky.0.1.armv6hl                    python3-libs-3.9.25-7.el9_8.2.redsleeve.armv6hl                      
DEBUG util.py:463:    python3-pip-wheel-21.3.1-2.el9_8.rocky.0.1.noarch                 python3-rpm-4.16.1.3-40.el9.armv6hl                                  
DEBUG util.py:463:    python3-setuptools-wheel-53.0.0-15.el9.noarch                     python3-six-1.15.0-9.el9.noarch                                      
DEBUG util.py:463:    python3-systemd-234-19.el9.armv6hl                                readline-8.1-4.el9.armv6hl                                           
DEBUG util.py:463:    redsleeve-release-9.8-0.el9.noarch                                rpm-4.16.1.3-40.el9.armv6hl                                          
DEBUG util.py:463:    rpm-build-libs-4.16.1.3-40.el9.armv6hl                            rpm-libs-4.16.1.3-40.el9.armv6hl                                     
DEBUG util.py:463:    rpm-plugin-systemd-inhibit-4.16.1.3-40.el9.armv6hl                rpm-sign-libs-4.16.1.3-40.el9.armv6hl                                
DEBUG util.py:463:    sed-4.8-10.el9_8.armv6hl                                          setup-2.13.7-10.el9.noarch                                           
DEBUG util.py:463:    shadow-utils-2:4.9-16.el9.armv6hl                                 sqlite-libs-3.34.1-10.el9_8.armv6hl                                  
DEBUG util.py:463:    systemd-252-67.el9_8.4.redsleeve.armv6hl                          systemd-libs-252-67.el9_8.4.redsleeve.armv6hl                        
DEBUG util.py:463:    systemd-pam-252-67.el9_8.4.redsleeve.armv6hl                      systemd-rpm-macros-252-67.el9_8.4.redsleeve.noarch                   
DEBUG util.py:463:    tpm2-tss-3.2.3-1.el9.armv6hl                                      tzdata-2026c-1.el9_8.noarch                                          
DEBUG util.py:463:    util-linux-2.37.4-25.el9.armv6hl                                  util-linux-core-2.37.4-25.el9.armv6hl                                
DEBUG util.py:463:    xz-libs-5.2.5-8.el9.armv6hl                                       zlib-1.2.11-40.el9.armv6hl                                           
DEBUG util.py:463:  Complete!
DEBUG util.py:610:  Child return code was: 0
DEBUG util.py:185:  kill orphans in chroot /var/lib/mock/redsleeve-local-9-armv6hl-bootstrap/root
DEBUG util.py:636:  child environment: None
DEBUG util.py:558:  Executing command: ['/bin/umount', '-n', '-l', '/var/lib/mock/redsleeve-local-9-armv6hl-bootstrap/root/dev/pts'] with env {'TERM': 'vt100', 'SHELL': '/bin/sh', 'HOME': '/builddir', 'HOSTNAME': 'mock', 'PATH': '/usr/bin:/bin:/usr/sbin:/sbin', 'LANG': 'C.UTF-8'} and shell False
DEBUG util.py:610:  Child return code was: 0
DEBUG util.py:636:  child environment: None
DEBUG util.py:558:  Executing command: ['/bin/umount', '-n', '-l', '/var/lib/mock/redsleeve-local-9-armv6hl-bootstrap/root/dev/shm'] with env {'TERM': 'vt100', 'SHELL': '/bin/sh', 'HOME': '/builddir', 'HOSTNAME': 'mock', 'PATH': '/usr/bin:/bin:/usr/sbin:/sbin', 'LANG': 'C.UTF-8'} and shell False
DEBUG util.py:610:  Child return code was: 0
DEBUG util.py:636:  child environment: None
DEBUG util.py:558:  Executing command: ['/bin/umount', '-n', '-l', '/var/lib/mock/redsleeve-local-9-armv6hl-bootstrap/root/sys'] with env {'TERM': 'vt100', 'SHELL': '/bin/sh', 'HOME': '/builddir', 'HOSTNAME': 'mock', 'PATH': '/usr/bin:/bin:/usr/sbin:/sbin', 'LANG': 'C.UTF-8'} and shell False
DEBUG util.py:610:  Child return code was: 0
DEBUG util.py:636:  child environment: None
DEBUG util.py:558:  Executing command: ['/bin/umount', '-n', '-l', '/var/lib/mock/redsleeve-local-9-armv6hl-bootstrap/root/sys'] with env {'TERM': 'vt100', 'SHELL': '/bin/sh', 'HOME': '/builddir', 'HOSTNAME': 'mock', 'PATH': '/usr/bin:/bin:/usr/sbin:/sbin', 'LANG': 'C.UTF-8'} and shell False
DEBUG util.py:610:  Child return code was: 0
DEBUG util.py:636:  child environment: None
DEBUG util.py:558:  Executing command: ['/bin/umount', '-n', '-l', '/var/lib/mock/redsleeve-local-9-armv6hl-bootstrap/root/proc'] with env {'TERM': 'vt100', 'SHELL': '/bin/sh', 'HOME': '/builddir', 'HOSTNAME': 'mock', 'PATH': '/usr/bin:/bin:/usr/sbin:/sbin', 'LANG': 'C.UTF-8'} and shell False
DEBUG util.py:610:  Child return code was: 0
DEBUG util.py:636:  child environment: None
DEBUG util.py:558:  Executing command: ['/bin/umount', '-n', '-l', '/var/lib/mock/redsleeve-local-9-armv6hl-bootstrap/root/proc'] with env {'TERM': 'vt100', 'SHELL': '/bin/sh', 'HOME': '/builddir', 'HOSTNAME': 'mock', 'PATH': '/usr/bin:/bin:/usr/sbin:/sbin', 'LANG': 'C.UTF-8'} and shell False
DEBUG util.py:610:  Child return code was: 0
DEBUG file_util.py:29:  touching file: /var/lib/mock/redsleeve-local-9-armv6hl-bootstrap/root/etc/os-release
DEBUG buildroot.py:38:  method _setup_build_dirs skipped in bootstrap
DEBUG buildroot.py:38:  method _make_users skipped in bootstrap
DEBUG file_util.py:29:  touching file: /var/lib/mock/redsleeve-local-9-armv6hl-bootstrap/root/.initialized
DEBUG util.py:636:  child environment: None
DEBUG util.py:558:  Executing command: ['sync'] with env {'TERM': 'vt100', 'SHELL': '/bin/sh', 'HOME': '/builddir', 'HOSTNAME': 'mock', 'PATH': '/usr/bin:/bin:/usr/sbin:/sbin', 'LANG': 'C.UTF-8'} and shell False
DEBUG util.py:610:  Child return code was: 0
DEBUG util.py:636:  child environment: None
DEBUG util.py:558:  Executing command: ['/bin/tar', '--one-file-system', '--exclude-caches', '--exclude-caches-under', '--use-compress-program', 'pigz', '-cf', '/var/cache/mock/redsleeve-local-9-armv6hl-bootstrap/root_cache/cache.tar.gz', '-C', '/var/lib/mock/redsleeve-local-9-armv6hl-bootstrap/root', '--exclude=./proc', '--exclude=./sys', '--exclude=./dev', '--exclude=./tmp/ccache', '--exclude=./var/cache/yum', '--exclude=./var/cache/dnf', '--exclude=./var/log', '--exclude=.//proc', '--exclude=.//proc', '--exclude=.//sys', '--exclude=.//sys', '--exclude=.//dev/shm', '--exclude=.//dev/pts', '.'] with env {'TERM': 'vt100', 'SHELL': '/bin/sh', 'HOME': '/builddir', 'HOSTNAME': 'mock', 'PATH': '/usr/bin:/bin:/usr/sbin:/sbin', 'LANG': 'C.UTF-8'} and shell False
DEBUG util.py:610:  Child return code was: 0
DEBUG file_util.py:17:  ensuring that dir exists: /var/lib/mock/redsleeve-local-9-armv6hl
DEBUG file_util.py:17:  ensuring that dir exists: /var/lib/mock/redsleeve-local-9-armv6hl/root
DEBUG file_util.py:17:  ensuring that dir exists: /var/lib/mock/redsleeve-local-9-armv6hl/result
INFO buildroot.py:318:  calling preinit hooks
DEBUG file_util.py:17:  ensuring that dir exists: /var/cache/mock/redsleeve-local-9-armv6hl/root_cache/
DEBUG file_util.py:17:  ensuring that dir exists: /var/lib/mock/redsleeve-local-9-armv6hl/root
DEBUG util.py:636:  child environment: None
DEBUG util.py:558:  Executing command: ['/bin/tar', '--use-compress-program', 'pigz', '-xf', '/var/cache/mock/redsleeve-local-9-armv6hl/root_cache/cache.tar.gz', '-C', '/var/lib/mock/redsleeve-local-9-armv6hl/root'] with env {'TERM': 'vt100', 'SHELL': '/bin/sh', 'HOME': '/builddir', 'HOSTNAME': 'mock', 'PATH': '/usr/bin:/bin:/usr/sbin:/sbin', 'LANG': 'C.UTF-8'} and shell False
DEBUG util.py:610:  Child return code was: 0
DEBUG file_util.py:17:  ensuring that dir exists: /var/lib/mock/redsleeve-local-9-armv6hl/root/./proc
DEBUG file_util.py:20:  created dir: /var/lib/mock/redsleeve-local-9-armv6hl/root/./proc
DEBUG file_util.py:17:  ensuring that dir exists: /var/lib/mock/redsleeve-local-9-armv6hl/root/./sys
DEBUG file_util.py:20:  created dir: /var/lib/mock/redsleeve-local-9-armv6hl/root/./sys
DEBUG file_util.py:17:  ensuring that dir exists: /var/lib/mock/redsleeve-local-9-armv6hl/root/./dev
DEBUG file_util.py:20:  created dir: /var/lib/mock/redsleeve-local-9-armv6hl/root/./dev
DEBUG file_util.py:17:  ensuring that dir exists: /var/lib/mock/redsleeve-local-9-armv6hl/root/./tmp/ccache
DEBUG file_util.py:20:  created dir: /var/lib/mock/redsleeve-local-9-armv6hl/root/./tmp/ccache
DEBUG file_util.py:17:  ensuring that dir exists: /var/lib/mock/redsleeve-local-9-armv6hl/root/./var/cache/yum
DEBUG file_util.py:20:  created dir: /var/lib/mock/redsleeve-local-9-armv6hl/root/./var/cache/yum
DEBUG file_util.py:17:  ensuring that dir exists: /var/lib/mock/redsleeve-local-9-armv6hl/root/./var/cache/dnf
DEBUG file_util.py:20:  created dir: /var/lib/mock/redsleeve-local-9-armv6hl/root/./var/cache/dnf
DEBUG file_util.py:17:  ensuring that dir exists: /var/lib/mock/redsleeve-local-9-armv6hl/root/./var/log
DEBUG file_util.py:20:  created dir: /var/lib/mock/redsleeve-local-9-armv6hl/root/./var/log
DEBUG util.py:636:  child environment: None
DEBUG util.py:558:  Executing command: ['/usr/bin/lscpu'] with env {'TERM': 'vt100', 'SHELL': '/bin/sh', 'HOME': '/builddir', 'HOSTNAME': 'mock', 'PATH': '/usr/bin:/bin:/usr/sbin:/sbin', 'LANG': 'C.UTF-8'} and shell False
DEBUG util.py:463:  Architecture:                            armv7l
DEBUG util.py:463:  Byte Order:                              Little Endian
DEBUG util.py:463:  CPU(s):                                  4
DEBUG util.py:463:  On-line CPU(s) list:                     0-3
DEBUG util.py:463:  Vendor ID:                               ARM
DEBUG util.py:463:  Model name:                              Cortex-A72
DEBUG util.py:463:  Model:                                   3
DEBUG util.py:463:  Thread(s) per core:                      1
DEBUG util.py:463:  Core(s) per socket:                      4
DEBUG util.py:463:  Socket(s):                               1
DEBUG util.py:463:  Stepping:                                r0p3
DEBUG util.py:463:  CPU(s) scaling MHz:                      100%
DEBUG util.py:463:  CPU max MHz:                             1500.0000
DEBUG util.py:463:  CPU min MHz:                             600.0000
DEBUG util.py:463:  BogoMIPS:                                270.00
DEBUG util.py:463:  Flags:                                   half thumb fastmult vfp edsp neon vfpv3 tls vfpv4 idiva idivt vfpd32 lpae evtstrm crc32
DEBUG util.py:463:  Vulnerability Gather data sampling:      Not affected
DEBUG util.py:463:  Vulnerability Indirect target selection: Not affected
DEBUG util.py:463:  Vulnerability Itlb multihit:             Not affected
DEBUG util.py:463:  Vulnerability L1tf:                      Not affected
DEBUG util.py:463:  Vulnerability Mds:                       Not affected
DEBUG util.py:463:  Vulnerability Meltdown:                  Not affected
DEBUG util.py:463:  Vulnerability Mmio stale data:           Not affected
DEBUG util.py:463:  Vulnerability Reg file data sampling:    Not affected
DEBUG util.py:463:  Vulnerability Retbleed:                  Not affected
DEBUG util.py:463:  Vulnerability Spec rstack overflow:      Not affected
DEBUG util.py:463:  Vulnerability Spec store bypass:         Not affected
DEBUG util.py:463:  Vulnerability Spectre v1:                Mitigation; __user pointer sanitization
DEBUG util.py:463:  Vulnerability Spectre v2:                Vulnerable
DEBUG util.py:463:  Vulnerability Srbds:                     Not affected
DEBUG util.py:463:  Vulnerability Tsa:                       Not affected
DEBUG util.py:463:  Vulnerability Tsx async abort:           Not affected
DEBUG util.py:463:  Vulnerability Vmscape:                   Not affected
DEBUG util.py:610:  Child return code was: 0
DEBUG util.py:636:  child environment: None
DEBUG util.py:558:  Executing command: ['/bin/free', '--human'] with env {'TERM': 'vt100', 'SHELL': '/bin/sh', 'HOME': '/builddir', 'HOSTNAME': 'mock', 'PATH': '/usr/bin:/bin:/usr/sbin:/sbin', 'LANG': 'C.UTF-8'} and shell False
DEBUG util.py:463:                 total        used        free      shared  buff/cache   available
DEBUG util.py:463:  Mem:           917Mi       141Mi        11Mi       6.0Mi       786Mi       775Mi
DEBUG util.py:463:  Swap:          2.0Gi       0.0Ki       2.0Gi
DEBUG util.py:610:  Child return code was: 0
DEBUG util.py:636:  child environment: None
DEBUG util.py:558:  Executing command: ['/bin/df', '-H', '-T', '/var/lib/mock/redsleeve-local-9-armv6hl/root', '/var/cache/mock'] with env {'TERM': 'vt100', 'SHELL': '/bin/sh', 'HOME': '/builddir', 'HOSTNAME': 'mock', 'PATH': '/usr/bin:/bin:/usr/sbin:/sbin', 'LANG': 'C.UTF-8'} and shell False
DEBUG util.py:463:  Filesystem     Type  Size  Used Avail Use% Mounted on
DEBUG util.py:463:  /dev/sda2      ext4   31G   14G   17G  46% /
DEBUG util.py:463:  /dev/sda2      ext4   31G   14G   17G  46% /
DEBUG util.py:610:  Child return code was: 0
DEBUG buildroot.py:724:  create skeleton dirs
DEBUG file_util.py:17:  ensuring that dir exists: /var/lib/mock/redsleeve-local-9-armv6hl/root/var/lib/rpm
DEBUG file_util.py:17:  ensuring that dir exists: /var/lib/mock/redsleeve-local-9-armv6hl/root/var/lib/yum
DEBUG file_util.py:17:  ensuring that dir exists: /var/lib/mock/redsleeve-local-9-armv6hl/root/var/lib/dbus
DEBUG file_util.py:17:  ensuring that dir exists: /var/lib/mock/redsleeve-local-9-armv6hl/root/var/log
DEBUG file_util.py:17:  ensuring that dir exists: /var/lib/mock/redsleeve-local-9-armv6hl/root/var/cache/dnf
DEBUG file_util.py:17:  ensuring that dir exists: /var/lib/mock/redsleeve-local-9-armv6hl/root/var/cache/yum
DEBUG file_util.py:17:  ensuring that dir exists: /var/lib/mock/redsleeve-local-9-armv6hl/root/etc/rpm
DEBUG file_util.py:17:  ensuring that dir exists: /var/lib/mock/redsleeve-local-9-armv6hl/root/tmp
DEBUG file_util.py:17:  ensuring that dir exists: /var/lib/mock/redsleeve-local-9-armv6hl/root/tmp/ccache
DEBUG file_util.py:17:  ensuring that dir exists: /var/lib/mock/redsleeve-local-9-armv6hl/root/var/tmp
DEBUG file_util.py:17:  ensuring that dir exists: /var/lib/mock/redsleeve-local-9-armv6hl/root/etc/dnf
DEBUG file_util.py:17:  ensuring that dir exists: /var/lib/mock/redsleeve-local-9-armv6hl/root/etc/dnf/vars
DEBUG file_util.py:17:  ensuring that dir exists: /var/lib/mock/redsleeve-local-9-armv6hl/root/etc/yum.repos.d
DEBUG file_util.py:17:  ensuring that dir exists: /var/lib/mock/redsleeve-local-9-armv6hl/root/etc/yum
DEBUG file_util.py:17:  ensuring that dir exists: /var/lib/mock/redsleeve-local-9-armv6hl/root/proc
DEBUG file_util.py:17:  ensuring that dir exists: /var/lib/mock/redsleeve-local-9-armv6hl/root/sys
DEBUG file_util.py:17:  ensuring that dir exists: /var/lib/mock/redsleeve-local-9-armv6hl/root/run/lock
DEBUG file_util.py:17:  ensuring that dir exists: /var/lib/mock/redsleeve-local-9-armv6hl/root/dev/pts
DEBUG file_util.py:20:  created dir: /var/lib/mock/redsleeve-local-9-armv6hl/root/dev/pts
DEBUG file_util.py:17:  ensuring that dir exists: /var/lib/mock/redsleeve-local-9-armv6hl/root/dev/shm
DEBUG file_util.py:20:  created dir: /var/lib/mock/redsleeve-local-9-armv6hl/root/dev/shm
DEBUG file_util.py:17:  ensuring that dir exists: /var/lib/mock/redsleeve-local-9-armv6hl/root/dev/mapper
DEBUG file_util.py:20:  created dir: /var/lib/mock/redsleeve-local-9-armv6hl/root/dev/mapper
DEBUG buildroot.py:868:  kernel version == 6.12.93-v7l.1.el9
DEBUG file_util.py:29:  touching file: /var/lib/mock/redsleeve-local-9-armv6hl/root/etc/fstab
DEBUG file_util.py:29:  touching file: /var/lib/mock/redsleeve-local-9-armv6hl/root/etc/yum/yum.conf
DEBUG file_util.py:29:  touching file: /var/lib/mock/redsleeve-local-9-armv6hl/root/etc/dnf/dnf.conf
DEBUG file_util.py:29:  touching file: /var/lib/mock/redsleeve-local-9-armv6hl/root/var/log/yum.log
DEBUG buildroot.py:332:  rootdir = /var/lib/mock/redsleeve-local-9-armv6hl/root
DEBUG buildroot.py:333:  resultdir = /var/lib/mock/redsleeve-local-9-armv6hl/result
INFO buildroot.py:181:  Package manager dnf4 detected and used (direct choice)
DEBUG file_util.py:17:  ensuring that dir exists: /var/lib/mock/redsleeve-local-9-armv6hl/root/etc/pki/mock
DEBUG package_manager.py:404:  copying CA trust dir into chroot: /etc/pki/ca-trust => /etc/pki/ca-trust
DEBUG file_util.py:178:  Updating files in /var/lib/mock/redsleeve-local-9-armv6hl/root/etc/pki/ca-trust with files from /etc/pki/ca-trust
DEBUG file_util.py:17:  ensuring that dir exists: /var/lib/mock/redsleeve-local-9-armv6hl/root/etc/pki/ca-trust
DEBUG file_util.py:17:  ensuring that dir exists: /var/lib/mock/redsleeve-local-9-armv6hl/root/etc/pki/ca-trust/./extracted
DEBUG file_util.py:17:  ensuring that dir exists: /var/lib/mock/redsleeve-local-9-armv6hl/root/etc/pki/ca-trust/./source
DEBUG file_util.py:17:  ensuring that dir exists: /var/lib/mock/redsleeve-local-9-armv6hl/root/etc/pki/ca-trust/extracted/openssl
DEBUG file_util.py:17:  ensuring that dir exists: /var/lib/mock/redsleeve-local-9-armv6hl/root/etc/pki/ca-trust/extracted/java
DEBUG file_util.py:17:  ensuring that dir exists: /var/lib/mock/redsleeve-local-9-armv6hl/root/etc/pki/ca-trust/extracted/pem
DEBUG file_util.py:17:  ensuring that dir exists: /var/lib/mock/redsleeve-local-9-armv6hl/root/etc/pki/ca-trust/extracted/edk2
DEBUG file_util.py:17:  ensuring that dir exists: /var/lib/mock/redsleeve-local-9-armv6hl/root/etc/pki/ca-trust/extracted/pem/directory-hash
DEBUG file_util.py:17:  ensuring that dir exists: /var/lib/mock/redsleeve-local-9-armv6hl/root/etc/pki/ca-trust/source/blocklist
DEBUG file_util.py:17:  ensuring that dir exists: /var/lib/mock/redsleeve-local-9-armv6hl/root/etc/pki/ca-trust/source/anchors
DEBUG package_manager.py:404:  copying CA trust dir into chroot: /usr/share/pki/ca-trust-source => /usr/share/pki/ca-trust-source
DEBUG file_util.py:178:  Updating files in /var/lib/mock/redsleeve-local-9-armv6hl/root/usr/share/pki/ca-trust-source with files from /usr/share/pki/ca-trust-source
DEBUG file_util.py:17:  ensuring that dir exists: /var/lib/mock/redsleeve-local-9-armv6hl/root/usr/share/pki/ca-trust-source
DEBUG file_util.py:17:  ensuring that dir exists: /var/lib/mock/redsleeve-local-9-armv6hl/root/usr/share/pki/ca-trust-source/./blocklist
DEBUG file_util.py:17:  ensuring that dir exists: /var/lib/mock/redsleeve-local-9-armv6hl/root/usr/share/pki/ca-trust-source/./anchors
DEBUG file_util.py:17:  ensuring that dir exists: /var/lib/mock/redsleeve-local-9-armv6hl/root/etc/dnf
DEBUG package_manager.py:691:  configure DNF vars
DEBUG util.py:636:  child environment: None
DEBUG util.py:558:  Executing command: ['rpm', '-q', 'rpm', 'rpm-sequoia', 'python3-dnf', 'python3-dnf-plugins-core', 'yum', 'yum-utils', 'dnf5', 'dnf5-plugins', '--root', '/var/lib/mock/redsleeve-local-9-armv6hl-bootstrap/root'] with env {'TERM': 'vt100', 'SHELL': '/bin/sh', 'HOME': '/builddir', 'HOSTNAME': 'mock', 'PATH': '/usr/bin:/bin:/usr/sbin:/sbin', 'LANG': 'C.UTF-8'} and shell False
DEBUG util.py:463:  rpm-4.16.1.3-40.el9.armv6hl
DEBUG util.py:463:  package rpm-sequoia is not installed
DEBUG util.py:463:  python3-dnf-4.14.0-34.el9_8.rocky.0.1.noarch
DEBUG util.py:463:  python3-dnf-plugins-core-4.3.0-26.el9.noarch
DEBUG util.py:463:  package yum is not installed
DEBUG util.py:463:  package yum-utils is not installed
DEBUG util.py:463:  package dnf5 is not installed
DEBUG util.py:463:  package dnf5-plugins is not installed
DEBUG util.py:610:  Child return code was: 5
INFO package_manager.py:201:  Buildroot is handled by package management installed into bootstrap:
  rpm-4.16.1.3-40.el9.armv6hl
  python3-dnf-4.14.0-34.el9_8.rocky.0.1.noarch
  python3-dnf-plugins-core-4.3.0-26.el9.noarch
DEBUG file_util.py:17:  ensuring that dir exists: /var/lib/mock/redsleeve-local-9-armv6hl-bootstrap/root/var/lib/mock/redsleeve-local-9-armv6hl/root
DEBUG file_util.py:20:  created dir: /var/lib/mock/redsleeve-local-9-armv6hl-bootstrap/root/var/lib/mock/redsleeve-local-9-armv6hl/root
DEBUG util.py:636:  child environment: None
DEBUG util.py:558:  Executing command: ['/bin/mount', '-n', '-t', 'tmpfs', '-o', 'private,mode=0755', 'tmpfs', '/var/lib/mock/redsleeve-local-9-armv6hl-bootstrap/root/var/lib/mock/redsleeve-local-9-armv6hl/root'] with env {'TERM': 'vt100', 'SHELL': '/bin/sh', 'HOME': '/builddir', 'HOSTNAME': 'mock', 'PATH': '/usr/bin:/bin:/usr/sbin:/sbin', 'LANG': 'C.UTF-8'} and shell False
DEBUG util.py:610:  Child return code was: 0
DEBUG file_util.py:17:  ensuring that dir exists: /var/lib/mock/redsleeve-local-9-armv6hl-bootstrap/root/var/lib/mock/redsleeve-local-9-armv6hl/root
DEBUG util.py:636:  child environment: None
DEBUG util.py:558:  Executing command: ['/bin/mount', '-n', '-o', 'rbind', '/var/lib/mock/redsleeve-local-9-armv6hl/root', '/var/lib/mock/redsleeve-local-9-armv6hl-bootstrap/root/var/lib/mock/redsleeve-local-9-armv6hl/root'] with env {'TERM': 'vt100', 'SHELL': '/bin/sh', 'HOME': '/builddir', 'HOSTNAME': 'mock', 'PATH': '/usr/bin:/bin:/usr/sbin:/sbin', 'LANG': 'C.UTF-8'} and shell False
DEBUG util.py:610:  Child return code was: 0
DEBUG util.py:636:  child environment: None
DEBUG util.py:558:  Executing command: ['/bin/mount', '-n', '-o', 'remount,private,rbind', '--target', '/var/lib/mock/redsleeve-local-9-armv6hl-bootstrap/root/var/lib/mock/redsleeve-local-9-armv6hl/root'] with env {'TERM': 'vt100', 'SHELL': '/bin/sh', 'HOME': '/builddir', 'HOSTNAME': 'mock', 'PATH': '/usr/bin:/bin:/usr/sbin:/sbin', 'LANG': 'C.UTF-8'} and shell False
DEBUG util.py:610:  Child return code was: 0
DEBUG util.py:636:  child environment: None
DEBUG util.py:553:  Using nspawn with args ['--capability=cap_ipc_lock', '--bind=/tmp/mock-resolv.eyycn_pt:/etc/resolv.conf']
DEBUG util.py:558:  Executing command: ['/usr/bin/systemd-nspawn', '-q', '-M', '88b4548c3bf24bc5bf1b31f176101359', '-D', '/var/lib/mock/redsleeve-local-9-armv6hl-bootstrap/root', '-a', '--capability=cap_ipc_lock', '--bind=/tmp/mock-resolv.eyycn_pt:/etc/resolv.conf', '--console=pipe', '--setenv=TERM=vt100', '--setenv=SHELL=/bin/bash', '--setenv=HOME=/builddir', '--setenv=HOSTNAME=mock', '--setenv=PATH=/usr/bin:/bin:/usr/sbin:/sbin', '--setenv=PROMPT_COMMAND=printf "\\033]0;<mock-chroot>\\007"', '--setenv=PS1=<mock-chroot> \\s-\\v\\$ ', '--setenv=LANG=C.UTF-8', '--resolv-conf=off', '/bin/rpm', '-qa', '--root', '/var/lib/mock/redsleeve-local-9-armv6hl/root'] with env {'TERM': 'vt100', 'SHELL': '/bin/bash', 'HOME': '/builddir', 'HOSTNAME': 'mock', 'PATH': '/usr/bin:/bin:/usr/sbin:/sbin', 'PROMPT_COMMAND': 'printf "\\033]0;<mock-chroot>\\007"', 'PS1': '<mock-chroot> \\s-\\v\\$ ', 'LANG': 'C.UTF-8', 'SYSTEMD_NSPAWN_TMPFS_TMP': '0', 'SYSTEMD_SECCOMP': '0'} and shell False
DEBUG util.py:463:  gpg-pubkey-2f00d701-6317b177
DEBUG util.py:463:  rust-srpm-macros-17-4.el9.redsleeve.noarch
DEBUG util.py:463:  qt5-srpm-macros-5.15.9-1.el9.noarch
DEBUG util.py:463:  perl-srpm-macros-1-41.el9.noarch
DEBUG util.py:463:  openblas-srpm-macros-2-11.el9.redsleeve.noarch
DEBUG util.py:463:  ocaml-srpm-macros-6-6.el9.noarch
DEBUG util.py:463:  ghc-srpm-macros-1.5.0-6.el9.noarch
DEBUG util.py:463:  tzdata-2026c-1.el9_8.noarch
DEBUG util.py:463:  publicsuffix-list-dafsa-20210518-3.el9.noarch
DEBUG util.py:463:  pkgconf-m4-1.7.3-10.el9.noarch
DEBUG util.py:463:  pcre2-syntax-10.40-6.el9.noarch
DEBUG util.py:463:  ncurses-base-6.2-12.20210508.el9.noarch
DEBUG util.py:463:  libssh-config-0.10.4-18.el9.noarch
DEBUG util.py:463:  gawk-all-langpacks-5.1.0-6.el9.armv6hl
DEBUG util.py:463:  coreutils-common-8.32-41.el9_8.armv6hl
DEBUG util.py:463:  ncurses-libs-6.2-12.20210508.el9.armv6hl
DEBUG util.py:463:  redsleeve-release-9.8-0.el9.noarch
DEBUG util.py:463:  setup-2.13.7-10.el9.noarch
DEBUG util.py:463:  filesystem-3.16-5.el9.armv6hl
DEBUG util.py:463:  basesystem-11-13.el9.0.1.noarch
DEBUG util.py:463:  bash-5.1.8-9.el9.armv6hl
DEBUG util.py:463:  libgcc-11.5.0-14.el9.redsleeve.armv6hl
DEBUG util.py:463:  glibc-gconv-extra-2.34-275.el9_8.redsleeve.armv6hl
DEBUG util.py:463:  glibc-minimal-langpack-2.34-275.el9_8.redsleeve.armv6hl
DEBUG util.py:463:  glibc-common-2.34-275.el9_8.redsleeve.armv6hl
DEBUG util.py:463:  glibc-2.34-275.el9_8.redsleeve.armv6hl
DEBUG util.py:463:  crypto-policies-20260224-1.gitea0f072.el9.noarch
DEBUG util.py:463:  systemd-rpm-macros-252-67.el9_8.4.redsleeve.noarch
DEBUG util.py:463:  zlib-1.2.11-40.el9.armv6hl
DEBUG util.py:463:  xz-libs-5.2.5-8.el9.armv6hl
DEBUG util.py:463:  bzip2-libs-1.0.8-11.el9.armv6hl
DEBUG util.py:463:  libacl-2.4.0-1.el9_8.armv6hl
DEBUG util.py:463:  libzstd-1.5.5-1.el9.armv6hl
DEBUG util.py:463:  libxcrypt-4.4.18-3.el9.armv6hl
DEBUG util.py:463:  elfutils-libelf-0.194-1.el9.rocky.0.1.armv6hl
DEBUG util.py:463:  libcap-2.48-10.el9.1.armv6hl
DEBUG util.py:463:  libstdc++-11.5.0-14.el9.redsleeve.armv6hl
DEBUG util.py:463:  libuuid-2.37.4-25.el9.armv6hl
DEBUG util.py:463:  gmp-6.2.0-13.el9.armv6hl
DEBUG util.py:463:  lz4-libs-1.9.3-5.el9.armv6hl
DEBUG util.py:463:  popt-1.18-8.el9.armv6hl
DEBUG util.py:463:  libattr-2.5.1-3.el9.armv6hl
DEBUG util.py:463:  libcap-ng-0.8.2-7.el9.armv6hl
DEBUG util.py:463:  audit-libs-3.1.5-8.el9.armv6hl
DEBUG util.py:463:  libcom_err-1.46.5-8.el9.armv6hl
DEBUG util.py:463:  readline-8.1-4.el9.armv6hl
DEBUG util.py:463:  mpfr-4.1.0-10.el9.armv6hl
DEBUG util.py:463:  dwz-0.16-1.el9.armv6hl
DEBUG util.py:463:  unzip-6.0-60.el9_8.armv6hl
DEBUG util.py:463:  file-libs-5.39-17.el9.armv6hl
DEBUG util.py:463:  file-5.39-17.el9.armv6hl
DEBUG util.py:463:  sqlite-libs-3.34.1-10.el9_8.armv6hl
DEBUG util.py:463:  alternatives-1.24-2.el9.armv6hl
DEBUG util.py:463:  gdbm-libs-1.23-1.el9.armv6hl
DEBUG util.py:463:  libatomic-11.5.0-14.el9.redsleeve.armv6hl
DEBUG util.py:463:  libffi-3.4.2-8.el9.armv6hl
DEBUG util.py:463:  libsepol-3.6-3.el9.armv6hl
DEBUG util.py:463:  libsigsegv-2.13-4.el9.armv6hl
DEBUG util.py:463:  gawk-5.1.0-6.el9.armv6hl
DEBUG util.py:463:  libsmartcols-2.37.4-25.el9.armv6hl
DEBUG util.py:463:  libtasn1-4.16.0-10.el9_8.redsleeve.armv6hl
DEBUG util.py:463:  p11-kit-0.26.4-1.el9_8.armv6hl
DEBUG util.py:463:  libunistring-0.9.10-15.el9.armv6hl
DEBUG util.py:463:  libidn2-2.3.0-7.el9.armv6hl
DEBUG util.py:463:  lua-libs-5.4.4-4.el9.armv6hl
DEBUG util.py:463:  pcre2-10.40-6.el9.armv6hl
DEBUG util.py:463:  libselinux-3.6-3.el9.armv6hl
DEBUG util.py:463:  sed-4.8-10.el9_8.armv6hl
DEBUG util.py:463:  findutils-4.8.0-7.el9.armv6hl
DEBUG util.py:463:  libsemanage-3.6-5.el9.armv6hl
DEBUG util.py:463:  shadow-utils-4.9-16.el9.armv6hl
DEBUG util.py:463:  libutempter-1.2.1-6.el9.armv6hl
DEBUG util.py:463:  tar-1.34-11.el9.armv6hl
DEBUG util.py:463:  libpsl-0.21.1-5.el9.armv6hl
DEBUG util.py:463:  p11-kit-trust-0.26.4-1.el9_8.armv6hl
DEBUG util.py:463:  zip-3.0-35.el9.armv6hl
DEBUG util.py:463:  zstd-1.5.5-1.el9.armv6hl
DEBUG util.py:463:  groff-base-1.22.4-10.el9.armv6hl
DEBUG util.py:463:  acl-2.4.0-1.el9_8.armv6hl
DEBUG util.py:463:  bzip2-1.0.8-11.el9.armv6hl
DEBUG util.py:463:  libxml2-2.9.13-14.el9_8.2.armv6hl
DEBUG util.py:463:  info-6.7-15.el9.armv6hl
DEBUG util.py:463:  ed-1.14.2-12.el9.armv6hl
DEBUG util.py:463:  patch-2.7.6-16.el9.armv6hl
DEBUG util.py:463:  cpio-2.13-16.el9.armv6hl
DEBUG util.py:463:  diffutils-3.7-12.el9.armv6hl
DEBUG util.py:463:  expat-2.5.0-6.el9_8.1.armv6hl
DEBUG util.py:463:  json-c-0.14-11.el9.armv6hl
DEBUG util.py:463:  keyutils-libs-1.6.3-1.el9.armv6hl
DEBUG util.py:463:  libbrotli-1.0.9-9.el9.armv6hl
DEBUG util.py:463:  libdb-5.3.28-57.el9.armv6hl
DEBUG util.py:463:  libeconf-0.4.1-7.el9_8.armv6hl
DEBUG util.py:463:  libgomp-11.5.0-14.el9.redsleeve.armv6hl
DEBUG util.py:463:  libgpg-error-1.42-5.el9.armv6hl
DEBUG util.py:463:  libgcrypt-1.10.0-13.el9_8.armv6hl
DEBUG util.py:463:  libnghttp2-1.43.0-6.el9.1.armv6hl
DEBUG util.py:463:  libpkgconf-1.7.3-10.el9.armv6hl
DEBUG util.py:463:  pkgconf-1.7.3-10.el9.armv6hl
DEBUG util.py:463:  pkgconf-pkg-config-1.7.3-10.el9.armv6hl
DEBUG util.py:463:  libseccomp-2.5.2-2.el9.redsleeve.armv6hl
DEBUG util.py:463:  libtool-ltdl-2.4.6-46.el9.armv6hl
DEBUG util.py:463:  libverto-0.3.2-3.el9.armv6hl
DEBUG util.py:463:  ncurses-6.2-12.20210508.el9.armv6hl
DEBUG util.py:463:  pcre-8.44-4.el9.armv6hl
DEBUG util.py:463:  grep-3.6-5.el9.armv6hl
DEBUG util.py:463:  openssl-fips-provider-3.5.5-6.el9_8.armv6hl
DEBUG util.py:463:  openssl-libs-3.5.5-6.el9_8.armv6hl
DEBUG util.py:463:  coreutils-8.32-41.el9_8.armv6hl
DEBUG util.py:463:  ca-certificates-2025.2.80_v9.0.305-91.el9.noarch
DEBUG util.py:463:  libblkid-2.37.4-25.el9.armv6hl
DEBUG util.py:463:  systemd-libs-252-67.el9_8.4.redsleeve.armv6hl
DEBUG util.py:463:  libmount-2.37.4-25.el9.armv6hl
DEBUG util.py:463:  krb5-libs-1.21.1-10.el9_8.armv6hl
DEBUG util.py:463:  libfdisk-2.37.4-25.el9.armv6hl
DEBUG util.py:463:  gzip-1.12-1.el9.armv6hl
DEBUG util.py:463:  cracklib-2.9.6-28.el9.armv6hl
DEBUG util.py:463:  libarchive-3.5.3-9.el9.armv6hl
DEBUG util.py:463:  xz-5.2.5-8.el9.armv6hl
DEBUG util.py:463:  cracklib-dicts-2.9.6-28.el9.armv6hl
DEBUG util.py:463:  perl-Digest-1.19-4.el9.noarch
DEBUG util.py:463:  perl-Digest-MD5-2.58-4.el9.armv6hl
DEBUG util.py:463:  perl-B-1.80-483.el9.armv6hl
DEBUG util.py:463:  perl-FileHandle-2.03-483.el9.noarch
DEBUG util.py:463:  perl-Data-Dumper-2.174-462.el9.armv6hl
DEBUG util.py:463:  perl-libnet-3.13-4.el9.noarch
DEBUG util.py:463:  perl-AutoLoader-5.74-483.el9.noarch
DEBUG util.py:463:  perl-base-2.27-483.el9.noarch
DEBUG util.py:463:  perl-URI-5.09-3.el9.noarch
DEBUG util.py:463:  perl-if-0.60.800-483.el9.noarch
DEBUG util.py:463:  perl-IO-Socket-IP-0.41-5.el9.noarch
DEBUG util.py:463:  perl-Time-Local-1.300-7.el9.noarch
DEBUG util.py:463:  perl-File-Path-2.18-4.el9.noarch
DEBUG util.py:463:  perl-IO-Socket-SSL-2.073-2.el9.noarch
DEBUG util.py:463:  perl-Net-SSLeay-1.94-3.el9.armv6hl
DEBUG util.py:463:  perl-Pod-Escapes-1.07-460.el9.noarch
DEBUG util.py:463:  perl-Text-Tabs+Wrap-2013.0523-460.el9.noarch
DEBUG util.py:463:  perl-Mozilla-CA-20200520-6.el9.noarch
DEBUG util.py:463:  perl-Class-Struct-0.66-483.el9.noarch
DEBUG util.py:463:  perl-POSIX-1.94-483.el9.armv6hl
DEBUG util.py:463:  perl-Term-ANSIColor-5.01-461.el9.noarch
DEBUG util.py:463:  perl-IPC-Open3-1.21-483.el9.noarch
DEBUG util.py:463:  perl-subs-1.03-483.el9.noarch
DEBUG util.py:463:  perl-File-Temp-0.231.100-4.el9.noarch
DEBUG util.py:463:  perl-Term-Cap-1.17-460.el9.noarch
DEBUG util.py:463:  perl-Pod-Simple-3.42-4.el9.noarch
DEBUG util.py:463:  perl-HTTP-Tiny-0.076-462.el9.noarch
DEBUG util.py:463:  perl-Socket-2.031-4.el9.armv6hl
DEBUG util.py:463:  perl-SelectSaver-1.02-483.el9.noarch
DEBUG util.py:463:  perl-Symbol-1.08-483.el9.noarch
DEBUG util.py:463:  perl-File-stat-1.09-483.el9.noarch
DEBUG util.py:463:  perl-podlators-4.14-460.el9.noarch
DEBUG util.py:463:  perl-Pod-Perldoc-3.28.01-461.el9.noarch
DEBUG util.py:463:  perl-Fcntl-1.13-483.el9.armv6hl
DEBUG util.py:463:  perl-Text-ParseWords-3.30-460.el9.noarch
DEBUG util.py:463:  perl-mro-1.23-483.el9.armv6hl
DEBUG util.py:463:  perl-IO-1.43-483.el9.armv6hl
DEBUG util.py:463:  perl-overloading-0.02-483.el9.noarch
DEBUG util.py:463:  perl-Pod-Usage-2.01-4.el9.noarch
DEBUG util.py:463:  perl-Errno-1.30-483.el9.armv6hl
DEBUG util.py:463:  perl-File-Basename-2.85-483.el9.noarch
DEBUG util.py:463:  perl-Getopt-Std-1.12-483.el9.noarch
DEBUG util.py:463:  perl-MIME-Base64-3.16-4.el9.armv6hl
DEBUG util.py:463:  perl-Scalar-List-Utils-1.56-462.el9.armv6hl
DEBUG util.py:463:  perl-constant-1.33-461.el9.noarch
DEBUG util.py:463:  perl-Storable-3.21-460.el9.armv6hl
DEBUG util.py:463:  perl-overload-1.31-483.el9.noarch
DEBUG util.py:463:  perl-parent-0.238-460.el9.noarch
DEBUG util.py:463:  perl-vars-1.05-483.el9.noarch
DEBUG util.py:463:  perl-Getopt-Long-2.52-4.el9.noarch
DEBUG util.py:463:  perl-Carp-1.50-460.el9.noarch
DEBUG util.py:463:  perl-Exporter-5.74-461.el9.noarch
DEBUG util.py:463:  perl-NDBM_File-1.15-483.el9.armv6hl
DEBUG util.py:463:  perl-PathTools-3.78-461.el9.armv6hl
DEBUG util.py:463:  perl-Encode-3.08-462.el9.armv6hl
DEBUG util.py:463:  perl-libs-5.32.1-483.el9.armv6hl
DEBUG util.py:463:  perl-interpreter-5.32.1-483.el9.armv6hl
DEBUG util.py:463:  kernel-srpm-macros-1.0-14.el9.noarch
DEBUG util.py:463:  cyrus-sasl-lib-2.1.27-22.el9.armv6hl
DEBUG util.py:463:  libssh-0.10.4-18.el9.armv6hl
DEBUG util.py:463:  util-linux-core-2.37.4-25.el9.armv6hl
DEBUG util.py:463:  openssl-3.5.5-6.el9_8.armv6hl
DEBUG util.py:463:  libpwquality-1.4.4-8.el9.armv6hl
DEBUG util.py:463:  pam-1.5.1-28.el9.armv6hl
DEBUG util.py:463:  util-linux-2.37.4-25.el9.armv6hl
DEBUG util.py:463:  kmod-libs-28-11.el9.armv6hl
DEBUG util.py:463:  dbus-1.12.20-8.el9.armv6hl
DEBUG util.py:463:  systemd-pam-252-67.el9_8.4.redsleeve.armv6hl
DEBUG util.py:463:  systemd-252-67.el9_8.4.redsleeve.armv6hl
DEBUG util.py:463:  dbus-common-1.12.20-8.el9.noarch
DEBUG util.py:463:  dbus-broker-28-8.el9.armv6hl
DEBUG util.py:463:  elfutils-default-yama-scope-0.194-1.el9.rocky.0.1.noarch
DEBUG util.py:463:  elfutils-libs-0.194-1.el9.rocky.0.1.armv6hl
DEBUG util.py:463:  libevent-2.1.12-8.el9.armv6hl
DEBUG util.py:463:  openldap-2.6.8-4.el9.0.1.armv6hl
DEBUG util.py:463:  libcurl-7.76.1-40.el9.armv6hl
DEBUG util.py:463:  elfutils-debuginfod-client-0.194-1.el9.rocky.0.1.armv6hl
DEBUG util.py:463:  binutils-gold-2.35.2-72.el9.redsleeve.armv6hl
DEBUG util.py:463:  binutils-2.35.2-72.el9.redsleeve.armv6hl
DEBUG util.py:463:  elfutils-0.194-1.el9.rocky.0.1.armv6hl
DEBUG util.py:463:  gdb-minimal-16.3-3.el9.armv6hl
DEBUG util.py:463:  debugedit-5.0-11.el9.armv6hl
DEBUG util.py:463:  curl-7.76.1-40.el9.armv6hl
DEBUG util.py:463:  rpm-4.16.1.3-40.el9.armv6hl
DEBUG util.py:463:  rpm-libs-4.16.1.3-40.el9.armv6hl
DEBUG util.py:463:  efi-srpm-macros-6-4.el9.noarch
DEBUG util.py:463:  lua-srpm-macros-1-6.el9.noarch
DEBUG util.py:463:  rpm-build-libs-4.16.1.3-40.el9.armv6hl
DEBUG util.py:463:  fonts-srpm-macros-2.0.5-7.el9.1.noarch
DEBUG util.py:463:  go-srpm-macros-3.8.1-1.el9.redsleeve.noarch
DEBUG util.py:463:  python-srpm-macros-3.9-54.el9.noarch
DEBUG util.py:463:  redhat-rpm-config-210-1.el9.redsleeve.noarch
DEBUG util.py:463:  rpm-build-4.16.1.3-40.el9.armv6hl
DEBUG util.py:463:  pyproject-srpm-macros-1.18.5-1.el9.noarch
DEBUG util.py:463:  which-2.21-30.el9.armv6hl
DEBUG util.py:610:  Child return code was: 0
DEBUG util.py:185:  kill orphans in chroot /var/lib/mock/redsleeve-local-9-armv6hl/root
DEBUG util.py:185:  kill orphans in chroot /var/lib/mock/redsleeve-local-9-armv6hl-bootstrap/root/var/lib/mock/redsleeve-local-9-armv6hl/root
DEBUG util.py:636:  child environment: None
DEBUG util.py:558:  Executing command: ['/bin/umount', '-n', '-l', '/var/lib/mock/redsleeve-local-9-armv6hl-bootstrap/root/var/lib/mock/redsleeve-local-9-armv6hl/root'] with env {'TERM': 'vt100', 'SHELL': '/bin/sh', 'HOME': '/builddir', 'HOSTNAME': 'mock', 'PATH': '/usr/bin:/bin:/usr/sbin:/sbin', 'LANG': 'C.UTF-8'} and shell False
DEBUG util.py:610:  Child return code was: 0
DEBUG util.py:636:  child environment: None
DEBUG util.py:558:  Executing command: ['/bin/umount', '-n', '-l', '/var/lib/mock/redsleeve-local-9-armv6hl-bootstrap/root/var/lib/mock/redsleeve-local-9-armv6hl/root'] with env {'TERM': 'vt100', 'SHELL': '/bin/sh', 'HOME': '/builddir', 'HOSTNAME': 'mock', 'PATH': '/usr/bin:/bin:/usr/sbin:/sbin', 'LANG': 'C.UTF-8'} and shell False
DEBUG util.py:610:  Child return code was: 0
DEBUG file_util.py:17:  ensuring that dir exists: /var/lib/mock/redsleeve-local-9-armv6hl/root/proc
DEBUG util.py:636:  child environment: None
DEBUG util.py:558:  Executing command: ['/bin/mount', '-n', '-t', 'tmpfs', '-o', 'rprivate,mode=0755', 'tmpfs', '/var/lib/mock/redsleeve-local-9-armv6hl/root/proc'] with env {'TERM': 'vt100', 'SHELL': '/bin/sh', 'HOME': '/builddir', 'HOSTNAME': 'mock', 'PATH': '/usr/bin:/bin:/usr/sbin:/sbin', 'LANG': 'C.UTF-8'} and shell False
DEBUG util.py:610:  Child return code was: 0
DEBUG file_util.py:17:  ensuring that dir exists: /var/lib/mock/redsleeve-local-9-armv6hl/root/proc
DEBUG util.py:636:  child environment: None
DEBUG util.py:558:  Executing command: ['/bin/mount', '-n', '-o', 'rbind', '/proc', '/var/lib/mock/redsleeve-local-9-armv6hl/root/proc'] with env {'TERM': 'vt100', 'SHELL': '/bin/sh', 'HOME': '/builddir', 'HOSTNAME': 'mock', 'PATH': '/usr/bin:/bin:/usr/sbin:/sbin', 'LANG': 'C.UTF-8'} and shell False
DEBUG util.py:610:  Child return code was: 0
DEBUG util.py:636:  child environment: None
DEBUG util.py:558:  Executing command: ['/bin/mount', '-n', '-o', 'remount,nodev,noexec,nosuid,readonly,rprivate,rbind', '--target', '/var/lib/mock/redsleeve-local-9-armv6hl/root/proc'] with env {'TERM': 'vt100', 'SHELL': '/bin/sh', 'HOME': '/builddir', 'HOSTNAME': 'mock', 'PATH': '/usr/bin:/bin:/usr/sbin:/sbin', 'LANG': 'C.UTF-8'} and shell False
DEBUG util.py:610:  Child return code was: 0
DEBUG file_util.py:17:  ensuring that dir exists: /var/lib/mock/redsleeve-local-9-armv6hl/root/sys
DEBUG util.py:636:  child environment: None
DEBUG util.py:558:  Executing command: ['/bin/mount', '-n', '-t', 'tmpfs', '-o', 'rprivate,mode=0755', 'tmpfs', '/var/lib/mock/redsleeve-local-9-armv6hl/root/sys'] with env {'TERM': 'vt100', 'SHELL': '/bin/sh', 'HOME': '/builddir', 'HOSTNAME': 'mock', 'PATH': '/usr/bin:/bin:/usr/sbin:/sbin', 'LANG': 'C.UTF-8'} and shell False
DEBUG util.py:610:  Child return code was: 0
DEBUG file_util.py:17:  ensuring that dir exists: /var/lib/mock/redsleeve-local-9-armv6hl/root/sys
DEBUG util.py:636:  child environment: None
DEBUG util.py:558:  Executing command: ['/bin/mount', '-n', '-o', 'rbind', '/sys', '/var/lib/mock/redsleeve-local-9-armv6hl/root/sys'] with env {'TERM': 'vt100', 'SHELL': '/bin/sh', 'HOME': '/builddir', 'HOSTNAME': 'mock', 'PATH': '/usr/bin:/bin:/usr/sbin:/sbin', 'LANG': 'C.UTF-8'} and shell False
DEBUG util.py:610:  Child return code was: 0
DEBUG util.py:636:  child environment: None
DEBUG util.py:558:  Executing command: ['/bin/mount', '-n', '-o', 'remount,nodev,noexec,nosuid,readonly,rprivate,rbind', '--target', '/var/lib/mock/redsleeve-local-9-armv6hl/root/sys'] with env {'TERM': 'vt100', 'SHELL': '/bin/sh', 'HOME': '/builddir', 'HOSTNAME': 'mock', 'PATH': '/usr/bin:/bin:/usr/sbin:/sbin', 'LANG': 'C.UTF-8'} and shell False
DEBUG util.py:610:  Child return code was: 0
DEBUG file_util.py:17:  ensuring that dir exists: /var/lib/mock/redsleeve-local-9-armv6hl/root/dev/shm
DEBUG util.py:636:  child environment: None
DEBUG util.py:558:  Executing command: ['/bin/mount', '-n', '-t', 'tmpfs', 'tmpfs', '/var/lib/mock/redsleeve-local-9-armv6hl/root/dev/shm'] with env {'TERM': 'vt100', 'SHELL': '/bin/sh', 'HOME': '/builddir', 'HOSTNAME': 'mock', 'PATH': '/usr/bin:/bin:/usr/sbin:/sbin', 'LANG': 'C.UTF-8'} and shell False
DEBUG util.py:610:  Child return code was: 0
DEBUG file_util.py:17:  ensuring that dir exists: /var/lib/mock/redsleeve-local-9-armv6hl/root/dev/pts
DEBUG util.py:636:  child environment: None
DEBUG util.py:558:  Executing command: ['/bin/mount', '-n', '-t', 'devpts', '-o', 'gid=5,mode=0620,ptmxmode=0666,newinstance', 'devpts', '/var/lib/mock/redsleeve-local-9-armv6hl/root/dev/pts'] with env {'TERM': 'vt100', 'SHELL': '/bin/sh', 'HOME': '/builddir', 'HOSTNAME': 'mock', 'PATH': '/usr/bin:/bin:/usr/sbin:/sbin', 'LANG': 'C.UTF-8'} and shell False
DEBUG util.py:610:  Child return code was: 0
DEBUG file_util.py:17:  ensuring that dir exists: /var/lib/mock/redsleeve-local-9-armv6hl-bootstrap/root/var/lib/mock/redsleeve-local-9-armv6hl/root
DEBUG util.py:636:  child environment: None
DEBUG util.py:558:  Executing command: ['/bin/mount', '-n', '-t', 'tmpfs', '-o', 'private,mode=0755', 'tmpfs', '/var/lib/mock/redsleeve-local-9-armv6hl-bootstrap/root/var/lib/mock/redsleeve-local-9-armv6hl/root'] with env {'TERM': 'vt100', 'SHELL': '/bin/sh', 'HOME': '/builddir', 'HOSTNAME': 'mock', 'PATH': '/usr/bin:/bin:/usr/sbin:/sbin', 'LANG': 'C.UTF-8'} and shell False
DEBUG util.py:610:  Child return code was: 0
DEBUG file_util.py:17:  ensuring that dir exists: /var/lib/mock/redsleeve-local-9-armv6hl-bootstrap/root/var/lib/mock/redsleeve-local-9-armv6hl/root
DEBUG util.py:636:  child environment: None
DEBUG util.py:558:  Executing command: ['/bin/mount', '-n', '-o', 'rbind', '/var/lib/mock/redsleeve-local-9-armv6hl/root', '/var/lib/mock/redsleeve-local-9-armv6hl-bootstrap/root/var/lib/mock/redsleeve-local-9-armv6hl/root'] with env {'TERM': 'vt100', 'SHELL': '/bin/sh', 'HOME': '/builddir', 'HOSTNAME': 'mock', 'PATH': '/usr/bin:/bin:/usr/sbin:/sbin', 'LANG': 'C.UTF-8'} and shell False
DEBUG util.py:610:  Child return code was: 0
DEBUG util.py:636:  child environment: None
DEBUG util.py:558:  Executing command: ['/bin/mount', '-n', '-o', 'remount,private,rbind', '--target', '/var/lib/mock/redsleeve-local-9-armv6hl-bootstrap/root/var/lib/mock/redsleeve-local-9-armv6hl/root'] with env {'TERM': 'vt100', 'SHELL': '/bin/sh', 'HOME': '/builddir', 'HOSTNAME': 'mock', 'PATH': '/usr/bin:/bin:/usr/sbin:/sbin', 'LANG': 'C.UTF-8'} and shell False
DEBUG util.py:610:  Child return code was: 0
DEBUG file_util.py:17:  ensuring that dir exists: /var/lib/mock/redsleeve-local-9-armv6hl/root/installation-homedir
DEBUG package_manager.py:295:  ['/usr/bin/dnf-3', '--installroot', '/var/lib/mock/redsleeve-local-9-armv6hl/root/', '-y', '--releasever', '9', '--setopt=deltarpm=False', '--setopt=allow_vendor_change=yes', '--allowerasing', '--disableplugin=local', '--disableplugin=spacewalk', '--disableplugin=versionlock', 'update']
DEBUG util.py:636:  child environment: None
DEBUG util.py:553:  Using nspawn with args ['--capability=cap_ipc_lock', '--bind=/tmp/mock-resolv.eyycn_pt:/etc/resolv.conf']
DEBUG util.py:558:  Executing command: ['/usr/bin/systemd-nspawn', '-q', '-M', '0fa526735f0743edafb0b40db21dec82', '-D', '/var/lib/mock/redsleeve-local-9-armv6hl-bootstrap/root', '-a', '--capability=cap_ipc_lock', '--bind=/tmp/mock-resolv.eyycn_pt:/etc/resolv.conf', '--console=pipe', '--setenv=TERM=vt100', '--setenv=SHELL=/bin/bash', '--setenv=HOME=/var/lib/mock/redsleeve-local-9-armv6hl/root/installation-homedir', '--setenv=HOSTNAME=mock', '--setenv=PATH=/usr/bin:/bin:/usr/sbin:/sbin', '--setenv=PROMPT_COMMAND=printf "\\033]0;<mock-chroot>\\007"', '--setenv=PS1=<mock-chroot> \\s-\\v\\$ ', '--setenv=LANG=C.UTF-8', '--setenv=LC_MESSAGES=C.UTF-8', '--resolv-conf=off', '/usr/bin/dnf-3', '--installroot', '/var/lib/mock/redsleeve-local-9-armv6hl/root/', '-y', '--releasever', '9', '--setopt=deltarpm=False', '--setopt=allow_vendor_change=yes', '--allowerasing', '--disableplugin=local', '--disableplugin=spacewalk', '--disableplugin=versionlock', 'update'] with env {'TERM': 'vt100', 'SHELL': '/bin/bash', 'HOME': '/var/lib/mock/redsleeve-local-9-armv6hl/root/installation-homedir', 'HOSTNAME': 'mock', 'PATH': '/usr/bin:/bin:/usr/sbin:/sbin', 'PROMPT_COMMAND': 'printf "\\033]0;<mock-chroot>\\007"', 'PS1': '<mock-chroot> \\s-\\v\\$ ', 'LANG': 'C.UTF-8', 'LC_MESSAGES': 'C.UTF-8', 'SYSTEMD_NSPAWN_TMPFS_TMP': '0', 'SYSTEMD_SECCOMP': '0'} and shell False
DEBUG util.py:461:  No matches found for the following disable plugin patterns: local, spacewalk, versionlock
DEBUG util.py:463:  RedSleeve-9 - BaseOS                                                                                      7.3 MB/s | 2.4 MB     00:00    
DEBUG util.py:463:  RedSleeve-9 - AppStream                                                                                   8.0 MB/s |  10 MB     00:01    
DEBUG util.py:463:  RedSleeve-9 - CRB                                                                                         6.8 MB/s | 809 kB     00:00    
DEBUG util.py:463:  Last metadata expiration check: 0:00:01 ago on Sun Aug  9 07:38:28 2026.
DEBUG util.py:463:  Dependencies resolved.
DEBUG util.py:463:  Nothing to do.
DEBUG util.py:463:  Complete!
DEBUG util.py:610:  Child return code was: 0
DEBUG util.py:185:  kill orphans in chroot /var/lib/mock/redsleeve-local-9-armv6hl/root
DEBUG util.py:185:  kill orphans in chroot /var/lib/mock/redsleeve-local-9-armv6hl-bootstrap/root/var/lib/mock/redsleeve-local-9-armv6hl/root
DEBUG util.py:636:  child environment: None
DEBUG util.py:558:  Executing command: ['/bin/umount', '-n', '-l', '/var/lib/mock/redsleeve-local-9-armv6hl-bootstrap/root/var/lib/mock/redsleeve-local-9-armv6hl/root'] with env {'TERM': 'vt100', 'SHELL': '/bin/sh', 'HOME': '/builddir', 'HOSTNAME': 'mock', 'PATH': '/usr/bin:/bin:/usr/sbin:/sbin', 'LANG': 'C.UTF-8'} and shell False
DEBUG util.py:610:  Child return code was: 0
DEBUG util.py:636:  child environment: None
DEBUG util.py:558:  Executing command: ['/bin/umount', '-n', '-l', '/var/lib/mock/redsleeve-local-9-armv6hl-bootstrap/root/var/lib/mock/redsleeve-local-9-armv6hl/root'] with env {'TERM': 'vt100', 'SHELL': '/bin/sh', 'HOME': '/builddir', 'HOSTNAME': 'mock', 'PATH': '/usr/bin:/bin:/usr/sbin:/sbin', 'LANG': 'C.UTF-8'} and shell False
DEBUG util.py:610:  Child return code was: 0
DEBUG util.py:636:  child environment: None
DEBUG util.py:558:  Executing command: ['/bin/umount', '-n', '-l', '/var/lib/mock/redsleeve-local-9-armv6hl/root/dev/pts'] with env {'TERM': 'vt100', 'SHELL': '/bin/sh', 'HOME': '/builddir', 'HOSTNAME': 'mock', 'PATH': '/usr/bin:/bin:/usr/sbin:/sbin', 'LANG': 'C.UTF-8'} and shell False
DEBUG util.py:610:  Child return code was: 0
DEBUG util.py:636:  child environment: None
DEBUG util.py:558:  Executing command: ['/bin/umount', '-n', '-l', '/var/lib/mock/redsleeve-local-9-armv6hl/root/dev/shm'] with env {'TERM': 'vt100', 'SHELL': '/bin/sh', 'HOME': '/builddir', 'HOSTNAME': 'mock', 'PATH': '/usr/bin:/bin:/usr/sbin:/sbin', 'LANG': 'C.UTF-8'} and shell False
DEBUG util.py:610:  Child return code was: 0
DEBUG util.py:636:  child environment: None
DEBUG util.py:558:  Executing command: ['/bin/umount', '-n', '-l', '/var/lib/mock/redsleeve-local-9-armv6hl/root/sys'] with env {'TERM': 'vt100', 'SHELL': '/bin/sh', 'HOME': '/builddir', 'HOSTNAME': 'mock', 'PATH': '/usr/bin:/bin:/usr/sbin:/sbin', 'LANG': 'C.UTF-8'} and shell False
DEBUG util.py:610:  Child return code was: 0
DEBUG util.py:636:  child environment: None
DEBUG util.py:558:  Executing command: ['/bin/umount', '-n', '-l', '/var/lib/mock/redsleeve-local-9-armv6hl/root/sys'] with env {'TERM': 'vt100', 'SHELL': '/bin/sh', 'HOME': '/builddir', 'HOSTNAME': 'mock', 'PATH': '/usr/bin:/bin:/usr/sbin:/sbin', 'LANG': 'C.UTF-8'} and shell False
DEBUG util.py:610:  Child return code was: 0
DEBUG util.py:636:  child environment: None
DEBUG util.py:558:  Executing command: ['/bin/umount', '-n', '-l', '/var/lib/mock/redsleeve-local-9-armv6hl/root/proc'] with env {'TERM': 'vt100', 'SHELL': '/bin/sh', 'HOME': '/builddir', 'HOSTNAME': 'mock', 'PATH': '/usr/bin:/bin:/usr/sbin:/sbin', 'LANG': 'C.UTF-8'} and shell False
DEBUG util.py:610:  Child return code was: 0
DEBUG util.py:636:  child environment: None
DEBUG util.py:558:  Executing command: ['/bin/umount', '-n', '-l', '/var/lib/mock/redsleeve-local-9-armv6hl/root/proc'] with env {'TERM': 'vt100', 'SHELL': '/bin/sh', 'HOME': '/builddir', 'HOSTNAME': 'mock', 'PATH': '/usr/bin:/bin:/usr/sbin:/sbin', 'LANG': 'C.UTF-8'} and shell False
DEBUG util.py:610:  Child return code was: 0
DEBUG file_util.py:17:  ensuring that dir exists: /var/lib/mock/redsleeve-local-9-armv6hl-bootstrap/root/var/lib/mock/redsleeve-local-9-armv6hl/root
DEBUG util.py:636:  child environment: None
DEBUG util.py:558:  Executing command: ['/bin/mount', '-n', '-t', 'tmpfs', '-o', 'private,mode=0755', 'tmpfs', '/var/lib/mock/redsleeve-local-9-armv6hl-bootstrap/root/var/lib/mock/redsleeve-local-9-armv6hl/root'] with env {'TERM': 'vt100', 'SHELL': '/bin/sh', 'HOME': '/builddir', 'HOSTNAME': 'mock', 'PATH': '/usr/bin:/bin:/usr/sbin:/sbin', 'LANG': 'C.UTF-8'} and shell False
DEBUG util.py:610:  Child return code was: 0
DEBUG file_util.py:17:  ensuring that dir exists: /var/lib/mock/redsleeve-local-9-armv6hl-bootstrap/root/var/lib/mock/redsleeve-local-9-armv6hl/root
DEBUG util.py:636:  child environment: None
DEBUG util.py:558:  Executing command: ['/bin/mount', '-n', '-o', 'rbind', '/var/lib/mock/redsleeve-local-9-armv6hl/root', '/var/lib/mock/redsleeve-local-9-armv6hl-bootstrap/root/var/lib/mock/redsleeve-local-9-armv6hl/root'] with env {'TERM': 'vt100', 'SHELL': '/bin/sh', 'HOME': '/builddir', 'HOSTNAME': 'mock', 'PATH': '/usr/bin:/bin:/usr/sbin:/sbin', 'LANG': 'C.UTF-8'} and shell False
DEBUG util.py:610:  Child return code was: 0
DEBUG util.py:636:  child environment: None
DEBUG util.py:558:  Executing command: ['/bin/mount', '-n', '-o', 'remount,private,rbind', '--target', '/var/lib/mock/redsleeve-local-9-armv6hl-bootstrap/root/var/lib/mock/redsleeve-local-9-armv6hl/root'] with env {'TERM': 'vt100', 'SHELL': '/bin/sh', 'HOME': '/builddir', 'HOSTNAME': 'mock', 'PATH': '/usr/bin:/bin:/usr/sbin:/sbin', 'LANG': 'C.UTF-8'} and shell False
DEBUG util.py:610:  Child return code was: 0
DEBUG util.py:636:  child environment: None
DEBUG util.py:553:  Using nspawn with args ['--capability=cap_ipc_lock', '--bind=/tmp/mock-resolv.eyycn_pt:/etc/resolv.conf']
DEBUG util.py:558:  Executing command: ['/usr/bin/systemd-nspawn', '-q', '-M', '7c7e22b3faad4f869181f2b71edf0a27', '-D', '/var/lib/mock/redsleeve-local-9-armv6hl-bootstrap/root', '-a', '--capability=cap_ipc_lock', '--bind=/tmp/mock-resolv.eyycn_pt:/etc/resolv.conf', '--console=pipe', '--setenv=TERM=vt100', '--setenv=SHELL=/bin/bash', '--setenv=HOME=/builddir', '--setenv=HOSTNAME=mock', '--setenv=PATH=/usr/bin:/bin:/usr/sbin:/sbin', '--setenv=PROMPT_COMMAND=printf "\\033]0;<mock-chroot>\\007"', '--setenv=PS1=<mock-chroot> \\s-\\v\\$ ', '--setenv=LANG=C.UTF-8', '--resolv-conf=off', '/bin/rpm', '-qa', '--root', '/var/lib/mock/redsleeve-local-9-armv6hl/root'] with env {'TERM': 'vt100', 'SHELL': '/bin/bash', 'HOME': '/builddir', 'HOSTNAME': 'mock', 'PATH': '/usr/bin:/bin:/usr/sbin:/sbin', 'PROMPT_COMMAND': 'printf "\\033]0;<mock-chroot>\\007"', 'PS1': '<mock-chroot> \\s-\\v\\$ ', 'LANG': 'C.UTF-8', 'SYSTEMD_NSPAWN_TMPFS_TMP': '0', 'SYSTEMD_SECCOMP': '0'} and shell False
DEBUG util.py:463:  gpg-pubkey-2f00d701-6317b177
DEBUG util.py:463:  rust-srpm-macros-17-4.el9.redsleeve.noarch
DEBUG util.py:463:  qt5-srpm-macros-5.15.9-1.el9.noarch
DEBUG util.py:463:  perl-srpm-macros-1-41.el9.noarch
DEBUG util.py:463:  openblas-srpm-macros-2-11.el9.redsleeve.noarch
DEBUG util.py:463:  ocaml-srpm-macros-6-6.el9.noarch
DEBUG util.py:463:  ghc-srpm-macros-1.5.0-6.el9.noarch
DEBUG util.py:463:  tzdata-2026c-1.el9_8.noarch
DEBUG util.py:463:  publicsuffix-list-dafsa-20210518-3.el9.noarch
DEBUG util.py:463:  pkgconf-m4-1.7.3-10.el9.noarch
DEBUG util.py:463:  pcre2-syntax-10.40-6.el9.noarch
DEBUG util.py:463:  ncurses-base-6.2-12.20210508.el9.noarch
DEBUG util.py:463:  libssh-config-0.10.4-18.el9.noarch
DEBUG util.py:463:  gawk-all-langpacks-5.1.0-6.el9.armv6hl
DEBUG util.py:463:  coreutils-common-8.32-41.el9_8.armv6hl
DEBUG util.py:463:  ncurses-libs-6.2-12.20210508.el9.armv6hl
DEBUG util.py:463:  redsleeve-release-9.8-0.el9.noarch
DEBUG util.py:463:  setup-2.13.7-10.el9.noarch
DEBUG util.py:463:  filesystem-3.16-5.el9.armv6hl
DEBUG util.py:463:  basesystem-11-13.el9.0.1.noarch
DEBUG util.py:463:  bash-5.1.8-9.el9.armv6hl
DEBUG util.py:463:  libgcc-11.5.0-14.el9.redsleeve.armv6hl
DEBUG util.py:463:  glibc-gconv-extra-2.34-275.el9_8.redsleeve.armv6hl
DEBUG util.py:463:  glibc-minimal-langpack-2.34-275.el9_8.redsleeve.armv6hl
DEBUG util.py:463:  glibc-common-2.34-275.el9_8.redsleeve.armv6hl
DEBUG util.py:463:  glibc-2.34-275.el9_8.redsleeve.armv6hl
DEBUG util.py:463:  crypto-policies-20260224-1.gitea0f072.el9.noarch
DEBUG util.py:463:  systemd-rpm-macros-252-67.el9_8.4.redsleeve.noarch
DEBUG util.py:463:  zlib-1.2.11-40.el9.armv6hl
DEBUG util.py:463:  xz-libs-5.2.5-8.el9.armv6hl
DEBUG util.py:463:  bzip2-libs-1.0.8-11.el9.armv6hl
DEBUG util.py:463:  libacl-2.4.0-1.el9_8.armv6hl
DEBUG util.py:463:  libzstd-1.5.5-1.el9.armv6hl
DEBUG util.py:463:  libxcrypt-4.4.18-3.el9.armv6hl
DEBUG util.py:463:  elfutils-libelf-0.194-1.el9.rocky.0.1.armv6hl
DEBUG util.py:463:  libcap-2.48-10.el9.1.armv6hl
DEBUG util.py:463:  libstdc++-11.5.0-14.el9.redsleeve.armv6hl
DEBUG util.py:463:  libuuid-2.37.4-25.el9.armv6hl
DEBUG util.py:463:  gmp-6.2.0-13.el9.armv6hl
DEBUG util.py:463:  lz4-libs-1.9.3-5.el9.armv6hl
DEBUG util.py:463:  popt-1.18-8.el9.armv6hl
DEBUG util.py:463:  libattr-2.5.1-3.el9.armv6hl
DEBUG util.py:463:  libcap-ng-0.8.2-7.el9.armv6hl
DEBUG util.py:463:  audit-libs-3.1.5-8.el9.armv6hl
DEBUG util.py:463:  libcom_err-1.46.5-8.el9.armv6hl
DEBUG util.py:463:  readline-8.1-4.el9.armv6hl
DEBUG util.py:463:  mpfr-4.1.0-10.el9.armv6hl
DEBUG util.py:463:  dwz-0.16-1.el9.armv6hl
DEBUG util.py:463:  unzip-6.0-60.el9_8.armv6hl
DEBUG util.py:463:  file-libs-5.39-17.el9.armv6hl
DEBUG util.py:463:  file-5.39-17.el9.armv6hl
DEBUG util.py:463:  sqlite-libs-3.34.1-10.el9_8.armv6hl
DEBUG util.py:463:  alternatives-1.24-2.el9.armv6hl
DEBUG util.py:463:  gdbm-libs-1.23-1.el9.armv6hl
DEBUG util.py:463:  libatomic-11.5.0-14.el9.redsleeve.armv6hl
DEBUG util.py:463:  libffi-3.4.2-8.el9.armv6hl
DEBUG util.py:463:  libsepol-3.6-3.el9.armv6hl
DEBUG util.py:463:  libsigsegv-2.13-4.el9.armv6hl
DEBUG util.py:463:  gawk-5.1.0-6.el9.armv6hl
DEBUG util.py:463:  libsmartcols-2.37.4-25.el9.armv6hl
DEBUG util.py:463:  libtasn1-4.16.0-10.el9_8.redsleeve.armv6hl
DEBUG util.py:463:  p11-kit-0.26.4-1.el9_8.armv6hl
DEBUG util.py:463:  libunistring-0.9.10-15.el9.armv6hl
DEBUG util.py:463:  libidn2-2.3.0-7.el9.armv6hl
DEBUG util.py:463:  lua-libs-5.4.4-4.el9.armv6hl
DEBUG util.py:463:  pcre2-10.40-6.el9.armv6hl
DEBUG util.py:463:  libselinux-3.6-3.el9.armv6hl
DEBUG util.py:463:  sed-4.8-10.el9_8.armv6hl
DEBUG util.py:463:  findutils-4.8.0-7.el9.armv6hl
DEBUG util.py:463:  libsemanage-3.6-5.el9.armv6hl
DEBUG util.py:463:  shadow-utils-4.9-16.el9.armv6hl
DEBUG util.py:463:  libutempter-1.2.1-6.el9.armv6hl
DEBUG util.py:463:  tar-1.34-11.el9.armv6hl
DEBUG util.py:463:  libpsl-0.21.1-5.el9.armv6hl
DEBUG util.py:463:  p11-kit-trust-0.26.4-1.el9_8.armv6hl
DEBUG util.py:463:  zip-3.0-35.el9.armv6hl
DEBUG util.py:463:  zstd-1.5.5-1.el9.armv6hl
DEBUG util.py:463:  groff-base-1.22.4-10.el9.armv6hl
DEBUG util.py:463:  acl-2.4.0-1.el9_8.armv6hl
DEBUG util.py:463:  bzip2-1.0.8-11.el9.armv6hl
DEBUG util.py:463:  libxml2-2.9.13-14.el9_8.2.armv6hl
DEBUG util.py:463:  info-6.7-15.el9.armv6hl
DEBUG util.py:463:  ed-1.14.2-12.el9.armv6hl
DEBUG util.py:463:  patch-2.7.6-16.el9.armv6hl
DEBUG util.py:463:  cpio-2.13-16.el9.armv6hl
DEBUG util.py:463:  diffutils-3.7-12.el9.armv6hl
DEBUG util.py:463:  expat-2.5.0-6.el9_8.1.armv6hl
DEBUG util.py:463:  json-c-0.14-11.el9.armv6hl
DEBUG util.py:463:  keyutils-libs-1.6.3-1.el9.armv6hl
DEBUG util.py:463:  libbrotli-1.0.9-9.el9.armv6hl
DEBUG util.py:463:  libdb-5.3.28-57.el9.armv6hl
DEBUG util.py:463:  libeconf-0.4.1-7.el9_8.armv6hl
DEBUG util.py:463:  libgomp-11.5.0-14.el9.redsleeve.armv6hl
DEBUG util.py:463:  libgpg-error-1.42-5.el9.armv6hl
DEBUG util.py:463:  libgcrypt-1.10.0-13.el9_8.armv6hl
DEBUG util.py:463:  libnghttp2-1.43.0-6.el9.1.armv6hl
DEBUG util.py:463:  libpkgconf-1.7.3-10.el9.armv6hl
DEBUG util.py:463:  pkgconf-1.7.3-10.el9.armv6hl
DEBUG util.py:463:  pkgconf-pkg-config-1.7.3-10.el9.armv6hl
DEBUG util.py:463:  libseccomp-2.5.2-2.el9.redsleeve.armv6hl
DEBUG util.py:463:  libtool-ltdl-2.4.6-46.el9.armv6hl
DEBUG util.py:463:  libverto-0.3.2-3.el9.armv6hl
DEBUG util.py:463:  ncurses-6.2-12.20210508.el9.armv6hl
DEBUG util.py:463:  pcre-8.44-4.el9.armv6hl
DEBUG util.py:463:  grep-3.6-5.el9.armv6hl
DEBUG util.py:463:  openssl-fips-provider-3.5.5-6.el9_8.armv6hl
DEBUG util.py:463:  openssl-libs-3.5.5-6.el9_8.armv6hl
DEBUG util.py:463:  coreutils-8.32-41.el9_8.armv6hl
DEBUG util.py:463:  ca-certificates-2025.2.80_v9.0.305-91.el9.noarch
DEBUG util.py:463:  libblkid-2.37.4-25.el9.armv6hl
DEBUG util.py:463:  systemd-libs-252-67.el9_8.4.redsleeve.armv6hl
DEBUG util.py:463:  libmount-2.37.4-25.el9.armv6hl
DEBUG util.py:463:  krb5-libs-1.21.1-10.el9_8.armv6hl
DEBUG util.py:463:  libfdisk-2.37.4-25.el9.armv6hl
DEBUG util.py:463:  gzip-1.12-1.el9.armv6hl
DEBUG util.py:463:  cracklib-2.9.6-28.el9.armv6hl
DEBUG util.py:463:  libarchive-3.5.3-9.el9.armv6hl
DEBUG util.py:463:  xz-5.2.5-8.el9.armv6hl
DEBUG util.py:463:  cracklib-dicts-2.9.6-28.el9.armv6hl
DEBUG util.py:463:  perl-Digest-1.19-4.el9.noarch
DEBUG util.py:463:  perl-Digest-MD5-2.58-4.el9.armv6hl
DEBUG util.py:463:  perl-B-1.80-483.el9.armv6hl
DEBUG util.py:463:  perl-FileHandle-2.03-483.el9.noarch
DEBUG util.py:463:  perl-Data-Dumper-2.174-462.el9.armv6hl
DEBUG util.py:463:  perl-libnet-3.13-4.el9.noarch
DEBUG util.py:463:  perl-AutoLoader-5.74-483.el9.noarch
DEBUG util.py:463:  perl-base-2.27-483.el9.noarch
DEBUG util.py:463:  perl-URI-5.09-3.el9.noarch
DEBUG util.py:463:  perl-if-0.60.800-483.el9.noarch
DEBUG util.py:463:  perl-IO-Socket-IP-0.41-5.el9.noarch
DEBUG util.py:463:  perl-Time-Local-1.300-7.el9.noarch
DEBUG util.py:463:  perl-File-Path-2.18-4.el9.noarch
DEBUG util.py:463:  perl-IO-Socket-SSL-2.073-2.el9.noarch
DEBUG util.py:463:  perl-Net-SSLeay-1.94-3.el9.armv6hl
DEBUG util.py:463:  perl-Pod-Escapes-1.07-460.el9.noarch
DEBUG util.py:463:  perl-Text-Tabs+Wrap-2013.0523-460.el9.noarch
DEBUG util.py:463:  perl-Mozilla-CA-20200520-6.el9.noarch
DEBUG util.py:463:  perl-Class-Struct-0.66-483.el9.noarch
DEBUG util.py:463:  perl-POSIX-1.94-483.el9.armv6hl
DEBUG util.py:463:  perl-Term-ANSIColor-5.01-461.el9.noarch
DEBUG util.py:463:  perl-IPC-Open3-1.21-483.el9.noarch
DEBUG util.py:463:  perl-subs-1.03-483.el9.noarch
DEBUG util.py:463:  perl-File-Temp-0.231.100-4.el9.noarch
DEBUG util.py:463:  perl-Term-Cap-1.17-460.el9.noarch
DEBUG util.py:463:  perl-Pod-Simple-3.42-4.el9.noarch
DEBUG util.py:463:  perl-HTTP-Tiny-0.076-462.el9.noarch
DEBUG util.py:463:  perl-Socket-2.031-4.el9.armv6hl
DEBUG util.py:463:  perl-SelectSaver-1.02-483.el9.noarch
DEBUG util.py:463:  perl-Symbol-1.08-483.el9.noarch
DEBUG util.py:463:  perl-File-stat-1.09-483.el9.noarch
DEBUG util.py:463:  perl-podlators-4.14-460.el9.noarch
DEBUG util.py:463:  perl-Pod-Perldoc-3.28.01-461.el9.noarch
DEBUG util.py:463:  perl-Fcntl-1.13-483.el9.armv6hl
DEBUG util.py:463:  perl-Text-ParseWords-3.30-460.el9.noarch
DEBUG util.py:463:  perl-mro-1.23-483.el9.armv6hl
DEBUG util.py:463:  perl-IO-1.43-483.el9.armv6hl
DEBUG util.py:463:  perl-overloading-0.02-483.el9.noarch
DEBUG util.py:463:  perl-Pod-Usage-2.01-4.el9.noarch
DEBUG util.py:463:  perl-Errno-1.30-483.el9.armv6hl
DEBUG util.py:463:  perl-File-Basename-2.85-483.el9.noarch
DEBUG util.py:463:  perl-Getopt-Std-1.12-483.el9.noarch
DEBUG util.py:463:  perl-MIME-Base64-3.16-4.el9.armv6hl
DEBUG util.py:463:  perl-Scalar-List-Utils-1.56-462.el9.armv6hl
DEBUG util.py:463:  perl-constant-1.33-461.el9.noarch
DEBUG util.py:463:  perl-Storable-3.21-460.el9.armv6hl
DEBUG util.py:463:  perl-overload-1.31-483.el9.noarch
DEBUG util.py:463:  perl-parent-0.238-460.el9.noarch
DEBUG util.py:463:  perl-vars-1.05-483.el9.noarch
DEBUG util.py:463:  perl-Getopt-Long-2.52-4.el9.noarch
DEBUG util.py:463:  perl-Carp-1.50-460.el9.noarch
DEBUG util.py:463:  perl-Exporter-5.74-461.el9.noarch
DEBUG util.py:463:  perl-NDBM_File-1.15-483.el9.armv6hl
DEBUG util.py:463:  perl-PathTools-3.78-461.el9.armv6hl
DEBUG util.py:463:  perl-Encode-3.08-462.el9.armv6hl
DEBUG util.py:463:  perl-libs-5.32.1-483.el9.armv6hl
DEBUG util.py:463:  perl-interpreter-5.32.1-483.el9.armv6hl
DEBUG util.py:463:  kernel-srpm-macros-1.0-14.el9.noarch
DEBUG util.py:463:  cyrus-sasl-lib-2.1.27-22.el9.armv6hl
DEBUG util.py:463:  libssh-0.10.4-18.el9.armv6hl
DEBUG util.py:463:  util-linux-core-2.37.4-25.el9.armv6hl
DEBUG util.py:463:  openssl-3.5.5-6.el9_8.armv6hl
DEBUG util.py:463:  libpwquality-1.4.4-8.el9.armv6hl
DEBUG util.py:463:  pam-1.5.1-28.el9.armv6hl
DEBUG util.py:463:  util-linux-2.37.4-25.el9.armv6hl
DEBUG util.py:463:  kmod-libs-28-11.el9.armv6hl
DEBUG util.py:463:  dbus-1.12.20-8.el9.armv6hl
DEBUG util.py:463:  systemd-pam-252-67.el9_8.4.redsleeve.armv6hl
DEBUG util.py:463:  systemd-252-67.el9_8.4.redsleeve.armv6hl
DEBUG util.py:463:  dbus-common-1.12.20-8.el9.noarch
DEBUG util.py:463:  dbus-broker-28-8.el9.armv6hl
DEBUG util.py:463:  elfutils-default-yama-scope-0.194-1.el9.rocky.0.1.noarch
DEBUG util.py:463:  elfutils-libs-0.194-1.el9.rocky.0.1.armv6hl
DEBUG util.py:463:  libevent-2.1.12-8.el9.armv6hl
DEBUG util.py:463:  openldap-2.6.8-4.el9.0.1.armv6hl
DEBUG util.py:463:  libcurl-7.76.1-40.el9.armv6hl
DEBUG util.py:463:  elfutils-debuginfod-client-0.194-1.el9.rocky.0.1.armv6hl
DEBUG util.py:463:  binutils-gold-2.35.2-72.el9.redsleeve.armv6hl
DEBUG util.py:463:  binutils-2.35.2-72.el9.redsleeve.armv6hl
DEBUG util.py:463:  elfutils-0.194-1.el9.rocky.0.1.armv6hl
DEBUG util.py:463:  gdb-minimal-16.3-3.el9.armv6hl
DEBUG util.py:463:  debugedit-5.0-11.el9.armv6hl
DEBUG util.py:463:  curl-7.76.1-40.el9.armv6hl
DEBUG util.py:463:  rpm-4.16.1.3-40.el9.armv6hl
DEBUG util.py:463:  rpm-libs-4.16.1.3-40.el9.armv6hl
DEBUG util.py:463:  efi-srpm-macros-6-4.el9.noarch
DEBUG util.py:463:  lua-srpm-macros-1-6.el9.noarch
DEBUG util.py:463:  rpm-build-libs-4.16.1.3-40.el9.armv6hl
DEBUG util.py:463:  fonts-srpm-macros-2.0.5-7.el9.1.noarch
DEBUG util.py:463:  go-srpm-macros-3.8.1-1.el9.redsleeve.noarch
DEBUG util.py:463:  python-srpm-macros-3.9-54.el9.noarch
DEBUG util.py:463:  redhat-rpm-config-210-1.el9.redsleeve.noarch
DEBUG util.py:463:  rpm-build-4.16.1.3-40.el9.armv6hl
DEBUG util.py:463:  pyproject-srpm-macros-1.18.5-1.el9.noarch
DEBUG util.py:463:  which-2.21-30.el9.armv6hl
DEBUG util.py:610:  Child return code was: 0
DEBUG util.py:185:  kill orphans in chroot /var/lib/mock/redsleeve-local-9-armv6hl/root
DEBUG util.py:185:  kill orphans in chroot /var/lib/mock/redsleeve-local-9-armv6hl-bootstrap/root/var/lib/mock/redsleeve-local-9-armv6hl/root
DEBUG util.py:636:  child environment: None
DEBUG util.py:558:  Executing command: ['/bin/umount', '-n', '-l', '/var/lib/mock/redsleeve-local-9-armv6hl-bootstrap/root/var/lib/mock/redsleeve-local-9-armv6hl/root'] with env {'TERM': 'vt100', 'SHELL': '/bin/sh', 'HOME': '/builddir', 'HOSTNAME': 'mock', 'PATH': '/usr/bin:/bin:/usr/sbin:/sbin', 'LANG': 'C.UTF-8'} and shell False
DEBUG util.py:610:  Child return code was: 0
DEBUG util.py:636:  child environment: None
DEBUG util.py:558:  Executing command: ['/bin/umount', '-n', '-l', '/var/lib/mock/redsleeve-local-9-armv6hl-bootstrap/root/var/lib/mock/redsleeve-local-9-armv6hl/root'] with env {'TERM': 'vt100', 'SHELL': '/bin/sh', 'HOME': '/builddir', 'HOSTNAME': 'mock', 'PATH': '/usr/bin:/bin:/usr/sbin:/sbin', 'LANG': 'C.UTF-8'} and shell False
DEBUG util.py:610:  Child return code was: 0
DEBUG file_util.py:17:  ensuring that dir exists: /var/lib/mock/redsleeve-local-9-armv6hl/root/builddir/build
DEBUG file_util.py:17:  ensuring that dir exists: /var/lib/mock/redsleeve-local-9-armv6hl/root/builddir/build/RPMS
DEBUG file_util.py:20:  created dir: /var/lib/mock/redsleeve-local-9-armv6hl/root/builddir/build/RPMS
DEBUG file_util.py:17:  ensuring that dir exists: /var/lib/mock/redsleeve-local-9-armv6hl/root/builddir/build/SPECS
DEBUG file_util.py:20:  created dir: /var/lib/mock/redsleeve-local-9-armv6hl/root/builddir/build/SPECS
DEBUG file_util.py:17:  ensuring that dir exists: /var/lib/mock/redsleeve-local-9-armv6hl/root/builddir/build/SRPMS
DEBUG file_util.py:20:  created dir: /var/lib/mock/redsleeve-local-9-armv6hl/root/builddir/build/SRPMS
DEBUG file_util.py:17:  ensuring that dir exists: /var/lib/mock/redsleeve-local-9-armv6hl/root/builddir/build/SOURCES
DEBUG file_util.py:17:  ensuring that dir exists: /var/lib/mock/redsleeve-local-9-armv6hl/root/builddir/build/BUILD
DEBUG file_util.py:20:  created dir: /var/lib/mock/redsleeve-local-9-armv6hl/root/builddir/build/BUILD
DEBUG file_util.py:17:  ensuring that dir exists: /var/lib/mock/redsleeve-local-9-armv6hl/root/builddir/build/BUILDROOT
DEBUG file_util.py:20:  created dir: /var/lib/mock/redsleeve-local-9-armv6hl/root/builddir/build/BUILDROOT
DEBUG file_util.py:17:  ensuring that dir exists: /var/lib/mock/redsleeve-local-9-armv6hl/root/builddir/build/originals
DEBUG file_util.py:20:  created dir: /var/lib/mock/redsleeve-local-9-armv6hl/root/builddir/build/originals
DEBUG file_util.py:17:  ensuring that dir exists: /var/lib/mock/redsleeve-local-9-armv6hl/root/builddir
DEBUG util.py:636:  child environment: None
DEBUG util.py:558:  Executing command: ['userdel', '-f', 'mockbuild', '--prefix', '/var/lib/mock/redsleeve-local-9-armv6hl/root'] with env {'TERM': 'vt100', 'SHELL': '/bin/sh', 'HOME': '/builddir', 'HOSTNAME': 'mock', 'PATH': '/usr/bin:/bin:/usr/sbin:/sbin', 'LANG': 'C.UTF-8'} and shell False
DEBUG util.py:610:  Child return code was: 0
DEBUG util.py:636:  child environment: None
DEBUG util.py:558:  Executing command: ['groupdel', 'mock', '--prefix', '/var/lib/mock/redsleeve-local-9-armv6hl/root'] with env {'TERM': 'vt100', 'SHELL': '/bin/sh', 'HOME': '/builddir', 'HOSTNAME': 'mock', 'PATH': '/usr/bin:/bin:/usr/sbin:/sbin', 'LANG': 'C.UTF-8'} and shell False
DEBUG util.py:610:  Child return code was: 0
DEBUG util.py:636:  child environment: None
DEBUG util.py:558:  Executing command: ['groupadd', 'mock', '-g', '135', '--prefix', '/var/lib/mock/redsleeve-local-9-armv6hl/root'] with env {'TERM': 'vt100', 'SHELL': '/bin/sh', 'HOME': '/builddir', 'HOSTNAME': 'mock', 'PATH': '/usr/bin:/bin:/usr/sbin:/sbin', 'LANG': 'C.UTF-8'} and shell False
DEBUG util.py:610:  Child return code was: 0
DEBUG util.py:636:  child environment: None
DEBUG util.py:558:  Executing command: ['useradd', 'mockbuild', '-o', '-u', '1001', '-g', '135', '-N', '-d', '/builddir', '--prefix', '/var/lib/mock/redsleeve-local-9-armv6hl/root'] with env {'TERM': 'vt100', 'SHELL': '/bin/sh', 'HOME': '/builddir', 'HOSTNAME': 'mock', 'PATH': '/usr/bin:/bin:/usr/sbin:/sbin', 'LANG': 'C.UTF-8'} and shell False
DEBUG util.py:461:  useradd: warning: the home directory /builddir already exists.
DEBUG util.py:461:  useradd: Not copying any file from skel directory into it.
DEBUG util.py:461:  Creating mailbox file: File exists
DEBUG util.py:610:  Child return code was: 0
DEBUG file_util.py:29:  touching file: /var/lib/mock/redsleeve-local-9-armv6hl/root/.initialized
DEBUG util.py:636:  child environment: None
DEBUG util.py:553:  Using nspawn with args ['--capability=cap_ipc_lock', '--bind=/tmp/mock-resolv.wlzndo07:/etc/resolv.conf', '--bind=/dev/btrfs-control', '--bind=/dev/mapper/control', '--bind=/dev/fuse', '--bind=/dev/loop-control', '--bind=/dev/loop0', '--bind=/dev/loop1', '--bind=/dev/loop2', '--bind=/dev/loop3', '--bind=/dev/loop4', '--bind=/dev/loop5', '--bind=/dev/loop6', '--bind=/dev/loop7', '--bind=/dev/loop8', '--bind=/dev/loop9', '--bind=/dev/loop10', '--bind=/dev/loop11']
DEBUG util.py:558:  Executing command: ['/usr/bin/systemd-nspawn', '-q', '-M', '5be5041bce054e98829394f2f7cf6be9', '-D', '/var/lib/mock/redsleeve-local-9-armv6hl/root', '-a', '-u', 'mockbuild', '--capability=cap_ipc_lock', '--bind=/tmp/mock-resolv.wlzndo07:/etc/resolv.conf', '--bind=/dev/btrfs-control', '--bind=/dev/mapper/control', '--bind=/dev/fuse', '--bind=/dev/loop-control', '--bind=/dev/loop0', '--bind=/dev/loop1', '--bind=/dev/loop2', '--bind=/dev/loop3', '--bind=/dev/loop4', '--bind=/dev/loop5', '--bind=/dev/loop6', '--bind=/dev/loop7', '--bind=/dev/loop8', '--bind=/dev/loop9', '--bind=/dev/loop10', '--bind=/dev/loop11', '--console=pipe', '--setenv=TERM=vt100', '--setenv=SHELL=/bin/bash', '--setenv=HOME=/builddir', '--setenv=HOSTNAME=mock', '--setenv=PATH=/usr/bin:/bin:/usr/sbin:/sbin', '--setenv=PROMPT_COMMAND=printf "\\033]0;<mock-chroot>\\007"', '--setenv=PS1=<mock-chroot> \\s-\\v\\$ ', '--setenv=LANG=C.UTF-8', '--resolv-conf=off', '/bin/rpm', '-Uvh', '--nodeps', '/builddir/build/originals/linux-firmware-20260707-161.1.el9.src.rpm'] with env {'TERM': 'vt100', 'SHELL': '/bin/bash', 'HOME': '/builddir', 'HOSTNAME': 'mock', 'PATH': '/usr/bin:/bin:/usr/sbin:/sbin', 'PROMPT_COMMAND': 'printf "\\033]0;<mock-chroot>\\007"', 'PS1': '<mock-chroot> \\s-\\v\\$ ', 'LANG': 'C.UTF-8', 'SYSTEMD_NSPAWN_TMPFS_TMP': '0', 'SYSTEMD_SECCOMP': '0'} and shell False
DEBUG util.py:463:  Updating / installing...
DEBUG util.py:461:  linux-firmware-20260707-161.1.el9     warning: group mockbuild does not exist - using root
DEBUG util.py:461:  warning: group mockbuild does not exist - using root
DEBUG util.py:463:  ########################################
DEBUG util.py:610:  Child return code was: 0
DEBUG util.py:636:  child environment: None
DEBUG util.py:553:  Using nspawn with args ['--capability=cap_ipc_lock', '--bind=/tmp/mock-resolv.wlzndo07:/etc/resolv.conf', '--bind=/dev/btrfs-control', '--bind=/dev/mapper/control', '--bind=/dev/fuse', '--bind=/dev/loop-control', '--bind=/dev/loop0', '--bind=/dev/loop1', '--bind=/dev/loop2', '--bind=/dev/loop3', '--bind=/dev/loop4', '--bind=/dev/loop5', '--bind=/dev/loop6', '--bind=/dev/loop7', '--bind=/dev/loop8', '--bind=/dev/loop9', '--bind=/dev/loop10', '--bind=/dev/loop11']
DEBUG util.py:558:  Executing command: ['/usr/bin/systemd-nspawn', '-q', '-M', 'a79b800c7f5d495599790a2b33b9d1eb', '-D', '/var/lib/mock/redsleeve-local-9-armv6hl/root', '-a', '-u', 'mockbuild', '--capability=cap_ipc_lock', '--bind=/tmp/mock-resolv.wlzndo07:/etc/resolv.conf', '--bind=/dev/btrfs-control', '--bind=/dev/mapper/control', '--bind=/dev/fuse', '--bind=/dev/loop-control', '--bind=/dev/loop0', '--bind=/dev/loop1', '--bind=/dev/loop2', '--bind=/dev/loop3', '--bind=/dev/loop4', '--bind=/dev/loop5', '--bind=/dev/loop6', '--bind=/dev/loop7', '--bind=/dev/loop8', '--bind=/dev/loop9', '--bind=/dev/loop10', '--bind=/dev/loop11', '--console=pipe', '--setenv=TERM=vt100', '--setenv=SHELL=/bin/bash', '--setenv=HOME=/builddir', '--setenv=HOSTNAME=mock', '--setenv=PATH=/usr/bin:/bin:/usr/sbin:/sbin', '--setenv=PROMPT_COMMAND=printf "\\033]0;<mock-chroot>\\007"', '--setenv=PS1=<mock-chroot> \\s-\\v\\$ ', '--setenv=LANG=C.UTF-8', '--resolv-conf=off', '/bin/rpm', '-qpl', '/builddir/build/originals/linux-firmware-20260707-161.1.el9.src.rpm'] with env {'TERM': 'vt100', 'SHELL': '/bin/bash', 'HOME': '/builddir', 'HOSTNAME': 'mock', 'PATH': '/usr/bin:/bin:/usr/sbin:/sbin', 'PROMPT_COMMAND': 'printf "\\033]0;<mock-chroot>\\007"', 'PS1': '<mock-chroot> \\s-\\v\\$ ', 'LANG': 'C.UTF-8', 'SYSTEMD_NSPAWN_TMPFS_TMP': '0', 'SYSTEMD_SECCOMP': '0'} and shell False
DEBUG util.py:463:  linux-firmware-20260707.tar.xz
DEBUG util.py:463:  linux-firmware.spec
DEBUG util.py:610:  Child return code was: 0
DEBUG file_util.py:17:  ensuring that dir exists: /var/lib/mock/redsleeve-local-9-armv6hl-bootstrap/root/var/lib/mock/redsleeve-local-9-armv6hl/root
DEBUG util.py:636:  child environment: None
DEBUG util.py:558:  Executing command: ['/bin/mount', '-n', '-t', 'tmpfs', '-o', 'private,mode=0755', 'tmpfs', '/var/lib/mock/redsleeve-local-9-armv6hl-bootstrap/root/var/lib/mock/redsleeve-local-9-armv6hl/root'] with env {'TERM': 'vt100', 'SHELL': '/bin/sh', 'HOME': '/builddir', 'HOSTNAME': 'mock', 'PATH': '/usr/bin:/bin:/usr/sbin:/sbin', 'LANG': 'C.UTF-8'} and shell False
DEBUG util.py:610:  Child return code was: 0
DEBUG file_util.py:17:  ensuring that dir exists: /var/lib/mock/redsleeve-local-9-armv6hl-bootstrap/root/var/lib/mock/redsleeve-local-9-armv6hl/root
DEBUG util.py:636:  child environment: None
DEBUG util.py:558:  Executing command: ['/bin/mount', '-n', '-o', 'rbind', '/var/lib/mock/redsleeve-local-9-armv6hl/root', '/var/lib/mock/redsleeve-local-9-armv6hl-bootstrap/root/var/lib/mock/redsleeve-local-9-armv6hl/root'] with env {'TERM': 'vt100', 'SHELL': '/bin/sh', 'HOME': '/builddir', 'HOSTNAME': 'mock', 'PATH': '/usr/bin:/bin:/usr/sbin:/sbin', 'LANG': 'C.UTF-8'} and shell False
DEBUG util.py:610:  Child return code was: 0
DEBUG util.py:636:  child environment: None
DEBUG util.py:558:  Executing command: ['/bin/mount', '-n', '-o', 'remount,private,rbind', '--target', '/var/lib/mock/redsleeve-local-9-armv6hl-bootstrap/root/var/lib/mock/redsleeve-local-9-armv6hl/root'] with env {'TERM': 'vt100', 'SHELL': '/bin/sh', 'HOME': '/builddir', 'HOSTNAME': 'mock', 'PATH': '/usr/bin:/bin:/usr/sbin:/sbin', 'LANG': 'C.UTF-8'} and shell False
DEBUG util.py:610:  Child return code was: 0
DEBUG util.py:636:  child environment: None
DEBUG util.py:553:  Using nspawn with args ['--capability=cap_ipc_lock', '--bind=/tmp/mock-resolv.eyycn_pt:/etc/resolv.conf']
DEBUG util.py:558:  Executing command: ['/usr/bin/systemd-nspawn', '-q', '-M', '9daf45d6c47a4a368e602d923b197f50', '-D', '/var/lib/mock/redsleeve-local-9-armv6hl-bootstrap/root', '-a', '--capability=cap_ipc_lock', '--bind=/tmp/mock-resolv.eyycn_pt:/etc/resolv.conf', '--console=pipe', '--setenv=TERM=vt100', '--setenv=SHELL=/bin/bash', '--setenv=HOME=/builddir', '--setenv=HOSTNAME=mock', '--setenv=PATH=/usr/bin:/bin:/usr/sbin:/sbin', '--setenv=PROMPT_COMMAND=printf "\\033]0;<mock-chroot>\\007"', '--setenv=PS1=<mock-chroot> \\s-\\v\\$ ', '--setenv=LANG=C.UTF-8', '--resolv-conf=off', '/bin/rpm', '-qa', '--root', '/var/lib/mock/redsleeve-local-9-armv6hl/root'] with env {'TERM': 'vt100', 'SHELL': '/bin/bash', 'HOME': '/builddir', 'HOSTNAME': 'mock', 'PATH': '/usr/bin:/bin:/usr/sbin:/sbin', 'PROMPT_COMMAND': 'printf "\\033]0;<mock-chroot>\\007"', 'PS1': '<mock-chroot> \\s-\\v\\$ ', 'LANG': 'C.UTF-8', 'SYSTEMD_NSPAWN_TMPFS_TMP': '0', 'SYSTEMD_SECCOMP': '0'} and shell False
DEBUG util.py:463:  gpg-pubkey-2f00d701-6317b177
DEBUG util.py:463:  rust-srpm-macros-17-4.el9.redsleeve.noarch
DEBUG util.py:463:  qt5-srpm-macros-5.15.9-1.el9.noarch
DEBUG util.py:463:  perl-srpm-macros-1-41.el9.noarch
DEBUG util.py:463:  openblas-srpm-macros-2-11.el9.redsleeve.noarch
DEBUG util.py:463:  ocaml-srpm-macros-6-6.el9.noarch
DEBUG util.py:463:  ghc-srpm-macros-1.5.0-6.el9.noarch
DEBUG util.py:463:  tzdata-2026c-1.el9_8.noarch
DEBUG util.py:463:  publicsuffix-list-dafsa-20210518-3.el9.noarch
DEBUG util.py:463:  pkgconf-m4-1.7.3-10.el9.noarch
DEBUG util.py:463:  pcre2-syntax-10.40-6.el9.noarch
DEBUG util.py:463:  ncurses-base-6.2-12.20210508.el9.noarch
DEBUG util.py:463:  libssh-config-0.10.4-18.el9.noarch
DEBUG util.py:463:  gawk-all-langpacks-5.1.0-6.el9.armv6hl
DEBUG util.py:463:  coreutils-common-8.32-41.el9_8.armv6hl
DEBUG util.py:463:  ncurses-libs-6.2-12.20210508.el9.armv6hl
DEBUG util.py:463:  redsleeve-release-9.8-0.el9.noarch
DEBUG util.py:463:  setup-2.13.7-10.el9.noarch
DEBUG util.py:463:  filesystem-3.16-5.el9.armv6hl
DEBUG util.py:463:  basesystem-11-13.el9.0.1.noarch
DEBUG util.py:463:  bash-5.1.8-9.el9.armv6hl
DEBUG util.py:463:  libgcc-11.5.0-14.el9.redsleeve.armv6hl
DEBUG util.py:463:  glibc-gconv-extra-2.34-275.el9_8.redsleeve.armv6hl
DEBUG util.py:463:  glibc-minimal-langpack-2.34-275.el9_8.redsleeve.armv6hl
DEBUG util.py:463:  glibc-common-2.34-275.el9_8.redsleeve.armv6hl
DEBUG util.py:463:  glibc-2.34-275.el9_8.redsleeve.armv6hl
DEBUG util.py:463:  crypto-policies-20260224-1.gitea0f072.el9.noarch
DEBUG util.py:463:  systemd-rpm-macros-252-67.el9_8.4.redsleeve.noarch
DEBUG util.py:463:  zlib-1.2.11-40.el9.armv6hl
DEBUG util.py:463:  xz-libs-5.2.5-8.el9.armv6hl
DEBUG util.py:463:  bzip2-libs-1.0.8-11.el9.armv6hl
DEBUG util.py:463:  libacl-2.4.0-1.el9_8.armv6hl
DEBUG util.py:463:  libzstd-1.5.5-1.el9.armv6hl
DEBUG util.py:463:  libxcrypt-4.4.18-3.el9.armv6hl
DEBUG util.py:463:  elfutils-libelf-0.194-1.el9.rocky.0.1.armv6hl
DEBUG util.py:463:  libcap-2.48-10.el9.1.armv6hl
DEBUG util.py:463:  libstdc++-11.5.0-14.el9.redsleeve.armv6hl
DEBUG util.py:463:  libuuid-2.37.4-25.el9.armv6hl
DEBUG util.py:463:  gmp-6.2.0-13.el9.armv6hl
DEBUG util.py:463:  lz4-libs-1.9.3-5.el9.armv6hl
DEBUG util.py:463:  popt-1.18-8.el9.armv6hl
DEBUG util.py:463:  libattr-2.5.1-3.el9.armv6hl
DEBUG util.py:463:  libcap-ng-0.8.2-7.el9.armv6hl
DEBUG util.py:463:  audit-libs-3.1.5-8.el9.armv6hl
DEBUG util.py:463:  libcom_err-1.46.5-8.el9.armv6hl
DEBUG util.py:463:  readline-8.1-4.el9.armv6hl
DEBUG util.py:463:  mpfr-4.1.0-10.el9.armv6hl
DEBUG util.py:463:  dwz-0.16-1.el9.armv6hl
DEBUG util.py:463:  unzip-6.0-60.el9_8.armv6hl
DEBUG util.py:463:  file-libs-5.39-17.el9.armv6hl
DEBUG util.py:463:  file-5.39-17.el9.armv6hl
DEBUG util.py:463:  sqlite-libs-3.34.1-10.el9_8.armv6hl
DEBUG util.py:463:  alternatives-1.24-2.el9.armv6hl
DEBUG util.py:463:  gdbm-libs-1.23-1.el9.armv6hl
DEBUG util.py:463:  libatomic-11.5.0-14.el9.redsleeve.armv6hl
DEBUG util.py:463:  libffi-3.4.2-8.el9.armv6hl
DEBUG util.py:463:  libsepol-3.6-3.el9.armv6hl
DEBUG util.py:463:  libsigsegv-2.13-4.el9.armv6hl
DEBUG util.py:463:  gawk-5.1.0-6.el9.armv6hl
DEBUG util.py:463:  libsmartcols-2.37.4-25.el9.armv6hl
DEBUG util.py:463:  libtasn1-4.16.0-10.el9_8.redsleeve.armv6hl
DEBUG util.py:463:  p11-kit-0.26.4-1.el9_8.armv6hl
DEBUG util.py:463:  libunistring-0.9.10-15.el9.armv6hl
DEBUG util.py:463:  libidn2-2.3.0-7.el9.armv6hl
DEBUG util.py:463:  lua-libs-5.4.4-4.el9.armv6hl
DEBUG util.py:463:  pcre2-10.40-6.el9.armv6hl
DEBUG util.py:463:  libselinux-3.6-3.el9.armv6hl
DEBUG util.py:463:  sed-4.8-10.el9_8.armv6hl
DEBUG util.py:463:  findutils-4.8.0-7.el9.armv6hl
DEBUG util.py:463:  libsemanage-3.6-5.el9.armv6hl
DEBUG util.py:463:  shadow-utils-4.9-16.el9.armv6hl
DEBUG util.py:463:  libutempter-1.2.1-6.el9.armv6hl
DEBUG util.py:463:  tar-1.34-11.el9.armv6hl
DEBUG util.py:463:  libpsl-0.21.1-5.el9.armv6hl
DEBUG util.py:463:  p11-kit-trust-0.26.4-1.el9_8.armv6hl
DEBUG util.py:463:  zip-3.0-35.el9.armv6hl
DEBUG util.py:463:  zstd-1.5.5-1.el9.armv6hl
DEBUG util.py:463:  groff-base-1.22.4-10.el9.armv6hl
DEBUG util.py:463:  acl-2.4.0-1.el9_8.armv6hl
DEBUG util.py:463:  bzip2-1.0.8-11.el9.armv6hl
DEBUG util.py:463:  libxml2-2.9.13-14.el9_8.2.armv6hl
DEBUG util.py:463:  info-6.7-15.el9.armv6hl
DEBUG util.py:463:  ed-1.14.2-12.el9.armv6hl
DEBUG util.py:463:  patch-2.7.6-16.el9.armv6hl
DEBUG util.py:463:  cpio-2.13-16.el9.armv6hl
DEBUG util.py:463:  diffutils-3.7-12.el9.armv6hl
DEBUG util.py:463:  expat-2.5.0-6.el9_8.1.armv6hl
DEBUG util.py:463:  json-c-0.14-11.el9.armv6hl
DEBUG util.py:463:  keyutils-libs-1.6.3-1.el9.armv6hl
DEBUG util.py:463:  libbrotli-1.0.9-9.el9.armv6hl
DEBUG util.py:463:  libdb-5.3.28-57.el9.armv6hl
DEBUG util.py:463:  libeconf-0.4.1-7.el9_8.armv6hl
DEBUG util.py:463:  libgomp-11.5.0-14.el9.redsleeve.armv6hl
DEBUG util.py:463:  libgpg-error-1.42-5.el9.armv6hl
DEBUG util.py:463:  libgcrypt-1.10.0-13.el9_8.armv6hl
DEBUG util.py:463:  libnghttp2-1.43.0-6.el9.1.armv6hl
DEBUG util.py:463:  libpkgconf-1.7.3-10.el9.armv6hl
DEBUG util.py:463:  pkgconf-1.7.3-10.el9.armv6hl
DEBUG util.py:463:  pkgconf-pkg-config-1.7.3-10.el9.armv6hl
DEBUG util.py:463:  libseccomp-2.5.2-2.el9.redsleeve.armv6hl
DEBUG util.py:463:  libtool-ltdl-2.4.6-46.el9.armv6hl
DEBUG util.py:463:  libverto-0.3.2-3.el9.armv6hl
DEBUG util.py:463:  ncurses-6.2-12.20210508.el9.armv6hl
DEBUG util.py:463:  pcre-8.44-4.el9.armv6hl
DEBUG util.py:463:  grep-3.6-5.el9.armv6hl
DEBUG util.py:463:  openssl-fips-provider-3.5.5-6.el9_8.armv6hl
DEBUG util.py:463:  openssl-libs-3.5.5-6.el9_8.armv6hl
DEBUG util.py:463:  coreutils-8.32-41.el9_8.armv6hl
DEBUG util.py:463:  ca-certificates-2025.2.80_v9.0.305-91.el9.noarch
DEBUG util.py:463:  libblkid-2.37.4-25.el9.armv6hl
DEBUG util.py:463:  systemd-libs-252-67.el9_8.4.redsleeve.armv6hl
DEBUG util.py:463:  libmount-2.37.4-25.el9.armv6hl
DEBUG util.py:463:  krb5-libs-1.21.1-10.el9_8.armv6hl
DEBUG util.py:463:  libfdisk-2.37.4-25.el9.armv6hl
DEBUG util.py:463:  gzip-1.12-1.el9.armv6hl
DEBUG util.py:463:  cracklib-2.9.6-28.el9.armv6hl
DEBUG util.py:463:  libarchive-3.5.3-9.el9.armv6hl
DEBUG util.py:463:  xz-5.2.5-8.el9.armv6hl
DEBUG util.py:463:  cracklib-dicts-2.9.6-28.el9.armv6hl
DEBUG util.py:463:  perl-Digest-1.19-4.el9.noarch
DEBUG util.py:463:  perl-Digest-MD5-2.58-4.el9.armv6hl
DEBUG util.py:463:  perl-B-1.80-483.el9.armv6hl
DEBUG util.py:463:  perl-FileHandle-2.03-483.el9.noarch
DEBUG util.py:463:  perl-Data-Dumper-2.174-462.el9.armv6hl
DEBUG util.py:463:  perl-libnet-3.13-4.el9.noarch
DEBUG util.py:463:  perl-AutoLoader-5.74-483.el9.noarch
DEBUG util.py:463:  perl-base-2.27-483.el9.noarch
DEBUG util.py:463:  perl-URI-5.09-3.el9.noarch
DEBUG util.py:463:  perl-if-0.60.800-483.el9.noarch
DEBUG util.py:463:  perl-IO-Socket-IP-0.41-5.el9.noarch
DEBUG util.py:463:  perl-Time-Local-1.300-7.el9.noarch
DEBUG util.py:463:  perl-File-Path-2.18-4.el9.noarch
DEBUG util.py:463:  perl-IO-Socket-SSL-2.073-2.el9.noarch
DEBUG util.py:463:  perl-Net-SSLeay-1.94-3.el9.armv6hl
DEBUG util.py:463:  perl-Pod-Escapes-1.07-460.el9.noarch
DEBUG util.py:463:  perl-Text-Tabs+Wrap-2013.0523-460.el9.noarch
DEBUG util.py:463:  perl-Mozilla-CA-20200520-6.el9.noarch
DEBUG util.py:463:  perl-Class-Struct-0.66-483.el9.noarch
DEBUG util.py:463:  perl-POSIX-1.94-483.el9.armv6hl
DEBUG util.py:463:  perl-Term-ANSIColor-5.01-461.el9.noarch
DEBUG util.py:463:  perl-IPC-Open3-1.21-483.el9.noarch
DEBUG util.py:463:  perl-subs-1.03-483.el9.noarch
DEBUG util.py:463:  perl-File-Temp-0.231.100-4.el9.noarch
DEBUG util.py:463:  perl-Term-Cap-1.17-460.el9.noarch
DEBUG util.py:463:  perl-Pod-Simple-3.42-4.el9.noarch
DEBUG util.py:463:  perl-HTTP-Tiny-0.076-462.el9.noarch
DEBUG util.py:463:  perl-Socket-2.031-4.el9.armv6hl
DEBUG util.py:463:  perl-SelectSaver-1.02-483.el9.noarch
DEBUG util.py:463:  perl-Symbol-1.08-483.el9.noarch
DEBUG util.py:463:  perl-File-stat-1.09-483.el9.noarch
DEBUG util.py:463:  perl-podlators-4.14-460.el9.noarch
DEBUG util.py:463:  perl-Pod-Perldoc-3.28.01-461.el9.noarch
DEBUG util.py:463:  perl-Fcntl-1.13-483.el9.armv6hl
DEBUG util.py:463:  perl-Text-ParseWords-3.30-460.el9.noarch
DEBUG util.py:463:  perl-mro-1.23-483.el9.armv6hl
DEBUG util.py:463:  perl-IO-1.43-483.el9.armv6hl
DEBUG util.py:463:  perl-overloading-0.02-483.el9.noarch
DEBUG util.py:463:  perl-Pod-Usage-2.01-4.el9.noarch
DEBUG util.py:463:  perl-Errno-1.30-483.el9.armv6hl
DEBUG util.py:463:  perl-File-Basename-2.85-483.el9.noarch
DEBUG util.py:463:  perl-Getopt-Std-1.12-483.el9.noarch
DEBUG util.py:463:  perl-MIME-Base64-3.16-4.el9.armv6hl
DEBUG util.py:463:  perl-Scalar-List-Utils-1.56-462.el9.armv6hl
DEBUG util.py:463:  perl-constant-1.33-461.el9.noarch
DEBUG util.py:463:  perl-Storable-3.21-460.el9.armv6hl
DEBUG util.py:463:  perl-overload-1.31-483.el9.noarch
DEBUG util.py:463:  perl-parent-0.238-460.el9.noarch
DEBUG util.py:463:  perl-vars-1.05-483.el9.noarch
DEBUG util.py:463:  perl-Getopt-Long-2.52-4.el9.noarch
DEBUG util.py:463:  perl-Carp-1.50-460.el9.noarch
DEBUG util.py:463:  perl-Exporter-5.74-461.el9.noarch
DEBUG util.py:463:  perl-NDBM_File-1.15-483.el9.armv6hl
DEBUG util.py:463:  perl-PathTools-3.78-461.el9.armv6hl
DEBUG util.py:463:  perl-Encode-3.08-462.el9.armv6hl
DEBUG util.py:463:  perl-libs-5.32.1-483.el9.armv6hl
DEBUG util.py:463:  perl-interpreter-5.32.1-483.el9.armv6hl
DEBUG util.py:463:  kernel-srpm-macros-1.0-14.el9.noarch
DEBUG util.py:463:  cyrus-sasl-lib-2.1.27-22.el9.armv6hl
DEBUG util.py:463:  libssh-0.10.4-18.el9.armv6hl
DEBUG util.py:463:  util-linux-core-2.37.4-25.el9.armv6hl
DEBUG util.py:463:  openssl-3.5.5-6.el9_8.armv6hl
DEBUG util.py:463:  libpwquality-1.4.4-8.el9.armv6hl
DEBUG util.py:463:  pam-1.5.1-28.el9.armv6hl
DEBUG util.py:463:  util-linux-2.37.4-25.el9.armv6hl
DEBUG util.py:463:  kmod-libs-28-11.el9.armv6hl
DEBUG util.py:463:  dbus-1.12.20-8.el9.armv6hl
DEBUG util.py:463:  systemd-pam-252-67.el9_8.4.redsleeve.armv6hl
DEBUG util.py:463:  systemd-252-67.el9_8.4.redsleeve.armv6hl
DEBUG util.py:463:  dbus-common-1.12.20-8.el9.noarch
DEBUG util.py:463:  dbus-broker-28-8.el9.armv6hl
DEBUG util.py:463:  elfutils-default-yama-scope-0.194-1.el9.rocky.0.1.noarch
DEBUG util.py:463:  elfutils-libs-0.194-1.el9.rocky.0.1.armv6hl
DEBUG util.py:463:  libevent-2.1.12-8.el9.armv6hl
DEBUG util.py:463:  openldap-2.6.8-4.el9.0.1.armv6hl
DEBUG util.py:463:  libcurl-7.76.1-40.el9.armv6hl
DEBUG util.py:463:  elfutils-debuginfod-client-0.194-1.el9.rocky.0.1.armv6hl
DEBUG util.py:463:  binutils-gold-2.35.2-72.el9.redsleeve.armv6hl
DEBUG util.py:463:  binutils-2.35.2-72.el9.redsleeve.armv6hl
DEBUG util.py:463:  elfutils-0.194-1.el9.rocky.0.1.armv6hl
DEBUG util.py:463:  gdb-minimal-16.3-3.el9.armv6hl
DEBUG util.py:463:  debugedit-5.0-11.el9.armv6hl
DEBUG util.py:463:  curl-7.76.1-40.el9.armv6hl
DEBUG util.py:463:  rpm-4.16.1.3-40.el9.armv6hl
DEBUG util.py:463:  rpm-libs-4.16.1.3-40.el9.armv6hl
DEBUG util.py:463:  efi-srpm-macros-6-4.el9.noarch
DEBUG util.py:463:  lua-srpm-macros-1-6.el9.noarch
DEBUG util.py:463:  rpm-build-libs-4.16.1.3-40.el9.armv6hl
DEBUG util.py:463:  fonts-srpm-macros-2.0.5-7.el9.1.noarch
DEBUG util.py:463:  go-srpm-macros-3.8.1-1.el9.redsleeve.noarch
DEBUG util.py:463:  python-srpm-macros-3.9-54.el9.noarch
DEBUG util.py:463:  redhat-rpm-config-210-1.el9.redsleeve.noarch
DEBUG util.py:463:  rpm-build-4.16.1.3-40.el9.armv6hl
DEBUG util.py:463:  pyproject-srpm-macros-1.18.5-1.el9.noarch
DEBUG util.py:463:  which-2.21-30.el9.armv6hl
DEBUG util.py:610:  Child return code was: 0
DEBUG util.py:185:  kill orphans in chroot /var/lib/mock/redsleeve-local-9-armv6hl/root
DEBUG util.py:185:  kill orphans in chroot /var/lib/mock/redsleeve-local-9-armv6hl-bootstrap/root/var/lib/mock/redsleeve-local-9-armv6hl/root
DEBUG util.py:636:  child environment: None
DEBUG util.py:558:  Executing command: ['/bin/umount', '-n', '-l', '/var/lib/mock/redsleeve-local-9-armv6hl-bootstrap/root/var/lib/mock/redsleeve-local-9-armv6hl/root'] with env {'TERM': 'vt100', 'SHELL': '/bin/sh', 'HOME': '/builddir', 'HOSTNAME': 'mock', 'PATH': '/usr/bin:/bin:/usr/sbin:/sbin', 'LANG': 'C.UTF-8'} and shell False
DEBUG util.py:610:  Child return code was: 0
DEBUG util.py:636:  child environment: None
DEBUG util.py:558:  Executing command: ['/bin/umount', '-n', '-l', '/var/lib/mock/redsleeve-local-9-armv6hl-bootstrap/root/var/lib/mock/redsleeve-local-9-armv6hl/root'] with env {'TERM': 'vt100', 'SHELL': '/bin/sh', 'HOME': '/builddir', 'HOSTNAME': 'mock', 'PATH': '/usr/bin:/bin:/usr/sbin:/sbin', 'LANG': 'C.UTF-8'} and shell False
DEBUG util.py:610:  Child return code was: 0
DEBUG util.py:636:  child environment: None
DEBUG util.py:553:  Using nspawn with args ['--capability=cap_ipc_lock', '--bind=/tmp/mock-resolv.wlzndo07:/etc/resolv.conf', '--bind=/dev/btrfs-control', '--bind=/dev/mapper/control', '--bind=/dev/fuse', '--bind=/dev/loop-control', '--bind=/dev/loop0', '--bind=/dev/loop1', '--bind=/dev/loop2', '--bind=/dev/loop3', '--bind=/dev/loop4', '--bind=/dev/loop5', '--bind=/dev/loop6', '--bind=/dev/loop7', '--bind=/dev/loop8', '--bind=/dev/loop9', '--bind=/dev/loop10', '--bind=/dev/loop11']
DEBUG util.py:558:  Executing command: ['/usr/bin/systemd-nspawn', '-q', '-M', '11b47ba19a1f48b3868fb1497a494567', '-D', '/var/lib/mock/redsleeve-local-9-armv6hl/root', '-a', '--capability=cap_ipc_lock', '--bind=/tmp/mock-resolv.wlzndo07:/etc/resolv.conf', '--bind=/dev/btrfs-control', '--bind=/dev/mapper/control', '--bind=/dev/fuse', '--bind=/dev/loop-control', '--bind=/dev/loop0', '--bind=/dev/loop1', '--bind=/dev/loop2', '--bind=/dev/loop3', '--bind=/dev/loop4', '--bind=/dev/loop5', '--bind=/dev/loop6', '--bind=/dev/loop7', '--bind=/dev/loop8', '--bind=/dev/loop9', '--bind=/dev/loop10', '--bind=/dev/loop11', '--console=pipe', '--setenv=TERM=vt100', '--setenv=SHELL=/bin/bash', '--setenv=HOME=/builddir', '--setenv=HOSTNAME=mock', '--setenv=PATH=/usr/bin:/bin:/usr/sbin:/sbin', '--setenv=PROMPT_COMMAND=printf "\\033]0;<mock-chroot>\\007"', '--setenv=PS1=<mock-chroot> \\s-\\v\\$ ', '--setenv=LANG=C.UTF-8', '--resolv-conf=off', '/bin/sh', '-c', 'case $(rpmbuild --help) in *--noclean*) exit 0; esac; exit 1'] with env {'TERM': 'vt100', 'SHELL': '/bin/bash', 'HOME': '/builddir', 'HOSTNAME': 'mock', 'PATH': '/usr/bin:/bin:/usr/sbin:/sbin', 'PROMPT_COMMAND': 'printf "\\033]0;<mock-chroot>\\007"', 'PS1': '<mock-chroot> \\s-\\v\\$ ', 'LANG': 'C.UTF-8', 'SYSTEMD_NSPAWN_TMPFS_TMP': '0', 'SYSTEMD_SECCOMP': '0'} and shell False
DEBUG util.py:610:  Child return code was: 0
DEBUG util.py:636:  child environment: None
DEBUG file_util.py:17:  ensuring that dir exists: /var/lib/mock/redsleeve-local-9-armv6hl/root/proc
DEBUG util.py:636:  child environment: None
DEBUG util.py:558:  Executing command: ['/bin/mount', '-n', '-t', 'tmpfs', '-o', 'rprivate,mode=0755', 'tmpfs', '/var/lib/mock/redsleeve-local-9-armv6hl/root/proc'] with env {'TERM': 'vt100', 'SHELL': '/bin/sh', 'HOME': '/builddir', 'HOSTNAME': 'mock', 'PATH': '/usr/bin:/bin:/usr/sbin:/sbin', 'LANG': 'C.UTF-8'} and shell False
DEBUG util.py:610:  Child return code was: 0
DEBUG file_util.py:17:  ensuring that dir exists: /var/lib/mock/redsleeve-local-9-armv6hl/root/proc
DEBUG util.py:636:  child environment: None
DEBUG util.py:558:  Executing command: ['/bin/mount', '-n', '-o', 'rbind', '/proc', '/var/lib/mock/redsleeve-local-9-armv6hl/root/proc'] with env {'TERM': 'vt100', 'SHELL': '/bin/sh', 'HOME': '/builddir', 'HOSTNAME': 'mock', 'PATH': '/usr/bin:/bin:/usr/sbin:/sbin', 'LANG': 'C.UTF-8'} and shell False
DEBUG util.py:610:  Child return code was: 0
DEBUG util.py:636:  child environment: None
DEBUG util.py:558:  Executing command: ['/bin/mount', '-n', '-o', 'remount,nodev,noexec,nosuid,readonly,rprivate,rbind', '--target', '/var/lib/mock/redsleeve-local-9-armv6hl/root/proc'] with env {'TERM': 'vt100', 'SHELL': '/bin/sh', 'HOME': '/builddir', 'HOSTNAME': 'mock', 'PATH': '/usr/bin:/bin:/usr/sbin:/sbin', 'LANG': 'C.UTF-8'} and shell False
DEBUG util.py:610:  Child return code was: 0
DEBUG file_util.py:17:  ensuring that dir exists: /var/lib/mock/redsleeve-local-9-armv6hl/root/sys
DEBUG util.py:636:  child environment: None
DEBUG util.py:558:  Executing command: ['/bin/mount', '-n', '-t', 'tmpfs', '-o', 'rprivate,mode=0755', 'tmpfs', '/var/lib/mock/redsleeve-local-9-armv6hl/root/sys'] with env {'TERM': 'vt100', 'SHELL': '/bin/sh', 'HOME': '/builddir', 'HOSTNAME': 'mock', 'PATH': '/usr/bin:/bin:/usr/sbin:/sbin', 'LANG': 'C.UTF-8'} and shell False
DEBUG util.py:610:  Child return code was: 0
DEBUG file_util.py:17:  ensuring that dir exists: /var/lib/mock/redsleeve-local-9-armv6hl/root/sys
DEBUG util.py:636:  child environment: None
DEBUG util.py:558:  Executing command: ['/bin/mount', '-n', '-o', 'rbind', '/sys', '/var/lib/mock/redsleeve-local-9-armv6hl/root/sys'] with env {'TERM': 'vt100', 'SHELL': '/bin/sh', 'HOME': '/builddir', 'HOSTNAME': 'mock', 'PATH': '/usr/bin:/bin:/usr/sbin:/sbin', 'LANG': 'C.UTF-8'} and shell False
DEBUG util.py:610:  Child return code was: 0
DEBUG util.py:636:  child environment: None
DEBUG util.py:558:  Executing command: ['/bin/mount', '-n', '-o', 'remount,nodev,noexec,nosuid,readonly,rprivate,rbind', '--target', '/var/lib/mock/redsleeve-local-9-armv6hl/root/sys'] with env {'TERM': 'vt100', 'SHELL': '/bin/sh', 'HOME': '/builddir', 'HOSTNAME': 'mock', 'PATH': '/usr/bin:/bin:/usr/sbin:/sbin', 'LANG': 'C.UTF-8'} and shell False
DEBUG util.py:610:  Child return code was: 0
DEBUG file_util.py:17:  ensuring that dir exists: /var/lib/mock/redsleeve-local-9-armv6hl/root/dev/shm
DEBUG util.py:636:  child environment: None
DEBUG util.py:558:  Executing command: ['/bin/mount', '-n', '-t', 'tmpfs', 'tmpfs', '/var/lib/mock/redsleeve-local-9-armv6hl/root/dev/shm'] with env {'TERM': 'vt100', 'SHELL': '/bin/sh', 'HOME': '/builddir', 'HOSTNAME': 'mock', 'PATH': '/usr/bin:/bin:/usr/sbin:/sbin', 'LANG': 'C.UTF-8'} and shell False
DEBUG util.py:610:  Child return code was: 0
DEBUG file_util.py:17:  ensuring that dir exists: /var/lib/mock/redsleeve-local-9-armv6hl/root/dev/pts
DEBUG util.py:636:  child environment: None
DEBUG util.py:558:  Executing command: ['/bin/mount', '-n', '-t', 'devpts', '-o', 'gid=5,mode=0620,ptmxmode=0666,newinstance', 'devpts', '/var/lib/mock/redsleeve-local-9-armv6hl/root/dev/pts'] with env {'TERM': 'vt100', 'SHELL': '/bin/sh', 'HOME': '/builddir', 'HOSTNAME': 'mock', 'PATH': '/usr/bin:/bin:/usr/sbin:/sbin', 'LANG': 'C.UTF-8'} and shell False
DEBUG util.py:610:  Child return code was: 0
DEBUG file_util.py:17:  ensuring that dir exists: /var/lib/mock/redsleeve-local-9-armv6hl-bootstrap/root/var/lib/mock/redsleeve-local-9-armv6hl/root
DEBUG util.py:636:  child environment: None
DEBUG util.py:558:  Executing command: ['/bin/mount', '-n', '-t', 'tmpfs', '-o', 'private,mode=0755', 'tmpfs', '/var/lib/mock/redsleeve-local-9-armv6hl-bootstrap/root/var/lib/mock/redsleeve-local-9-armv6hl/root'] with env {'TERM': 'vt100', 'SHELL': '/bin/sh', 'HOME': '/builddir', 'HOSTNAME': 'mock', 'PATH': '/usr/bin:/bin:/usr/sbin:/sbin', 'LANG': 'C.UTF-8'} and shell False
DEBUG util.py:610:  Child return code was: 0
DEBUG file_util.py:17:  ensuring that dir exists: /var/lib/mock/redsleeve-local-9-armv6hl-bootstrap/root/var/lib/mock/redsleeve-local-9-armv6hl/root
DEBUG util.py:636:  child environment: None
DEBUG util.py:558:  Executing command: ['/bin/mount', '-n', '-o', 'rbind', '/var/lib/mock/redsleeve-local-9-armv6hl/root', '/var/lib/mock/redsleeve-local-9-armv6hl-bootstrap/root/var/lib/mock/redsleeve-local-9-armv6hl/root'] with env {'TERM': 'vt100', 'SHELL': '/bin/sh', 'HOME': '/builddir', 'HOSTNAME': 'mock', 'PATH': '/usr/bin:/bin:/usr/sbin:/sbin', 'LANG': 'C.UTF-8'} and shell False
DEBUG util.py:610:  Child return code was: 0
DEBUG util.py:636:  child environment: None
DEBUG util.py:558:  Executing command: ['/bin/mount', '-n', '-o', 'remount,private,rbind', '--target', '/var/lib/mock/redsleeve-local-9-armv6hl-bootstrap/root/var/lib/mock/redsleeve-local-9-armv6hl/root'] with env {'TERM': 'vt100', 'SHELL': '/bin/sh', 'HOME': '/builddir', 'HOSTNAME': 'mock', 'PATH': '/usr/bin:/bin:/usr/sbin:/sbin', 'LANG': 'C.UTF-8'} and shell False
DEBUG util.py:610:  Child return code was: 0
DEBUG file_util.py:17:  ensuring that dir exists: /var/lib/mock/redsleeve-local-9-armv6hl/root/installation-homedir
DEBUG package_manager.py:295:  ['/usr/bin/dnf-3', 'builddep', '--installroot', '/var/lib/mock/redsleeve-local-9-armv6hl/root/', '--releasever', '9', '--setopt=deltarpm=False', '--setopt=allow_vendor_change=yes', '--allowerasing', '--disableplugin=local', '--disableplugin=spacewalk', '--disableplugin=versionlock', '/var/lib/mock/redsleeve-local-9-armv6hl/root//builddir/build/SRPMS/linux-firmware-20260707-161.1.el9.redsleeve.src.rpm']
DEBUG util.py:636:  child environment: None
DEBUG util.py:553:  Using nspawn with args ['--capability=cap_ipc_lock', '--bind=/tmp/mock-resolv.eyycn_pt:/etc/resolv.conf']
DEBUG util.py:558:  Executing command: ['/usr/bin/systemd-nspawn', '-q', '-M', '9628cb3973d1463ca1f4257b108f2211', '-D', '/var/lib/mock/redsleeve-local-9-armv6hl-bootstrap/root', '-a', '--capability=cap_ipc_lock', '--bind=/tmp/mock-resolv.eyycn_pt:/etc/resolv.conf', '--console=pipe', '--setenv=TERM=vt100', '--setenv=SHELL=/bin/bash', '--setenv=HOME=/var/lib/mock/redsleeve-local-9-armv6hl/root/installation-homedir', '--setenv=HOSTNAME=mock', '--setenv=PATH=/usr/bin:/bin:/usr/sbin:/sbin', '--setenv=PROMPT_COMMAND=printf "\\033]0;<mock-chroot>\\007"', '--setenv=PS1=<mock-chroot> \\s-\\v\\$ ', '--setenv=LANG=C.UTF-8', '--setenv=LC_MESSAGES=C.UTF-8', '--resolv-conf=off', '/usr/bin/dnf-3', 'builddep', '--installroot', '/var/lib/mock/redsleeve-local-9-armv6hl/root/', '--releasever', '9', '--setopt=deltarpm=False', '--setopt=allow_vendor_change=yes', '--allowerasing', '--disableplugin=local', '--disableplugin=spacewalk', '--disableplugin=versionlock', '/var/lib/mock/redsleeve-local-9-armv6hl/root//builddir/build/SRPMS/linux-firmware-20260707-161.1.el9.redsleeve.src.rpm'] with env {'TERM': 'vt100', 'SHELL': '/bin/bash', 'HOME': '/var/lib/mock/redsleeve-local-9-armv6hl/root/installation-homedir', 'HOSTNAME': 'mock', 'PATH': '/usr/bin:/bin:/usr/sbin:/sbin', 'PROMPT_COMMAND': 'printf "\\033]0;<mock-chroot>\\007"', 'PS1': '<mock-chroot> \\s-\\v\\$ ', 'LANG': 'C.UTF-8', 'LC_MESSAGES': 'C.UTF-8', 'SYSTEMD_NSPAWN_TMPFS_TMP': '0', 'SYSTEMD_SECCOMP': '0'} and shell False
DEBUG util.py:461:  No matches found for the following disable plugin patterns: local, spacewalk, versionlock
DEBUG util.py:463:  Last metadata expiration check: 0:02:54 ago on Sun Aug  9 07:38:28 2026.
DEBUG util.py:463:  Dependencies resolved.
DEBUG util.py:463:  ==========================================================================================================================================
DEBUG util.py:463:   Package                                Architecture        Version                                 Repository                       Size
DEBUG util.py:463:  ==========================================================================================================================================
DEBUG util.py:463:  Installing:
DEBUG util.py:463:   git-core                               armv6hl             2.52.0-1.el9                            Redsleeve_AppStream             4.9 M
DEBUG util.py:463:   make                                   armv6hl             1:4.3-8.el9                             Redsleeve_BaseOS                525 k
DEBUG util.py:463:   python3                                armv6hl             3.9.25-7.el9_8.2.redsleeve              Redsleeve_BaseOS                 26 k
DEBUG util.py:463:  Installing dependencies:
DEBUG util.py:463:   less                                   armv6hl             590-6.el9                               Redsleeve_BaseOS                163 k
DEBUG util.py:463:   libcbor                                armv6hl             0.7.0-5.el9                             Redsleeve_BaseOS                 51 k
DEBUG util.py:463:   libedit                                armv6hl             3.1-39.20210216cvs.el9                  Redsleeve_BaseOS                 91 k
DEBUG util.py:463:   libfido2                               armv6hl             1.13.0-2.el9                            Redsleeve_BaseOS                 93 k
DEBUG util.py:463:   openssh                                armv6hl             9.9p1-9.el9_8.rocky.0.1                 Redsleeve_BaseOS                412 k
DEBUG util.py:463:   openssh-clients                        armv6hl             9.9p1-9.el9_8.rocky.0.1                 Redsleeve_BaseOS                750 k
DEBUG util.py:463:   python3-libs                           armv6hl             3.9.25-7.el9_8.2.redsleeve              Redsleeve_BaseOS                7.3 M
DEBUG util.py:463:   python3-pip-wheel                      noarch              21.3.1-2.el9_8.rocky.0.1                Redsleeve_BaseOS                1.1 M
DEBUG util.py:463:   python3-setuptools-wheel               noarch              53.0.0-15.el9                           Redsleeve_BaseOS                467 k
DEBUG util.py:463:  Installing weak dependencies:
DEBUG util.py:463:   python-unversioned-command             noarch              3.9.25-7.el9_8.2.redsleeve              Redsleeve_BaseOS                9.5 k
DEBUG util.py:463:  Transaction Summary
DEBUG util.py:463:  ==========================================================================================================================================
DEBUG util.py:463:  Install  13 Packages
DEBUG util.py:463:  Total download size: 16 M
DEBUG util.py:463:  Installed size: 64 M
DEBUG util.py:463:  Downloading Packages:
DEBUG util.py:463:  (1/13): libcbor-0.7.0-5.el9.armv6hl.rpm                                                                   1.4 MB/s |  51 kB     00:00    
DEBUG util.py:463:  (2/13): libedit-3.1-39.20210216cvs.el9.armv6hl.rpm                                                        1.6 MB/s |  91 kB     00:00    
DEBUG util.py:463:  (3/13): less-590-6.el9.armv6hl.rpm                                                                        2.2 MB/s | 163 kB     00:00    
DEBUG util.py:463:  (4/13): libfido2-1.13.0-2.el9.armv6hl.rpm                                                                 1.6 MB/s |  93 kB     00:00    
DEBUG util.py:463:  (5/13): make-4.3-8.el9.armv6hl.rpm                                                                        3.9 MB/s | 525 kB     00:00    
DEBUG util.py:463:  (6/13): python-unversioned-command-3.9.25-7.el9_8.2.redsleeve.noarch.rpm                                  650 kB/s | 9.5 kB     00:00    
DEBUG util.py:463:  (7/13): python3-3.9.25-7.el9_8.2.redsleeve.armv6hl.rpm                                                    1.2 MB/s |  26 kB     00:00    
DEBUG util.py:463:  (8/13): openssh-9.9p1-9.el9_8.rocky.0.1.armv6hl.rpm                                                       2.2 MB/s | 412 kB     00:00    
DEBUG util.py:463:  (9/13): openssh-clients-9.9p1-9.el9_8.rocky.0.1.armv6hl.rpm                                               2.4 MB/s | 750 kB     00:00    
DEBUG util.py:463:  (10/13): python3-setuptools-wheel-53.0.0-15.el9.noarch.rpm                                                2.8 MB/s | 467 kB     00:00    
DEBUG util.py:463:  (11/13): python3-pip-wheel-21.3.1-2.el9_8.rocky.0.1.noarch.rpm                                            3.0 MB/s | 1.1 MB     00:00    
DEBUG util.py:463:  (12/13): git-core-2.52.0-1.el9.armv6hl.rpm                                                                4.5 MB/s | 4.9 MB     00:01    
DEBUG util.py:463:  (13/13): python3-libs-3.9.25-7.el9_8.2.redsleeve.armv6hl.rpm                                              4.3 MB/s | 7.3 MB     00:01    
DEBUG util.py:463:  ------------------------------------------------------------------------------------------------------------------------------------------
DEBUG util.py:463:  Total                                                                                                     8.2 MB/s |  16 MB     00:01     
DEBUG util.py:463:  Running transaction check
DEBUG util.py:463:  Transaction check succeeded.
DEBUG util.py:463:  Running transaction test
DEBUG util.py:463:  Transaction test succeeded.
DEBUG util.py:463:  Running transaction
DEBUG util.py:463:    Preparing        :                                                                                                                  1/1 
DEBUG util.py:463:    Installing       : python3-setuptools-wheel-53.0.0-15.el9.noarch                                                                   1/13 
DEBUG util.py:463:    Installing       : python3-pip-wheel-21.3.1-2.el9_8.rocky.0.1.noarch                                                               2/13 
DEBUG util.py:463:    Installing       : python3-libs-3.9.25-7.el9_8.2.redsleeve.armv6hl                                                                 3/13 
DEBUG util.py:463:    Installing       : python3-3.9.25-7.el9_8.2.redsleeve.armv6hl                                                                      4/13 
DEBUG util.py:463:    Installing       : python-unversioned-command-3.9.25-7.el9_8.2.redsleeve.noarch                                                    5/13 
DEBUG util.py:463:    Running scriptlet: openssh-9.9p1-9.el9_8.rocky.0.1.armv6hl                                                                         6/13 
DEBUG util.py:463:    Installing       : openssh-9.9p1-9.el9_8.rocky.0.1.armv6hl                                                                         6/13 
DEBUG util.py:463:    Installing       : libedit-3.1-39.20210216cvs.el9.armv6hl                                                                          7/13 
DEBUG util.py:463:    Installing       : libcbor-0.7.0-5.el9.armv6hl                                                                                     8/13 
DEBUG util.py:463:    Installing       : libfido2-1.13.0-2.el9.armv6hl                                                                                   9/13 
DEBUG util.py:463:    Installing       : openssh-clients-9.9p1-9.el9_8.rocky.0.1.armv6hl                                                                10/13 
DEBUG util.py:463:    Running scriptlet: openssh-clients-9.9p1-9.el9_8.rocky.0.1.armv6hl                                                                10/13 
DEBUG util.py:463:    Installing       : less-590-6.el9.armv6hl                                                                                         11/13 
DEBUG util.py:463:    Installing       : git-core-2.52.0-1.el9.armv6hl                                                                                  12/13 
DEBUG util.py:463:    Installing       : make-1:4.3-8.el9.armv6hl                                                                                       13/13 
DEBUG util.py:463:    Running scriptlet: make-1:4.3-8.el9.armv6hl                                                                                       13/13 
DEBUG util.py:463:    Verifying        : less-590-6.el9.armv6hl                                                                                          1/13 
DEBUG util.py:463:    Verifying        : libcbor-0.7.0-5.el9.armv6hl                                                                                     2/13 
DEBUG util.py:463:    Verifying        : libedit-3.1-39.20210216cvs.el9.armv6hl                                                                          3/13 
DEBUG util.py:463:    Verifying        : libfido2-1.13.0-2.el9.armv6hl                                                                                   4/13 
DEBUG util.py:463:    Verifying        : make-1:4.3-8.el9.armv6hl                                                                                        5/13 
DEBUG util.py:463:    Verifying        : openssh-9.9p1-9.el9_8.rocky.0.1.armv6hl                                                                         6/13 
DEBUG util.py:463:    Verifying        : openssh-clients-9.9p1-9.el9_8.rocky.0.1.armv6hl                                                                 7/13 
DEBUG util.py:463:    Verifying        : python-unversioned-command-3.9.25-7.el9_8.2.redsleeve.noarch                                                    8/13 
DEBUG util.py:463:    Verifying        : python3-3.9.25-7.el9_8.2.redsleeve.armv6hl                                                                      9/13 
DEBUG util.py:463:    Verifying        : python3-libs-3.9.25-7.el9_8.2.redsleeve.armv6hl                                                                10/13 
DEBUG util.py:463:    Verifying        : python3-pip-wheel-21.3.1-2.el9_8.rocky.0.1.noarch                                                              11/13 
DEBUG util.py:463:    Verifying        : python3-setuptools-wheel-53.0.0-15.el9.noarch                                                                  12/13 
DEBUG util.py:463:    Verifying        : git-core-2.52.0-1.el9.armv6hl                                                                                  13/13 
DEBUG util.py:463:  Installed:
DEBUG util.py:463:    git-core-2.52.0-1.el9.armv6hl                                             less-590-6.el9.armv6hl                                        
DEBUG util.py:463:    libcbor-0.7.0-5.el9.armv6hl                                               libedit-3.1-39.20210216cvs.el9.armv6hl                        
DEBUG util.py:463:    libfido2-1.13.0-2.el9.armv6hl                                             make-1:4.3-8.el9.armv6hl                                      
DEBUG util.py:463:    openssh-9.9p1-9.el9_8.rocky.0.1.armv6hl                                   openssh-clients-9.9p1-9.el9_8.rocky.0.1.armv6hl               
DEBUG util.py:463:    python-unversioned-command-3.9.25-7.el9_8.2.redsleeve.noarch              python3-3.9.25-7.el9_8.2.redsleeve.armv6hl                    
DEBUG util.py:463:    python3-libs-3.9.25-7.el9_8.2.redsleeve.armv6hl                           python3-pip-wheel-21.3.1-2.el9_8.rocky.0.1.noarch             
DEBUG util.py:463:    python3-setuptools-wheel-53.0.0-15.el9.noarch                            
DEBUG util.py:463:  Complete!
DEBUG util.py:610:  Child return code was: 0
DEBUG util.py:185:  kill orphans in chroot /var/lib/mock/redsleeve-local-9-armv6hl/root
DEBUG util.py:185:  kill orphans in chroot /var/lib/mock/redsleeve-local-9-armv6hl-bootstrap/root/var/lib/mock/redsleeve-local-9-armv6hl/root
DEBUG util.py:636:  child environment: None
DEBUG util.py:558:  Executing command: ['/bin/umount', '-n', '-l', '/var/lib/mock/redsleeve-local-9-armv6hl-bootstrap/root/var/lib/mock/redsleeve-local-9-armv6hl/root'] with env {'TERM': 'vt100', 'SHELL': '/bin/sh', 'HOME': '/builddir', 'HOSTNAME': 'mock', 'PATH': '/usr/bin:/bin:/usr/sbin:/sbin', 'LANG': 'C.UTF-8'} and shell False
DEBUG util.py:610:  Child return code was: 0
DEBUG util.py:636:  child environment: None
DEBUG util.py:558:  Executing command: ['/bin/umount', '-n', '-l', '/var/lib/mock/redsleeve-local-9-armv6hl-bootstrap/root/var/lib/mock/redsleeve-local-9-armv6hl/root'] with env {'TERM': 'vt100', 'SHELL': '/bin/sh', 'HOME': '/builddir', 'HOSTNAME': 'mock', 'PATH': '/usr/bin:/bin:/usr/sbin:/sbin', 'LANG': 'C.UTF-8'} and shell False
DEBUG util.py:610:  Child return code was: 0
DEBUG util.py:636:  child environment: None
DEBUG util.py:558:  Executing command: ['/bin/umount', '-n', '-l', '/var/lib/mock/redsleeve-local-9-armv6hl/root/dev/pts'] with env {'TERM': 'vt100', 'SHELL': '/bin/sh', 'HOME': '/builddir', 'HOSTNAME': 'mock', 'PATH': '/usr/bin:/bin:/usr/sbin:/sbin', 'LANG': 'C.UTF-8'} and shell False
DEBUG util.py:610:  Child return code was: 0
DEBUG util.py:636:  child environment: None
DEBUG util.py:558:  Executing command: ['/bin/umount', '-n', '-l', '/var/lib/mock/redsleeve-local-9-armv6hl/root/dev/shm'] with env {'TERM': 'vt100', 'SHELL': '/bin/sh', 'HOME': '/builddir', 'HOSTNAME': 'mock', 'PATH': '/usr/bin:/bin:/usr/sbin:/sbin', 'LANG': 'C.UTF-8'} and shell False
DEBUG util.py:610:  Child return code was: 0
DEBUG util.py:636:  child environment: None
DEBUG util.py:558:  Executing command: ['/bin/umount', '-n', '-l', '/var/lib/mock/redsleeve-local-9-armv6hl/root/sys'] with env {'TERM': 'vt100', 'SHELL': '/bin/sh', 'HOME': '/builddir', 'HOSTNAME': 'mock', 'PATH': '/usr/bin:/bin:/usr/sbin:/sbin', 'LANG': 'C.UTF-8'} and shell False
DEBUG util.py:610:  Child return code was: 0
DEBUG util.py:636:  child environment: None
DEBUG util.py:558:  Executing command: ['/bin/umount', '-n', '-l', '/var/lib/mock/redsleeve-local-9-armv6hl/root/sys'] with env {'TERM': 'vt100', 'SHELL': '/bin/sh', 'HOME': '/builddir', 'HOSTNAME': 'mock', 'PATH': '/usr/bin:/bin:/usr/sbin:/sbin', 'LANG': 'C.UTF-8'} and shell False
DEBUG util.py:610:  Child return code was: 0
DEBUG util.py:636:  child environment: None
DEBUG util.py:558:  Executing command: ['/bin/umount', '-n', '-l', '/var/lib/mock/redsleeve-local-9-armv6hl/root/proc'] with env {'TERM': 'vt100', 'SHELL': '/bin/sh', 'HOME': '/builddir', 'HOSTNAME': 'mock', 'PATH': '/usr/bin:/bin:/usr/sbin:/sbin', 'LANG': 'C.UTF-8'} and shell False
DEBUG util.py:610:  Child return code was: 0
DEBUG util.py:636:  child environment: None
DEBUG util.py:558:  Executing command: ['/bin/umount', '-n', '-l', '/var/lib/mock/redsleeve-local-9-armv6hl/root/proc'] with env {'TERM': 'vt100', 'SHELL': '/bin/sh', 'HOME': '/builddir', 'HOSTNAME': 'mock', 'PATH': '/usr/bin:/bin:/usr/sbin:/sbin', 'LANG': 'C.UTF-8'} and shell False
DEBUG util.py:610:  Child return code was: 0
DEBUG file_util.py:17:  ensuring that dir exists: /var/lib/mock/redsleeve-local-9-armv6hl-bootstrap/root/var/lib/mock/redsleeve-local-9-armv6hl/root
DEBUG util.py:636:  child environment: None
DEBUG util.py:558:  Executing command: ['/bin/mount', '-n', '-t', 'tmpfs', '-o', 'private,mode=0755', 'tmpfs', '/var/lib/mock/redsleeve-local-9-armv6hl-bootstrap/root/var/lib/mock/redsleeve-local-9-armv6hl/root'] with env {'TERM': 'vt100', 'SHELL': '/bin/sh', 'HOME': '/builddir', 'HOSTNAME': 'mock', 'PATH': '/usr/bin:/bin:/usr/sbin:/sbin', 'LANG': 'C.UTF-8'} and shell False
DEBUG util.py:610:  Child return code was: 0
DEBUG file_util.py:17:  ensuring that dir exists: /var/lib/mock/redsleeve-local-9-armv6hl-bootstrap/root/var/lib/mock/redsleeve-local-9-armv6hl/root
DEBUG util.py:636:  child environment: None
DEBUG util.py:558:  Executing command: ['/bin/mount', '-n', '-o', 'rbind', '/var/lib/mock/redsleeve-local-9-armv6hl/root', '/var/lib/mock/redsleeve-local-9-armv6hl-bootstrap/root/var/lib/mock/redsleeve-local-9-armv6hl/root'] with env {'TERM': 'vt100', 'SHELL': '/bin/sh', 'HOME': '/builddir', 'HOSTNAME': 'mock', 'PATH': '/usr/bin:/bin:/usr/sbin:/sbin', 'LANG': 'C.UTF-8'} and shell False
DEBUG util.py:610:  Child return code was: 0
DEBUG util.py:636:  child environment: None
DEBUG util.py:558:  Executing command: ['/bin/mount', '-n', '-o', 'remount,private,rbind', '--target', '/var/lib/mock/redsleeve-local-9-armv6hl-bootstrap/root/var/lib/mock/redsleeve-local-9-armv6hl/root'] with env {'TERM': 'vt100', 'SHELL': '/bin/sh', 'HOME': '/builddir', 'HOSTNAME': 'mock', 'PATH': '/usr/bin:/bin:/usr/sbin:/sbin', 'LANG': 'C.UTF-8'} and shell False
DEBUG util.py:610:  Child return code was: 0
DEBUG util.py:636:  child environment: None
DEBUG util.py:553:  Using nspawn with args ['--capability=cap_ipc_lock', '--bind=/tmp/mock-resolv.eyycn_pt:/etc/resolv.conf']
DEBUG util.py:558:  Executing command: ['/usr/bin/systemd-nspawn', '-q', '-M', '5875e73cd4d8481a92f56ab5d7cedea9', '-D', '/var/lib/mock/redsleeve-local-9-armv6hl-bootstrap/root', '-a', '--capability=cap_ipc_lock', '--bind=/tmp/mock-resolv.eyycn_pt:/etc/resolv.conf', '--console=pipe', '--setenv=TERM=vt100', '--setenv=SHELL=/bin/bash', '--setenv=HOME=/builddir', '--setenv=HOSTNAME=mock', '--setenv=PATH=/usr/bin:/bin:/usr/sbin:/sbin', '--setenv=PROMPT_COMMAND=printf "\\033]0;<mock-chroot>\\007"', '--setenv=PS1=<mock-chroot> \\s-\\v\\$ ', '--setenv=LANG=C.UTF-8', '--resolv-conf=off', '/bin/rpm', '-qa', '--root', '/var/lib/mock/redsleeve-local-9-armv6hl/root'] with env {'TERM': 'vt100', 'SHELL': '/bin/bash', 'HOME': '/builddir', 'HOSTNAME': 'mock', 'PATH': '/usr/bin:/bin:/usr/sbin:/sbin', 'PROMPT_COMMAND': 'printf "\\033]0;<mock-chroot>\\007"', 'PS1': '<mock-chroot> \\s-\\v\\$ ', 'LANG': 'C.UTF-8', 'SYSTEMD_NSPAWN_TMPFS_TMP': '0', 'SYSTEMD_SECCOMP': '0'} and shell False
DEBUG util.py:463:  gpg-pubkey-2f00d701-6317b177
DEBUG util.py:463:  rust-srpm-macros-17-4.el9.redsleeve.noarch
DEBUG util.py:463:  qt5-srpm-macros-5.15.9-1.el9.noarch
DEBUG util.py:463:  perl-srpm-macros-1-41.el9.noarch
DEBUG util.py:463:  openblas-srpm-macros-2-11.el9.redsleeve.noarch
DEBUG util.py:463:  ocaml-srpm-macros-6-6.el9.noarch
DEBUG util.py:463:  ghc-srpm-macros-1.5.0-6.el9.noarch
DEBUG util.py:463:  tzdata-2026c-1.el9_8.noarch
DEBUG util.py:463:  publicsuffix-list-dafsa-20210518-3.el9.noarch
DEBUG util.py:463:  pkgconf-m4-1.7.3-10.el9.noarch
DEBUG util.py:463:  pcre2-syntax-10.40-6.el9.noarch
DEBUG util.py:463:  ncurses-base-6.2-12.20210508.el9.noarch
DEBUG util.py:463:  libssh-config-0.10.4-18.el9.noarch
DEBUG util.py:463:  gawk-all-langpacks-5.1.0-6.el9.armv6hl
DEBUG util.py:463:  coreutils-common-8.32-41.el9_8.armv6hl
DEBUG util.py:463:  ncurses-libs-6.2-12.20210508.el9.armv6hl
DEBUG util.py:463:  redsleeve-release-9.8-0.el9.noarch
DEBUG util.py:463:  setup-2.13.7-10.el9.noarch
DEBUG util.py:463:  filesystem-3.16-5.el9.armv6hl
DEBUG util.py:463:  basesystem-11-13.el9.0.1.noarch
DEBUG util.py:463:  bash-5.1.8-9.el9.armv6hl
DEBUG util.py:463:  libgcc-11.5.0-14.el9.redsleeve.armv6hl
DEBUG util.py:463:  glibc-gconv-extra-2.34-275.el9_8.redsleeve.armv6hl
DEBUG util.py:463:  glibc-minimal-langpack-2.34-275.el9_8.redsleeve.armv6hl
DEBUG util.py:463:  glibc-common-2.34-275.el9_8.redsleeve.armv6hl
DEBUG util.py:463:  glibc-2.34-275.el9_8.redsleeve.armv6hl
DEBUG util.py:463:  crypto-policies-20260224-1.gitea0f072.el9.noarch
DEBUG util.py:463:  systemd-rpm-macros-252-67.el9_8.4.redsleeve.noarch
DEBUG util.py:463:  zlib-1.2.11-40.el9.armv6hl
DEBUG util.py:463:  xz-libs-5.2.5-8.el9.armv6hl
DEBUG util.py:463:  bzip2-libs-1.0.8-11.el9.armv6hl
DEBUG util.py:463:  libacl-2.4.0-1.el9_8.armv6hl
DEBUG util.py:463:  libzstd-1.5.5-1.el9.armv6hl
DEBUG util.py:463:  libxcrypt-4.4.18-3.el9.armv6hl
DEBUG util.py:463:  elfutils-libelf-0.194-1.el9.rocky.0.1.armv6hl
DEBUG util.py:463:  libcap-2.48-10.el9.1.armv6hl
DEBUG util.py:463:  libstdc++-11.5.0-14.el9.redsleeve.armv6hl
DEBUG util.py:463:  libuuid-2.37.4-25.el9.armv6hl
DEBUG util.py:463:  gmp-6.2.0-13.el9.armv6hl
DEBUG util.py:463:  lz4-libs-1.9.3-5.el9.armv6hl
DEBUG util.py:463:  popt-1.18-8.el9.armv6hl
DEBUG util.py:463:  libattr-2.5.1-3.el9.armv6hl
DEBUG util.py:463:  libcap-ng-0.8.2-7.el9.armv6hl
DEBUG util.py:463:  audit-libs-3.1.5-8.el9.armv6hl
DEBUG util.py:463:  libcom_err-1.46.5-8.el9.armv6hl
DEBUG util.py:463:  readline-8.1-4.el9.armv6hl
DEBUG util.py:463:  mpfr-4.1.0-10.el9.armv6hl
DEBUG util.py:463:  dwz-0.16-1.el9.armv6hl
DEBUG util.py:463:  unzip-6.0-60.el9_8.armv6hl
DEBUG util.py:463:  file-libs-5.39-17.el9.armv6hl
DEBUG util.py:463:  file-5.39-17.el9.armv6hl
DEBUG util.py:463:  sqlite-libs-3.34.1-10.el9_8.armv6hl
DEBUG util.py:463:  alternatives-1.24-2.el9.armv6hl
DEBUG util.py:463:  gdbm-libs-1.23-1.el9.armv6hl
DEBUG util.py:463:  libatomic-11.5.0-14.el9.redsleeve.armv6hl
DEBUG util.py:463:  libffi-3.4.2-8.el9.armv6hl
DEBUG util.py:463:  libsepol-3.6-3.el9.armv6hl
DEBUG util.py:463:  libsigsegv-2.13-4.el9.armv6hl
DEBUG util.py:463:  gawk-5.1.0-6.el9.armv6hl
DEBUG util.py:463:  libsmartcols-2.37.4-25.el9.armv6hl
DEBUG util.py:463:  libtasn1-4.16.0-10.el9_8.redsleeve.armv6hl
DEBUG util.py:463:  p11-kit-0.26.4-1.el9_8.armv6hl
DEBUG util.py:463:  libunistring-0.9.10-15.el9.armv6hl
DEBUG util.py:463:  libidn2-2.3.0-7.el9.armv6hl
DEBUG util.py:463:  lua-libs-5.4.4-4.el9.armv6hl
DEBUG util.py:463:  pcre2-10.40-6.el9.armv6hl
DEBUG util.py:463:  libselinux-3.6-3.el9.armv6hl
DEBUG util.py:463:  sed-4.8-10.el9_8.armv6hl
DEBUG util.py:463:  findutils-4.8.0-7.el9.armv6hl
DEBUG util.py:463:  libsemanage-3.6-5.el9.armv6hl
DEBUG util.py:463:  shadow-utils-4.9-16.el9.armv6hl
DEBUG util.py:463:  libutempter-1.2.1-6.el9.armv6hl
DEBUG util.py:463:  tar-1.34-11.el9.armv6hl
DEBUG util.py:463:  libpsl-0.21.1-5.el9.armv6hl
DEBUG util.py:463:  p11-kit-trust-0.26.4-1.el9_8.armv6hl
DEBUG util.py:463:  zip-3.0-35.el9.armv6hl
DEBUG util.py:463:  zstd-1.5.5-1.el9.armv6hl
DEBUG util.py:463:  groff-base-1.22.4-10.el9.armv6hl
DEBUG util.py:463:  acl-2.4.0-1.el9_8.armv6hl
DEBUG util.py:463:  bzip2-1.0.8-11.el9.armv6hl
DEBUG util.py:463:  libxml2-2.9.13-14.el9_8.2.armv6hl
DEBUG util.py:463:  info-6.7-15.el9.armv6hl
DEBUG util.py:463:  ed-1.14.2-12.el9.armv6hl
DEBUG util.py:463:  patch-2.7.6-16.el9.armv6hl
DEBUG util.py:463:  cpio-2.13-16.el9.armv6hl
DEBUG util.py:463:  diffutils-3.7-12.el9.armv6hl
DEBUG util.py:463:  expat-2.5.0-6.el9_8.1.armv6hl
DEBUG util.py:463:  json-c-0.14-11.el9.armv6hl
DEBUG util.py:463:  keyutils-libs-1.6.3-1.el9.armv6hl
DEBUG util.py:463:  libbrotli-1.0.9-9.el9.armv6hl
DEBUG util.py:463:  libdb-5.3.28-57.el9.armv6hl
DEBUG util.py:463:  libeconf-0.4.1-7.el9_8.armv6hl
DEBUG util.py:463:  libgomp-11.5.0-14.el9.redsleeve.armv6hl
DEBUG util.py:463:  libgpg-error-1.42-5.el9.armv6hl
DEBUG util.py:463:  libgcrypt-1.10.0-13.el9_8.armv6hl
DEBUG util.py:463:  libnghttp2-1.43.0-6.el9.1.armv6hl
DEBUG util.py:463:  libpkgconf-1.7.3-10.el9.armv6hl
DEBUG util.py:463:  pkgconf-1.7.3-10.el9.armv6hl
DEBUG util.py:463:  pkgconf-pkg-config-1.7.3-10.el9.armv6hl
DEBUG util.py:463:  libseccomp-2.5.2-2.el9.redsleeve.armv6hl
DEBUG util.py:463:  libtool-ltdl-2.4.6-46.el9.armv6hl
DEBUG util.py:463:  libverto-0.3.2-3.el9.armv6hl
DEBUG util.py:463:  ncurses-6.2-12.20210508.el9.armv6hl
DEBUG util.py:463:  pcre-8.44-4.el9.armv6hl
DEBUG util.py:463:  grep-3.6-5.el9.armv6hl
DEBUG util.py:463:  openssl-fips-provider-3.5.5-6.el9_8.armv6hl
DEBUG util.py:463:  openssl-libs-3.5.5-6.el9_8.armv6hl
DEBUG util.py:463:  coreutils-8.32-41.el9_8.armv6hl
DEBUG util.py:463:  ca-certificates-2025.2.80_v9.0.305-91.el9.noarch
DEBUG util.py:463:  libblkid-2.37.4-25.el9.armv6hl
DEBUG util.py:463:  systemd-libs-252-67.el9_8.4.redsleeve.armv6hl
DEBUG util.py:463:  libmount-2.37.4-25.el9.armv6hl
DEBUG util.py:463:  krb5-libs-1.21.1-10.el9_8.armv6hl
DEBUG util.py:463:  libfdisk-2.37.4-25.el9.armv6hl
DEBUG util.py:463:  gzip-1.12-1.el9.armv6hl
DEBUG util.py:463:  cracklib-2.9.6-28.el9.armv6hl
DEBUG util.py:463:  libarchive-3.5.3-9.el9.armv6hl
DEBUG util.py:463:  xz-5.2.5-8.el9.armv6hl
DEBUG util.py:463:  cracklib-dicts-2.9.6-28.el9.armv6hl
DEBUG util.py:463:  perl-Digest-1.19-4.el9.noarch
DEBUG util.py:463:  perl-Digest-MD5-2.58-4.el9.armv6hl
DEBUG util.py:463:  perl-B-1.80-483.el9.armv6hl
DEBUG util.py:463:  perl-FileHandle-2.03-483.el9.noarch
DEBUG util.py:463:  perl-Data-Dumper-2.174-462.el9.armv6hl
DEBUG util.py:463:  perl-libnet-3.13-4.el9.noarch
DEBUG util.py:463:  perl-AutoLoader-5.74-483.el9.noarch
DEBUG util.py:463:  perl-base-2.27-483.el9.noarch
DEBUG util.py:463:  perl-URI-5.09-3.el9.noarch
DEBUG util.py:463:  perl-if-0.60.800-483.el9.noarch
DEBUG util.py:463:  perl-IO-Socket-IP-0.41-5.el9.noarch
DEBUG util.py:463:  perl-Time-Local-1.300-7.el9.noarch
DEBUG util.py:463:  perl-File-Path-2.18-4.el9.noarch
DEBUG util.py:463:  perl-IO-Socket-SSL-2.073-2.el9.noarch
DEBUG util.py:463:  perl-Net-SSLeay-1.94-3.el9.armv6hl
DEBUG util.py:463:  perl-Pod-Escapes-1.07-460.el9.noarch
DEBUG util.py:463:  perl-Text-Tabs+Wrap-2013.0523-460.el9.noarch
DEBUG util.py:463:  perl-Mozilla-CA-20200520-6.el9.noarch
DEBUG util.py:463:  perl-Class-Struct-0.66-483.el9.noarch
DEBUG util.py:463:  perl-POSIX-1.94-483.el9.armv6hl
DEBUG util.py:463:  perl-Term-ANSIColor-5.01-461.el9.noarch
DEBUG util.py:463:  perl-IPC-Open3-1.21-483.el9.noarch
DEBUG util.py:463:  perl-subs-1.03-483.el9.noarch
DEBUG util.py:463:  perl-File-Temp-0.231.100-4.el9.noarch
DEBUG util.py:463:  perl-Term-Cap-1.17-460.el9.noarch
DEBUG util.py:463:  perl-Pod-Simple-3.42-4.el9.noarch
DEBUG util.py:463:  perl-HTTP-Tiny-0.076-462.el9.noarch
DEBUG util.py:463:  perl-Socket-2.031-4.el9.armv6hl
DEBUG util.py:463:  perl-SelectSaver-1.02-483.el9.noarch
DEBUG util.py:463:  perl-Symbol-1.08-483.el9.noarch
DEBUG util.py:463:  perl-File-stat-1.09-483.el9.noarch
DEBUG util.py:463:  perl-podlators-4.14-460.el9.noarch
DEBUG util.py:463:  perl-Pod-Perldoc-3.28.01-461.el9.noarch
DEBUG util.py:463:  perl-Fcntl-1.13-483.el9.armv6hl
DEBUG util.py:463:  perl-Text-ParseWords-3.30-460.el9.noarch
DEBUG util.py:463:  perl-mro-1.23-483.el9.armv6hl
DEBUG util.py:463:  perl-IO-1.43-483.el9.armv6hl
DEBUG util.py:463:  perl-overloading-0.02-483.el9.noarch
DEBUG util.py:463:  perl-Pod-Usage-2.01-4.el9.noarch
DEBUG util.py:463:  perl-Errno-1.30-483.el9.armv6hl
DEBUG util.py:463:  perl-File-Basename-2.85-483.el9.noarch
DEBUG util.py:463:  perl-Getopt-Std-1.12-483.el9.noarch
DEBUG util.py:463:  perl-MIME-Base64-3.16-4.el9.armv6hl
DEBUG util.py:463:  perl-Scalar-List-Utils-1.56-462.el9.armv6hl
DEBUG util.py:463:  perl-constant-1.33-461.el9.noarch
DEBUG util.py:463:  perl-Storable-3.21-460.el9.armv6hl
DEBUG util.py:463:  perl-overload-1.31-483.el9.noarch
DEBUG util.py:463:  perl-parent-0.238-460.el9.noarch
DEBUG util.py:463:  perl-vars-1.05-483.el9.noarch
DEBUG util.py:463:  perl-Getopt-Long-2.52-4.el9.noarch
DEBUG util.py:463:  perl-Carp-1.50-460.el9.noarch
DEBUG util.py:463:  perl-Exporter-5.74-461.el9.noarch
DEBUG util.py:463:  perl-NDBM_File-1.15-483.el9.armv6hl
DEBUG util.py:463:  perl-PathTools-3.78-461.el9.armv6hl
DEBUG util.py:463:  perl-Encode-3.08-462.el9.armv6hl
DEBUG util.py:463:  perl-libs-5.32.1-483.el9.armv6hl
DEBUG util.py:463:  perl-interpreter-5.32.1-483.el9.armv6hl
DEBUG util.py:463:  kernel-srpm-macros-1.0-14.el9.noarch
DEBUG util.py:463:  cyrus-sasl-lib-2.1.27-22.el9.armv6hl
DEBUG util.py:463:  libssh-0.10.4-18.el9.armv6hl
DEBUG util.py:463:  util-linux-core-2.37.4-25.el9.armv6hl
DEBUG util.py:463:  openssl-3.5.5-6.el9_8.armv6hl
DEBUG util.py:463:  libpwquality-1.4.4-8.el9.armv6hl
DEBUG util.py:463:  pam-1.5.1-28.el9.armv6hl
DEBUG util.py:463:  util-linux-2.37.4-25.el9.armv6hl
DEBUG util.py:463:  kmod-libs-28-11.el9.armv6hl
DEBUG util.py:463:  dbus-1.12.20-8.el9.armv6hl
DEBUG util.py:463:  systemd-pam-252-67.el9_8.4.redsleeve.armv6hl
DEBUG util.py:463:  systemd-252-67.el9_8.4.redsleeve.armv6hl
DEBUG util.py:463:  dbus-common-1.12.20-8.el9.noarch
DEBUG util.py:463:  dbus-broker-28-8.el9.armv6hl
DEBUG util.py:463:  elfutils-default-yama-scope-0.194-1.el9.rocky.0.1.noarch
DEBUG util.py:463:  elfutils-libs-0.194-1.el9.rocky.0.1.armv6hl
DEBUG util.py:463:  libevent-2.1.12-8.el9.armv6hl
DEBUG util.py:463:  openldap-2.6.8-4.el9.0.1.armv6hl
DEBUG util.py:463:  libcurl-7.76.1-40.el9.armv6hl
DEBUG util.py:463:  elfutils-debuginfod-client-0.194-1.el9.rocky.0.1.armv6hl
DEBUG util.py:463:  binutils-gold-2.35.2-72.el9.redsleeve.armv6hl
DEBUG util.py:463:  binutils-2.35.2-72.el9.redsleeve.armv6hl
DEBUG util.py:463:  elfutils-0.194-1.el9.rocky.0.1.armv6hl
DEBUG util.py:463:  gdb-minimal-16.3-3.el9.armv6hl
DEBUG util.py:463:  debugedit-5.0-11.el9.armv6hl
DEBUG util.py:463:  curl-7.76.1-40.el9.armv6hl
DEBUG util.py:463:  rpm-4.16.1.3-40.el9.armv6hl
DEBUG util.py:463:  rpm-libs-4.16.1.3-40.el9.armv6hl
DEBUG util.py:463:  efi-srpm-macros-6-4.el9.noarch
DEBUG util.py:463:  lua-srpm-macros-1-6.el9.noarch
DEBUG util.py:463:  rpm-build-libs-4.16.1.3-40.el9.armv6hl
DEBUG util.py:463:  fonts-srpm-macros-2.0.5-7.el9.1.noarch
DEBUG util.py:463:  go-srpm-macros-3.8.1-1.el9.redsleeve.noarch
DEBUG util.py:463:  python-srpm-macros-3.9-54.el9.noarch
DEBUG util.py:463:  redhat-rpm-config-210-1.el9.redsleeve.noarch
DEBUG util.py:463:  rpm-build-4.16.1.3-40.el9.armv6hl
DEBUG util.py:463:  pyproject-srpm-macros-1.18.5-1.el9.noarch
DEBUG util.py:463:  which-2.21-30.el9.armv6hl
DEBUG util.py:463:  python3-setuptools-wheel-53.0.0-15.el9.noarch
DEBUG util.py:463:  python3-pip-wheel-21.3.1-2.el9_8.rocky.0.1.noarch
DEBUG util.py:463:  python3-libs-3.9.25-7.el9_8.2.redsleeve.armv6hl
DEBUG util.py:463:  python3-3.9.25-7.el9_8.2.redsleeve.armv6hl
DEBUG util.py:463:  python-unversioned-command-3.9.25-7.el9_8.2.redsleeve.noarch
DEBUG util.py:463:  openssh-9.9p1-9.el9_8.rocky.0.1.armv6hl
DEBUG util.py:463:  libedit-3.1-39.20210216cvs.el9.armv6hl
DEBUG util.py:463:  libcbor-0.7.0-5.el9.armv6hl
DEBUG util.py:463:  libfido2-1.13.0-2.el9.armv6hl
DEBUG util.py:463:  openssh-clients-9.9p1-9.el9_8.rocky.0.1.armv6hl
DEBUG util.py:463:  less-590-6.el9.armv6hl
DEBUG util.py:463:  git-core-2.52.0-1.el9.armv6hl
DEBUG util.py:463:  make-4.3-8.el9.armv6hl
DEBUG util.py:610:  Child return code was: 0
DEBUG util.py:185:  kill orphans in chroot /var/lib/mock/redsleeve-local-9-armv6hl/root
DEBUG util.py:185:  kill orphans in chroot /var/lib/mock/redsleeve-local-9-armv6hl-bootstrap/root/var/lib/mock/redsleeve-local-9-armv6hl/root
DEBUG util.py:636:  child environment: None
DEBUG util.py:558:  Executing command: ['/bin/umount', '-n', '-l', '/var/lib/mock/redsleeve-local-9-armv6hl-bootstrap/root/var/lib/mock/redsleeve-local-9-armv6hl/root'] with env {'TERM': 'vt100', 'SHELL': '/bin/sh', 'HOME': '/builddir', 'HOSTNAME': 'mock', 'PATH': '/usr/bin:/bin:/usr/sbin:/sbin', 'LANG': 'C.UTF-8'} and shell False
DEBUG util.py:610:  Child return code was: 0
DEBUG util.py:636:  child environment: None
DEBUG util.py:558:  Executing command: ['/bin/umount', '-n', '-l', '/var/lib/mock/redsleeve-local-9-armv6hl-bootstrap/root/var/lib/mock/redsleeve-local-9-armv6hl/root'] with env {'TERM': 'vt100', 'SHELL': '/bin/sh', 'HOME': '/builddir', 'HOSTNAME': 'mock', 'PATH': '/usr/bin:/bin:/usr/sbin:/sbin', 'LANG': 'C.UTF-8'} and shell False
DEBUG util.py:610:  Child return code was: 0
DEBUG file_util.py:17:  ensuring that dir exists: /var/lib/mock/redsleeve-local-9-armv6hl-bootstrap/root/var/lib/mock/redsleeve-local-9-armv6hl/root
DEBUG util.py:636:  child environment: None
DEBUG util.py:558:  Executing command: ['/bin/mount', '-n', '-t', 'tmpfs', '-o', 'private,mode=0755', 'tmpfs', '/var/lib/mock/redsleeve-local-9-armv6hl-bootstrap/root/var/lib/mock/redsleeve-local-9-armv6hl/root'] with env {'TERM': 'vt100', 'SHELL': '/bin/sh', 'HOME': '/builddir', 'HOSTNAME': 'mock', 'PATH': '/usr/bin:/bin:/usr/sbin:/sbin', 'LANG': 'C.UTF-8'} and shell False
DEBUG util.py:610:  Child return code was: 0
DEBUG file_util.py:17:  ensuring that dir exists: /var/lib/mock/redsleeve-local-9-armv6hl-bootstrap/root/var/lib/mock/redsleeve-local-9-armv6hl/root
DEBUG util.py:636:  child environment: None
DEBUG util.py:558:  Executing command: ['/bin/mount', '-n', '-o', 'rbind', '/var/lib/mock/redsleeve-local-9-armv6hl/root', '/var/lib/mock/redsleeve-local-9-armv6hl-bootstrap/root/var/lib/mock/redsleeve-local-9-armv6hl/root'] with env {'TERM': 'vt100', 'SHELL': '/bin/sh', 'HOME': '/builddir', 'HOSTNAME': 'mock', 'PATH': '/usr/bin:/bin:/usr/sbin:/sbin', 'LANG': 'C.UTF-8'} and shell False
DEBUG util.py:610:  Child return code was: 0
DEBUG util.py:636:  child environment: None
DEBUG util.py:558:  Executing command: ['/bin/mount', '-n', '-o', 'remount,private,rbind', '--target', '/var/lib/mock/redsleeve-local-9-armv6hl-bootstrap/root/var/lib/mock/redsleeve-local-9-armv6hl/root'] with env {'TERM': 'vt100', 'SHELL': '/bin/sh', 'HOME': '/builddir', 'HOSTNAME': 'mock', 'PATH': '/usr/bin:/bin:/usr/sbin:/sbin', 'LANG': 'C.UTF-8'} and shell False
DEBUG util.py:610:  Child return code was: 0
DEBUG util.py:636:  child environment: None
DEBUG util.py:553:  Using nspawn with args ['--capability=cap_ipc_lock', '--bind=/tmp/mock-resolv.eyycn_pt:/etc/resolv.conf']
DEBUG util.py:558:  Executing command: ['/usr/bin/systemd-nspawn', '-q', '-M', 'd3ac1f3617dd4594b2a63f42a19d1bf8', '-D', '/var/lib/mock/redsleeve-local-9-armv6hl-bootstrap/root', '-a', '--capability=cap_ipc_lock', '--bind=/tmp/mock-resolv.eyycn_pt:/etc/resolv.conf', '--console=pipe', '--setenv=TERM=vt100', '--setenv=SHELL=/bin/bash', '--setenv=HOME=/builddir', '--setenv=HOSTNAME=mock', '--setenv=PATH=/usr/bin:/bin:/usr/sbin:/sbin', '--setenv=PROMPT_COMMAND=printf "\\033]0;<mock-chroot>\\007"', '--setenv=PS1=<mock-chroot> \\s-\\v\\$ ', '--setenv=LANG=C.UTF-8', '--resolv-conf=off', '/bin/rpm', '-qa', '--root', '/var/lib/mock/redsleeve-local-9-armv6hl/root'] with env {'TERM': 'vt100', 'SHELL': '/bin/bash', 'HOME': '/builddir', 'HOSTNAME': 'mock', 'PATH': '/usr/bin:/bin:/usr/sbin:/sbin', 'PROMPT_COMMAND': 'printf "\\033]0;<mock-chroot>\\007"', 'PS1': '<mock-chroot> \\s-\\v\\$ ', 'LANG': 'C.UTF-8', 'SYSTEMD_NSPAWN_TMPFS_TMP': '0', 'SYSTEMD_SECCOMP': '0'} and shell False
DEBUG util.py:463:  gpg-pubkey-2f00d701-6317b177
DEBUG util.py:463:  rust-srpm-macros-17-4.el9.redsleeve.noarch
DEBUG util.py:463:  qt5-srpm-macros-5.15.9-1.el9.noarch
DEBUG util.py:463:  perl-srpm-macros-1-41.el9.noarch
DEBUG util.py:463:  openblas-srpm-macros-2-11.el9.redsleeve.noarch
DEBUG util.py:463:  ocaml-srpm-macros-6-6.el9.noarch
DEBUG util.py:463:  ghc-srpm-macros-1.5.0-6.el9.noarch
DEBUG util.py:463:  tzdata-2026c-1.el9_8.noarch
DEBUG util.py:463:  publicsuffix-list-dafsa-20210518-3.el9.noarch
DEBUG util.py:463:  pkgconf-m4-1.7.3-10.el9.noarch
DEBUG util.py:463:  pcre2-syntax-10.40-6.el9.noarch
DEBUG util.py:463:  ncurses-base-6.2-12.20210508.el9.noarch
DEBUG util.py:463:  libssh-config-0.10.4-18.el9.noarch
DEBUG util.py:463:  gawk-all-langpacks-5.1.0-6.el9.armv6hl
DEBUG util.py:463:  coreutils-common-8.32-41.el9_8.armv6hl
DEBUG util.py:463:  ncurses-libs-6.2-12.20210508.el9.armv6hl
DEBUG util.py:463:  redsleeve-release-9.8-0.el9.noarch
DEBUG util.py:463:  setup-2.13.7-10.el9.noarch
DEBUG util.py:463:  filesystem-3.16-5.el9.armv6hl
DEBUG util.py:463:  basesystem-11-13.el9.0.1.noarch
DEBUG util.py:463:  bash-5.1.8-9.el9.armv6hl
DEBUG util.py:463:  libgcc-11.5.0-14.el9.redsleeve.armv6hl
DEBUG util.py:463:  glibc-gconv-extra-2.34-275.el9_8.redsleeve.armv6hl
DEBUG util.py:463:  glibc-minimal-langpack-2.34-275.el9_8.redsleeve.armv6hl
DEBUG util.py:463:  glibc-common-2.34-275.el9_8.redsleeve.armv6hl
DEBUG util.py:463:  glibc-2.34-275.el9_8.redsleeve.armv6hl
DEBUG util.py:463:  crypto-policies-20260224-1.gitea0f072.el9.noarch
DEBUG util.py:463:  systemd-rpm-macros-252-67.el9_8.4.redsleeve.noarch
DEBUG util.py:463:  zlib-1.2.11-40.el9.armv6hl
DEBUG util.py:463:  xz-libs-5.2.5-8.el9.armv6hl
DEBUG util.py:463:  bzip2-libs-1.0.8-11.el9.armv6hl
DEBUG util.py:463:  libacl-2.4.0-1.el9_8.armv6hl
DEBUG util.py:463:  libzstd-1.5.5-1.el9.armv6hl
DEBUG util.py:463:  libxcrypt-4.4.18-3.el9.armv6hl
DEBUG util.py:463:  elfutils-libelf-0.194-1.el9.rocky.0.1.armv6hl
DEBUG util.py:463:  libcap-2.48-10.el9.1.armv6hl
DEBUG util.py:463:  libstdc++-11.5.0-14.el9.redsleeve.armv6hl
DEBUG util.py:463:  libuuid-2.37.4-25.el9.armv6hl
DEBUG util.py:463:  gmp-6.2.0-13.el9.armv6hl
DEBUG util.py:463:  lz4-libs-1.9.3-5.el9.armv6hl
DEBUG util.py:463:  popt-1.18-8.el9.armv6hl
DEBUG util.py:463:  libattr-2.5.1-3.el9.armv6hl
DEBUG util.py:463:  libcap-ng-0.8.2-7.el9.armv6hl
DEBUG util.py:463:  audit-libs-3.1.5-8.el9.armv6hl
DEBUG util.py:463:  libcom_err-1.46.5-8.el9.armv6hl
DEBUG util.py:463:  readline-8.1-4.el9.armv6hl
DEBUG util.py:463:  mpfr-4.1.0-10.el9.armv6hl
DEBUG util.py:463:  dwz-0.16-1.el9.armv6hl
DEBUG util.py:463:  unzip-6.0-60.el9_8.armv6hl
DEBUG util.py:463:  file-libs-5.39-17.el9.armv6hl
DEBUG util.py:463:  file-5.39-17.el9.armv6hl
DEBUG util.py:463:  sqlite-libs-3.34.1-10.el9_8.armv6hl
DEBUG util.py:463:  alternatives-1.24-2.el9.armv6hl
DEBUG util.py:463:  gdbm-libs-1.23-1.el9.armv6hl
DEBUG util.py:463:  libatomic-11.5.0-14.el9.redsleeve.armv6hl
DEBUG util.py:463:  libffi-3.4.2-8.el9.armv6hl
DEBUG util.py:463:  libsepol-3.6-3.el9.armv6hl
DEBUG util.py:463:  libsigsegv-2.13-4.el9.armv6hl
DEBUG util.py:463:  gawk-5.1.0-6.el9.armv6hl
DEBUG util.py:463:  libsmartcols-2.37.4-25.el9.armv6hl
DEBUG util.py:463:  libtasn1-4.16.0-10.el9_8.redsleeve.armv6hl
DEBUG util.py:463:  p11-kit-0.26.4-1.el9_8.armv6hl
DEBUG util.py:463:  libunistring-0.9.10-15.el9.armv6hl
DEBUG util.py:463:  libidn2-2.3.0-7.el9.armv6hl
DEBUG util.py:463:  lua-libs-5.4.4-4.el9.armv6hl
DEBUG util.py:463:  pcre2-10.40-6.el9.armv6hl
DEBUG util.py:463:  libselinux-3.6-3.el9.armv6hl
DEBUG util.py:463:  sed-4.8-10.el9_8.armv6hl
DEBUG util.py:463:  findutils-4.8.0-7.el9.armv6hl
DEBUG util.py:463:  libsemanage-3.6-5.el9.armv6hl
DEBUG util.py:463:  shadow-utils-4.9-16.el9.armv6hl
DEBUG util.py:463:  libutempter-1.2.1-6.el9.armv6hl
DEBUG util.py:463:  tar-1.34-11.el9.armv6hl
DEBUG util.py:463:  libpsl-0.21.1-5.el9.armv6hl
DEBUG util.py:463:  p11-kit-trust-0.26.4-1.el9_8.armv6hl
DEBUG util.py:463:  zip-3.0-35.el9.armv6hl
DEBUG util.py:463:  zstd-1.5.5-1.el9.armv6hl
DEBUG util.py:463:  groff-base-1.22.4-10.el9.armv6hl
DEBUG util.py:463:  acl-2.4.0-1.el9_8.armv6hl
DEBUG util.py:463:  bzip2-1.0.8-11.el9.armv6hl
DEBUG util.py:463:  libxml2-2.9.13-14.el9_8.2.armv6hl
DEBUG util.py:463:  info-6.7-15.el9.armv6hl
DEBUG util.py:463:  ed-1.14.2-12.el9.armv6hl
DEBUG util.py:463:  patch-2.7.6-16.el9.armv6hl
DEBUG util.py:463:  cpio-2.13-16.el9.armv6hl
DEBUG util.py:463:  diffutils-3.7-12.el9.armv6hl
DEBUG util.py:463:  expat-2.5.0-6.el9_8.1.armv6hl
DEBUG util.py:463:  json-c-0.14-11.el9.armv6hl
DEBUG util.py:463:  keyutils-libs-1.6.3-1.el9.armv6hl
DEBUG util.py:463:  libbrotli-1.0.9-9.el9.armv6hl
DEBUG util.py:463:  libdb-5.3.28-57.el9.armv6hl
DEBUG util.py:463:  libeconf-0.4.1-7.el9_8.armv6hl
DEBUG util.py:463:  libgomp-11.5.0-14.el9.redsleeve.armv6hl
DEBUG util.py:463:  libgpg-error-1.42-5.el9.armv6hl
DEBUG util.py:463:  libgcrypt-1.10.0-13.el9_8.armv6hl
DEBUG util.py:463:  libnghttp2-1.43.0-6.el9.1.armv6hl
DEBUG util.py:463:  libpkgconf-1.7.3-10.el9.armv6hl
DEBUG util.py:463:  pkgconf-1.7.3-10.el9.armv6hl
DEBUG util.py:463:  pkgconf-pkg-config-1.7.3-10.el9.armv6hl
DEBUG util.py:463:  libseccomp-2.5.2-2.el9.redsleeve.armv6hl
DEBUG util.py:463:  libtool-ltdl-2.4.6-46.el9.armv6hl
DEBUG util.py:463:  libverto-0.3.2-3.el9.armv6hl
DEBUG util.py:463:  ncurses-6.2-12.20210508.el9.armv6hl
DEBUG util.py:463:  pcre-8.44-4.el9.armv6hl
DEBUG util.py:463:  grep-3.6-5.el9.armv6hl
DEBUG util.py:463:  openssl-fips-provider-3.5.5-6.el9_8.armv6hl
DEBUG util.py:463:  openssl-libs-3.5.5-6.el9_8.armv6hl
DEBUG util.py:463:  coreutils-8.32-41.el9_8.armv6hl
DEBUG util.py:463:  ca-certificates-2025.2.80_v9.0.305-91.el9.noarch
DEBUG util.py:463:  libblkid-2.37.4-25.el9.armv6hl
DEBUG util.py:463:  systemd-libs-252-67.el9_8.4.redsleeve.armv6hl
DEBUG util.py:463:  libmount-2.37.4-25.el9.armv6hl
DEBUG util.py:463:  krb5-libs-1.21.1-10.el9_8.armv6hl
DEBUG util.py:463:  libfdisk-2.37.4-25.el9.armv6hl
DEBUG util.py:463:  gzip-1.12-1.el9.armv6hl
DEBUG util.py:463:  cracklib-2.9.6-28.el9.armv6hl
DEBUG util.py:463:  libarchive-3.5.3-9.el9.armv6hl
DEBUG util.py:463:  xz-5.2.5-8.el9.armv6hl
DEBUG util.py:463:  cracklib-dicts-2.9.6-28.el9.armv6hl
DEBUG util.py:463:  perl-Digest-1.19-4.el9.noarch
DEBUG util.py:463:  perl-Digest-MD5-2.58-4.el9.armv6hl
DEBUG util.py:463:  perl-B-1.80-483.el9.armv6hl
DEBUG util.py:463:  perl-FileHandle-2.03-483.el9.noarch
DEBUG util.py:463:  perl-Data-Dumper-2.174-462.el9.armv6hl
DEBUG util.py:463:  perl-libnet-3.13-4.el9.noarch
DEBUG util.py:463:  perl-AutoLoader-5.74-483.el9.noarch
DEBUG util.py:463:  perl-base-2.27-483.el9.noarch
DEBUG util.py:463:  perl-URI-5.09-3.el9.noarch
DEBUG util.py:463:  perl-if-0.60.800-483.el9.noarch
DEBUG util.py:463:  perl-IO-Socket-IP-0.41-5.el9.noarch
DEBUG util.py:463:  perl-Time-Local-1.300-7.el9.noarch
DEBUG util.py:463:  perl-File-Path-2.18-4.el9.noarch
DEBUG util.py:463:  perl-IO-Socket-SSL-2.073-2.el9.noarch
DEBUG util.py:463:  perl-Net-SSLeay-1.94-3.el9.armv6hl
DEBUG util.py:463:  perl-Pod-Escapes-1.07-460.el9.noarch
DEBUG util.py:463:  perl-Text-Tabs+Wrap-2013.0523-460.el9.noarch
DEBUG util.py:463:  perl-Mozilla-CA-20200520-6.el9.noarch
DEBUG util.py:463:  perl-Class-Struct-0.66-483.el9.noarch
DEBUG util.py:463:  perl-POSIX-1.94-483.el9.armv6hl
DEBUG util.py:463:  perl-Term-ANSIColor-5.01-461.el9.noarch
DEBUG util.py:463:  perl-IPC-Open3-1.21-483.el9.noarch
DEBUG util.py:463:  perl-subs-1.03-483.el9.noarch
DEBUG util.py:463:  perl-File-Temp-0.231.100-4.el9.noarch
DEBUG util.py:463:  perl-Term-Cap-1.17-460.el9.noarch
DEBUG util.py:463:  perl-Pod-Simple-3.42-4.el9.noarch
DEBUG util.py:463:  perl-HTTP-Tiny-0.076-462.el9.noarch
DEBUG util.py:463:  perl-Socket-2.031-4.el9.armv6hl
DEBUG util.py:463:  perl-SelectSaver-1.02-483.el9.noarch
DEBUG util.py:463:  perl-Symbol-1.08-483.el9.noarch
DEBUG util.py:463:  perl-File-stat-1.09-483.el9.noarch
DEBUG util.py:463:  perl-podlators-4.14-460.el9.noarch
DEBUG util.py:463:  perl-Pod-Perldoc-3.28.01-461.el9.noarch
DEBUG util.py:463:  perl-Fcntl-1.13-483.el9.armv6hl
DEBUG util.py:463:  perl-Text-ParseWords-3.30-460.el9.noarch
DEBUG util.py:463:  perl-mro-1.23-483.el9.armv6hl
DEBUG util.py:463:  perl-IO-1.43-483.el9.armv6hl
DEBUG util.py:463:  perl-overloading-0.02-483.el9.noarch
DEBUG util.py:463:  perl-Pod-Usage-2.01-4.el9.noarch
DEBUG util.py:463:  perl-Errno-1.30-483.el9.armv6hl
DEBUG util.py:463:  perl-File-Basename-2.85-483.el9.noarch
DEBUG util.py:463:  perl-Getopt-Std-1.12-483.el9.noarch
DEBUG util.py:463:  perl-MIME-Base64-3.16-4.el9.armv6hl
DEBUG util.py:463:  perl-Scalar-List-Utils-1.56-462.el9.armv6hl
DEBUG util.py:463:  perl-constant-1.33-461.el9.noarch
DEBUG util.py:463:  perl-Storable-3.21-460.el9.armv6hl
DEBUG util.py:463:  perl-overload-1.31-483.el9.noarch
DEBUG util.py:463:  perl-parent-0.238-460.el9.noarch
DEBUG util.py:463:  perl-vars-1.05-483.el9.noarch
DEBUG util.py:463:  perl-Getopt-Long-2.52-4.el9.noarch
DEBUG util.py:463:  perl-Carp-1.50-460.el9.noarch
DEBUG util.py:463:  perl-Exporter-5.74-461.el9.noarch
DEBUG util.py:463:  perl-NDBM_File-1.15-483.el9.armv6hl
DEBUG util.py:463:  perl-PathTools-3.78-461.el9.armv6hl
DEBUG util.py:463:  perl-Encode-3.08-462.el9.armv6hl
DEBUG util.py:463:  perl-libs-5.32.1-483.el9.armv6hl
DEBUG util.py:463:  perl-interpreter-5.32.1-483.el9.armv6hl
DEBUG util.py:463:  kernel-srpm-macros-1.0-14.el9.noarch
DEBUG util.py:463:  cyrus-sasl-lib-2.1.27-22.el9.armv6hl
DEBUG util.py:463:  libssh-0.10.4-18.el9.armv6hl
DEBUG util.py:463:  util-linux-core-2.37.4-25.el9.armv6hl
DEBUG util.py:463:  openssl-3.5.5-6.el9_8.armv6hl
DEBUG util.py:463:  libpwquality-1.4.4-8.el9.armv6hl
DEBUG util.py:463:  pam-1.5.1-28.el9.armv6hl
DEBUG util.py:463:  util-linux-2.37.4-25.el9.armv6hl
DEBUG util.py:463:  kmod-libs-28-11.el9.armv6hl
DEBUG util.py:463:  dbus-1.12.20-8.el9.armv6hl
DEBUG util.py:463:  systemd-pam-252-67.el9_8.4.redsleeve.armv6hl
DEBUG util.py:463:  systemd-252-67.el9_8.4.redsleeve.armv6hl
DEBUG util.py:463:  dbus-common-1.12.20-8.el9.noarch
DEBUG util.py:463:  dbus-broker-28-8.el9.armv6hl
DEBUG util.py:463:  elfutils-default-yama-scope-0.194-1.el9.rocky.0.1.noarch
DEBUG util.py:463:  elfutils-libs-0.194-1.el9.rocky.0.1.armv6hl
DEBUG util.py:463:  libevent-2.1.12-8.el9.armv6hl
DEBUG util.py:463:  openldap-2.6.8-4.el9.0.1.armv6hl
DEBUG util.py:463:  libcurl-7.76.1-40.el9.armv6hl
DEBUG util.py:463:  elfutils-debuginfod-client-0.194-1.el9.rocky.0.1.armv6hl
DEBUG util.py:463:  binutils-gold-2.35.2-72.el9.redsleeve.armv6hl
DEBUG util.py:463:  binutils-2.35.2-72.el9.redsleeve.armv6hl
DEBUG util.py:463:  elfutils-0.194-1.el9.rocky.0.1.armv6hl
DEBUG util.py:463:  gdb-minimal-16.3-3.el9.armv6hl
DEBUG util.py:463:  debugedit-5.0-11.el9.armv6hl
DEBUG util.py:463:  curl-7.76.1-40.el9.armv6hl
DEBUG util.py:463:  rpm-4.16.1.3-40.el9.armv6hl
DEBUG util.py:463:  rpm-libs-4.16.1.3-40.el9.armv6hl
DEBUG util.py:463:  efi-srpm-macros-6-4.el9.noarch
DEBUG util.py:463:  lua-srpm-macros-1-6.el9.noarch
DEBUG util.py:463:  rpm-build-libs-4.16.1.3-40.el9.armv6hl
DEBUG util.py:463:  fonts-srpm-macros-2.0.5-7.el9.1.noarch
DEBUG util.py:463:  go-srpm-macros-3.8.1-1.el9.redsleeve.noarch
DEBUG util.py:463:  python-srpm-macros-3.9-54.el9.noarch
DEBUG util.py:463:  redhat-rpm-config-210-1.el9.redsleeve.noarch
DEBUG util.py:463:  rpm-build-4.16.1.3-40.el9.armv6hl
DEBUG util.py:463:  pyproject-srpm-macros-1.18.5-1.el9.noarch
DEBUG util.py:463:  which-2.21-30.el9.armv6hl
DEBUG util.py:463:  python3-setuptools-wheel-53.0.0-15.el9.noarch
DEBUG util.py:463:  python3-pip-wheel-21.3.1-2.el9_8.rocky.0.1.noarch
DEBUG util.py:463:  python3-libs-3.9.25-7.el9_8.2.redsleeve.armv6hl
DEBUG util.py:463:  python3-3.9.25-7.el9_8.2.redsleeve.armv6hl
DEBUG util.py:463:  python-unversioned-command-3.9.25-7.el9_8.2.redsleeve.noarch
DEBUG util.py:463:  openssh-9.9p1-9.el9_8.rocky.0.1.armv6hl
DEBUG util.py:463:  libedit-3.1-39.20210216cvs.el9.armv6hl
DEBUG util.py:463:  libcbor-0.7.0-5.el9.armv6hl
DEBUG util.py:463:  libfido2-1.13.0-2.el9.armv6hl
DEBUG util.py:463:  openssh-clients-9.9p1-9.el9_8.rocky.0.1.armv6hl
DEBUG util.py:463:  less-590-6.el9.armv6hl
DEBUG util.py:463:  git-core-2.52.0-1.el9.armv6hl
DEBUG util.py:463:  make-4.3-8.el9.armv6hl
DEBUG util.py:610:  Child return code was: 0
DEBUG util.py:185:  kill orphans in chroot /var/lib/mock/redsleeve-local-9-armv6hl/root
DEBUG util.py:185:  kill orphans in chroot /var/lib/mock/redsleeve-local-9-armv6hl-bootstrap/root/var/lib/mock/redsleeve-local-9-armv6hl/root
DEBUG util.py:636:  child environment: None
DEBUG util.py:558:  Executing command: ['/bin/umount', '-n', '-l', '/var/lib/mock/redsleeve-local-9-armv6hl-bootstrap/root/var/lib/mock/redsleeve-local-9-armv6hl/root'] with env {'TERM': 'vt100', 'SHELL': '/bin/sh', 'HOME': '/builddir', 'HOSTNAME': 'mock', 'PATH': '/usr/bin:/bin:/usr/sbin:/sbin', 'LANG': 'C.UTF-8'} and shell False
DEBUG util.py:610:  Child return code was: 0
DEBUG util.py:636:  child environment: None
DEBUG util.py:558:  Executing command: ['/bin/umount', '-n', '-l', '/var/lib/mock/redsleeve-local-9-armv6hl-bootstrap/root/var/lib/mock/redsleeve-local-9-armv6hl/root'] with env {'TERM': 'vt100', 'SHELL': '/bin/sh', 'HOME': '/builddir', 'HOSTNAME': 'mock', 'PATH': '/usr/bin:/bin:/usr/sbin:/sbin', 'LANG': 'C.UTF-8'} and shell False
DEBUG util.py:610:  Child return code was: 0
DEBUG util.py:636:  child environment: None
DEBUG file_util.py:17:  ensuring that dir exists: /var/lib/mock/redsleeve-local-9-armv6hl/root/proc
DEBUG util.py:636:  child environment: None
DEBUG util.py:558:  Executing command: ['/bin/mount', '-n', '-t', 'tmpfs', '-o', 'rprivate,mode=0755', 'tmpfs', '/var/lib/mock/redsleeve-local-9-armv6hl/root/proc'] with env {'TERM': 'vt100', 'SHELL': '/bin/sh', 'HOME': '/builddir', 'HOSTNAME': 'mock', 'PATH': '/usr/bin:/bin:/usr/sbin:/sbin', 'LANG': 'C.UTF-8'} and shell False
DEBUG util.py:610:  Child return code was: 0
DEBUG file_util.py:17:  ensuring that dir exists: /var/lib/mock/redsleeve-local-9-armv6hl/root/proc
DEBUG util.py:636:  child environment: None
DEBUG util.py:558:  Executing command: ['/bin/mount', '-n', '-o', 'rbind', '/proc', '/var/lib/mock/redsleeve-local-9-armv6hl/root/proc'] with env {'TERM': 'vt100', 'SHELL': '/bin/sh', 'HOME': '/builddir', 'HOSTNAME': 'mock', 'PATH': '/usr/bin:/bin:/usr/sbin:/sbin', 'LANG': 'C.UTF-8'} and shell False
DEBUG util.py:610:  Child return code was: 0
DEBUG util.py:636:  child environment: None
DEBUG util.py:558:  Executing command: ['/bin/mount', '-n', '-o', 'remount,nodev,noexec,nosuid,readonly,rprivate,rbind', '--target', '/var/lib/mock/redsleeve-local-9-armv6hl/root/proc'] with env {'TERM': 'vt100', 'SHELL': '/bin/sh', 'HOME': '/builddir', 'HOSTNAME': 'mock', 'PATH': '/usr/bin:/bin:/usr/sbin:/sbin', 'LANG': 'C.UTF-8'} and shell False
DEBUG util.py:610:  Child return code was: 0
DEBUG file_util.py:17:  ensuring that dir exists: /var/lib/mock/redsleeve-local-9-armv6hl/root/sys
DEBUG util.py:636:  child environment: None
DEBUG util.py:558:  Executing command: ['/bin/mount', '-n', '-t', 'tmpfs', '-o', 'rprivate,mode=0755', 'tmpfs', '/var/lib/mock/redsleeve-local-9-armv6hl/root/sys'] with env {'TERM': 'vt100', 'SHELL': '/bin/sh', 'HOME': '/builddir', 'HOSTNAME': 'mock', 'PATH': '/usr/bin:/bin:/usr/sbin:/sbin', 'LANG': 'C.UTF-8'} and shell False
DEBUG util.py:610:  Child return code was: 0
DEBUG file_util.py:17:  ensuring that dir exists: /var/lib/mock/redsleeve-local-9-armv6hl/root/sys
DEBUG util.py:636:  child environment: None
DEBUG util.py:558:  Executing command: ['/bin/mount', '-n', '-o', 'rbind', '/sys', '/var/lib/mock/redsleeve-local-9-armv6hl/root/sys'] with env {'TERM': 'vt100', 'SHELL': '/bin/sh', 'HOME': '/builddir', 'HOSTNAME': 'mock', 'PATH': '/usr/bin:/bin:/usr/sbin:/sbin', 'LANG': 'C.UTF-8'} and shell False
DEBUG util.py:610:  Child return code was: 0
DEBUG util.py:636:  child environment: None
DEBUG util.py:558:  Executing command: ['/bin/mount', '-n', '-o', 'remount,nodev,noexec,nosuid,readonly,rprivate,rbind', '--target', '/var/lib/mock/redsleeve-local-9-armv6hl/root/sys'] with env {'TERM': 'vt100', 'SHELL': '/bin/sh', 'HOME': '/builddir', 'HOSTNAME': 'mock', 'PATH': '/usr/bin:/bin:/usr/sbin:/sbin', 'LANG': 'C.UTF-8'} and shell False
DEBUG util.py:610:  Child return code was: 0
DEBUG file_util.py:17:  ensuring that dir exists: /var/lib/mock/redsleeve-local-9-armv6hl/root/dev/shm
DEBUG util.py:636:  child environment: None
DEBUG util.py:558:  Executing command: ['/bin/mount', '-n', '-t', 'tmpfs', 'tmpfs', '/var/lib/mock/redsleeve-local-9-armv6hl/root/dev/shm'] with env {'TERM': 'vt100', 'SHELL': '/bin/sh', 'HOME': '/builddir', 'HOSTNAME': 'mock', 'PATH': '/usr/bin:/bin:/usr/sbin:/sbin', 'LANG': 'C.UTF-8'} and shell False
DEBUG util.py:610:  Child return code was: 0
DEBUG file_util.py:17:  ensuring that dir exists: /var/lib/mock/redsleeve-local-9-armv6hl/root/dev/pts
DEBUG util.py:636:  child environment: None
DEBUG util.py:558:  Executing command: ['/bin/mount', '-n', '-t', 'devpts', '-o', 'gid=5,mode=0620,ptmxmode=0666,newinstance', 'devpts', '/var/lib/mock/redsleeve-local-9-armv6hl/root/dev/pts'] with env {'TERM': 'vt100', 'SHELL': '/bin/sh', 'HOME': '/builddir', 'HOSTNAME': 'mock', 'PATH': '/usr/bin:/bin:/usr/sbin:/sbin', 'LANG': 'C.UTF-8'} and shell False
DEBUG util.py:610:  Child return code was: 0
DEBUG file_util.py:17:  ensuring that dir exists: /var/lib/mock/redsleeve-local-9-armv6hl-bootstrap/root/var/lib/mock/redsleeve-local-9-armv6hl/root
DEBUG util.py:636:  child environment: None
DEBUG util.py:558:  Executing command: ['/bin/mount', '-n', '-t', 'tmpfs', '-o', 'private,mode=0755', 'tmpfs', '/var/lib/mock/redsleeve-local-9-armv6hl-bootstrap/root/var/lib/mock/redsleeve-local-9-armv6hl/root'] with env {'TERM': 'vt100', 'SHELL': '/bin/sh', 'HOME': '/builddir', 'HOSTNAME': 'mock', 'PATH': '/usr/bin:/bin:/usr/sbin:/sbin', 'LANG': 'C.UTF-8'} and shell False
DEBUG util.py:610:  Child return code was: 0
DEBUG file_util.py:17:  ensuring that dir exists: /var/lib/mock/redsleeve-local-9-armv6hl-bootstrap/root/var/lib/mock/redsleeve-local-9-armv6hl/root
DEBUG util.py:636:  child environment: None
DEBUG util.py:558:  Executing command: ['/bin/mount', '-n', '-o', 'rbind', '/var/lib/mock/redsleeve-local-9-armv6hl/root', '/var/lib/mock/redsleeve-local-9-armv6hl-bootstrap/root/var/lib/mock/redsleeve-local-9-armv6hl/root'] with env {'TERM': 'vt100', 'SHELL': '/bin/sh', 'HOME': '/builddir', 'HOSTNAME': 'mock', 'PATH': '/usr/bin:/bin:/usr/sbin:/sbin', 'LANG': 'C.UTF-8'} and shell False
DEBUG util.py:610:  Child return code was: 0
DEBUG util.py:636:  child environment: None
DEBUG util.py:558:  Executing command: ['/bin/mount', '-n', '-o', 'remount,private,rbind', '--target', '/var/lib/mock/redsleeve-local-9-armv6hl-bootstrap/root/var/lib/mock/redsleeve-local-9-armv6hl/root'] with env {'TERM': 'vt100', 'SHELL': '/bin/sh', 'HOME': '/builddir', 'HOSTNAME': 'mock', 'PATH': '/usr/bin:/bin:/usr/sbin:/sbin', 'LANG': 'C.UTF-8'} and shell False
DEBUG util.py:610:  Child return code was: 0
DEBUG file_util.py:17:  ensuring that dir exists: /var/lib/mock/redsleeve-local-9-armv6hl/root/installation-homedir
DEBUG package_manager.py:295:  ['/usr/bin/dnf-3', 'builddep', '--installroot', '/var/lib/mock/redsleeve-local-9-armv6hl/root/', '--releasever', '9', '--setopt=deltarpm=False', '--setopt=allow_vendor_change=yes', '--allowerasing', '--disableplugin=local', '--disableplugin=spacewalk', '--disableplugin=versionlock', '/var/lib/mock/redsleeve-local-9-armv6hl/root//builddir/build/SRPMS/linux-firmware-20260707-161.1.el9.redsleeve.src.rpm']
DEBUG util.py:636:  child environment: None
DEBUG util.py:553:  Using nspawn with args ['--capability=cap_ipc_lock', '--bind=/tmp/mock-resolv.eyycn_pt:/etc/resolv.conf']
DEBUG util.py:558:  Executing command: ['/usr/bin/systemd-nspawn', '-q', '-M', '055e64539b634800b49599e7f2b9bb97', '-D', '/var/lib/mock/redsleeve-local-9-armv6hl-bootstrap/root', '-a', '--capability=cap_ipc_lock', '--bind=/tmp/mock-resolv.eyycn_pt:/etc/resolv.conf', '--console=pipe', '--setenv=TERM=vt100', '--setenv=SHELL=/bin/bash', '--setenv=HOME=/var/lib/mock/redsleeve-local-9-armv6hl/root/installation-homedir', '--setenv=HOSTNAME=mock', '--setenv=PATH=/usr/bin:/bin:/usr/sbin:/sbin', '--setenv=PROMPT_COMMAND=printf "\\033]0;<mock-chroot>\\007"', '--setenv=PS1=<mock-chroot> \\s-\\v\\$ ', '--setenv=LANG=C.UTF-8', '--setenv=LC_MESSAGES=C.UTF-8', '--resolv-conf=off', '/usr/bin/dnf-3', 'builddep', '--installroot', '/var/lib/mock/redsleeve-local-9-armv6hl/root/', '--releasever', '9', '--setopt=deltarpm=False', '--setopt=allow_vendor_change=yes', '--allowerasing', '--disableplugin=local', '--disableplugin=spacewalk', '--disableplugin=versionlock', '/var/lib/mock/redsleeve-local-9-armv6hl/root//builddir/build/SRPMS/linux-firmware-20260707-161.1.el9.redsleeve.src.rpm'] with env {'TERM': 'vt100', 'SHELL': '/bin/bash', 'HOME': '/var/lib/mock/redsleeve-local-9-armv6hl/root/installation-homedir', 'HOSTNAME': 'mock', 'PATH': '/usr/bin:/bin:/usr/sbin:/sbin', 'PROMPT_COMMAND': 'printf "\\033]0;<mock-chroot>\\007"', 'PS1': '<mock-chroot> \\s-\\v\\$ ', 'LANG': 'C.UTF-8', 'LC_MESSAGES': 'C.UTF-8', 'SYSTEMD_NSPAWN_TMPFS_TMP': '0', 'SYSTEMD_SECCOMP': '0'} and shell False
DEBUG util.py:461:  No matches found for the following disable plugin patterns: local, spacewalk, versionlock
DEBUG util.py:463:  Last metadata expiration check: 0:04:55 ago on Sun Aug  9 07:38:28 2026.
DEBUG util.py:463:  Package git-core-2.52.0-1.el9.armv6hl is already installed.
DEBUG util.py:463:  Package make-1:4.3-8.el9.armv6hl is already installed.
DEBUG util.py:463:  Package python3-3.9.25-7.el9_8.2.redsleeve.armv6hl is already installed.
DEBUG util.py:463:  Dependencies resolved.
DEBUG util.py:463:  Nothing to do.
DEBUG util.py:463:  Complete!
DEBUG util.py:610:  Child return code was: 0
DEBUG util.py:185:  kill orphans in chroot /var/lib/mock/redsleeve-local-9-armv6hl/root
DEBUG util.py:185:  kill orphans in chroot /var/lib/mock/redsleeve-local-9-armv6hl-bootstrap/root/var/lib/mock/redsleeve-local-9-armv6hl/root
DEBUG util.py:636:  child environment: None
DEBUG util.py:558:  Executing command: ['/bin/umount', '-n', '-l', '/var/lib/mock/redsleeve-local-9-armv6hl-bootstrap/root/var/lib/mock/redsleeve-local-9-armv6hl/root'] with env {'TERM': 'vt100', 'SHELL': '/bin/sh', 'HOME': '/builddir', 'HOSTNAME': 'mock', 'PATH': '/usr/bin:/bin:/usr/sbin:/sbin', 'LANG': 'C.UTF-8'} and shell False
DEBUG util.py:610:  Child return code was: 0
DEBUG util.py:636:  child environment: None
DEBUG util.py:558:  Executing command: ['/bin/umount', '-n', '-l', '/var/lib/mock/redsleeve-local-9-armv6hl-bootstrap/root/var/lib/mock/redsleeve-local-9-armv6hl/root'] with env {'TERM': 'vt100', 'SHELL': '/bin/sh', 'HOME': '/builddir', 'HOSTNAME': 'mock', 'PATH': '/usr/bin:/bin:/usr/sbin:/sbin', 'LANG': 'C.UTF-8'} and shell False
DEBUG util.py:610:  Child return code was: 0
DEBUG util.py:636:  child environment: None
DEBUG util.py:558:  Executing command: ['/bin/umount', '-n', '-l', '/var/lib/mock/redsleeve-local-9-armv6hl/root/dev/pts'] with env {'TERM': 'vt100', 'SHELL': '/bin/sh', 'HOME': '/builddir', 'HOSTNAME': 'mock', 'PATH': '/usr/bin:/bin:/usr/sbin:/sbin', 'LANG': 'C.UTF-8'} and shell False
DEBUG util.py:610:  Child return code was: 0
DEBUG util.py:636:  child environment: None
DEBUG util.py:558:  Executing command: ['/bin/umount', '-n', '-l', '/var/lib/mock/redsleeve-local-9-armv6hl/root/dev/shm'] with env {'TERM': 'vt100', 'SHELL': '/bin/sh', 'HOME': '/builddir', 'HOSTNAME': 'mock', 'PATH': '/usr/bin:/bin:/usr/sbin:/sbin', 'LANG': 'C.UTF-8'} and shell False
DEBUG util.py:610:  Child return code was: 0
DEBUG util.py:636:  child environment: None
DEBUG util.py:558:  Executing command: ['/bin/umount', '-n', '-l', '/var/lib/mock/redsleeve-local-9-armv6hl/root/sys'] with env {'TERM': 'vt100', 'SHELL': '/bin/sh', 'HOME': '/builddir', 'HOSTNAME': 'mock', 'PATH': '/usr/bin:/bin:/usr/sbin:/sbin', 'LANG': 'C.UTF-8'} and shell False
DEBUG util.py:610:  Child return code was: 0
DEBUG util.py:636:  child environment: None
DEBUG util.py:558:  Executing command: ['/bin/umount', '-n', '-l', '/var/lib/mock/redsleeve-local-9-armv6hl/root/sys'] with env {'TERM': 'vt100', 'SHELL': '/bin/sh', 'HOME': '/builddir', 'HOSTNAME': 'mock', 'PATH': '/usr/bin:/bin:/usr/sbin:/sbin', 'LANG': 'C.UTF-8'} and shell False
DEBUG util.py:610:  Child return code was: 0
DEBUG util.py:636:  child environment: None
DEBUG util.py:558:  Executing command: ['/bin/umount', '-n', '-l', '/var/lib/mock/redsleeve-local-9-armv6hl/root/proc'] with env {'TERM': 'vt100', 'SHELL': '/bin/sh', 'HOME': '/builddir', 'HOSTNAME': 'mock', 'PATH': '/usr/bin:/bin:/usr/sbin:/sbin', 'LANG': 'C.UTF-8'} and shell False
DEBUG util.py:610:  Child return code was: 0
DEBUG util.py:636:  child environment: None
DEBUG util.py:558:  Executing command: ['/bin/umount', '-n', '-l', '/var/lib/mock/redsleeve-local-9-armv6hl/root/proc'] with env {'TERM': 'vt100', 'SHELL': '/bin/sh', 'HOME': '/builddir', 'HOSTNAME': 'mock', 'PATH': '/usr/bin:/bin:/usr/sbin:/sbin', 'LANG': 'C.UTF-8'} and shell False
DEBUG util.py:610:  Child return code was: 0
DEBUG file_util.py:17:  ensuring that dir exists: /var/lib/mock/redsleeve-local-9-armv6hl-bootstrap/root/var/lib/mock/redsleeve-local-9-armv6hl/root
DEBUG util.py:636:  child environment: None
DEBUG util.py:558:  Executing command: ['/bin/mount', '-n', '-t', 'tmpfs', '-o', 'private,mode=0755', 'tmpfs', '/var/lib/mock/redsleeve-local-9-armv6hl-bootstrap/root/var/lib/mock/redsleeve-local-9-armv6hl/root'] with env {'TERM': 'vt100', 'SHELL': '/bin/sh', 'HOME': '/builddir', 'HOSTNAME': 'mock', 'PATH': '/usr/bin:/bin:/usr/sbin:/sbin', 'LANG': 'C.UTF-8'} and shell False
DEBUG util.py:610:  Child return code was: 0
DEBUG file_util.py:17:  ensuring that dir exists: /var/lib/mock/redsleeve-local-9-armv6hl-bootstrap/root/var/lib/mock/redsleeve-local-9-armv6hl/root
DEBUG util.py:636:  child environment: None
DEBUG util.py:558:  Executing command: ['/bin/mount', '-n', '-o', 'rbind', '/var/lib/mock/redsleeve-local-9-armv6hl/root', '/var/lib/mock/redsleeve-local-9-armv6hl-bootstrap/root/var/lib/mock/redsleeve-local-9-armv6hl/root'] with env {'TERM': 'vt100', 'SHELL': '/bin/sh', 'HOME': '/builddir', 'HOSTNAME': 'mock', 'PATH': '/usr/bin:/bin:/usr/sbin:/sbin', 'LANG': 'C.UTF-8'} and shell False
DEBUG util.py:610:  Child return code was: 0
DEBUG util.py:636:  child environment: None
DEBUG util.py:558:  Executing command: ['/bin/mount', '-n', '-o', 'remount,private,rbind', '--target', '/var/lib/mock/redsleeve-local-9-armv6hl-bootstrap/root/var/lib/mock/redsleeve-local-9-armv6hl/root'] with env {'TERM': 'vt100', 'SHELL': '/bin/sh', 'HOME': '/builddir', 'HOSTNAME': 'mock', 'PATH': '/usr/bin:/bin:/usr/sbin:/sbin', 'LANG': 'C.UTF-8'} and shell False
DEBUG util.py:610:  Child return code was: 0
DEBUG util.py:636:  child environment: None
DEBUG util.py:553:  Using nspawn with args ['--capability=cap_ipc_lock', '--bind=/tmp/mock-resolv.eyycn_pt:/etc/resolv.conf']
DEBUG util.py:558:  Executing command: ['/usr/bin/systemd-nspawn', '-q', '-M', 'c0126ec1c10447ae9d7f716c686167e6', '-D', '/var/lib/mock/redsleeve-local-9-armv6hl-bootstrap/root', '-a', '--capability=cap_ipc_lock', '--bind=/tmp/mock-resolv.eyycn_pt:/etc/resolv.conf', '--console=pipe', '--setenv=TERM=vt100', '--setenv=SHELL=/bin/bash', '--setenv=HOME=/builddir', '--setenv=HOSTNAME=mock', '--setenv=PATH=/usr/bin:/bin:/usr/sbin:/sbin', '--setenv=PROMPT_COMMAND=printf "\\033]0;<mock-chroot>\\007"', '--setenv=PS1=<mock-chroot> \\s-\\v\\$ ', '--setenv=LANG=C.UTF-8', '--resolv-conf=off', '/bin/rpm', '-qa', '--root', '/var/lib/mock/redsleeve-local-9-armv6hl/root'] with env {'TERM': 'vt100', 'SHELL': '/bin/bash', 'HOME': '/builddir', 'HOSTNAME': 'mock', 'PATH': '/usr/bin:/bin:/usr/sbin:/sbin', 'PROMPT_COMMAND': 'printf "\\033]0;<mock-chroot>\\007"', 'PS1': '<mock-chroot> \\s-\\v\\$ ', 'LANG': 'C.UTF-8', 'SYSTEMD_NSPAWN_TMPFS_TMP': '0', 'SYSTEMD_SECCOMP': '0'} and shell False
DEBUG util.py:463:  gpg-pubkey-2f00d701-6317b177
DEBUG util.py:463:  rust-srpm-macros-17-4.el9.redsleeve.noarch
DEBUG util.py:463:  qt5-srpm-macros-5.15.9-1.el9.noarch
DEBUG util.py:463:  perl-srpm-macros-1-41.el9.noarch
DEBUG util.py:463:  openblas-srpm-macros-2-11.el9.redsleeve.noarch
DEBUG util.py:463:  ocaml-srpm-macros-6-6.el9.noarch
DEBUG util.py:463:  ghc-srpm-macros-1.5.0-6.el9.noarch
DEBUG util.py:463:  tzdata-2026c-1.el9_8.noarch
DEBUG util.py:463:  publicsuffix-list-dafsa-20210518-3.el9.noarch
DEBUG util.py:463:  pkgconf-m4-1.7.3-10.el9.noarch
DEBUG util.py:463:  pcre2-syntax-10.40-6.el9.noarch
DEBUG util.py:463:  ncurses-base-6.2-12.20210508.el9.noarch
DEBUG util.py:463:  libssh-config-0.10.4-18.el9.noarch
DEBUG util.py:463:  gawk-all-langpacks-5.1.0-6.el9.armv6hl
DEBUG util.py:463:  coreutils-common-8.32-41.el9_8.armv6hl
DEBUG util.py:463:  ncurses-libs-6.2-12.20210508.el9.armv6hl
DEBUG util.py:463:  redsleeve-release-9.8-0.el9.noarch
DEBUG util.py:463:  setup-2.13.7-10.el9.noarch
DEBUG util.py:463:  filesystem-3.16-5.el9.armv6hl
DEBUG util.py:463:  basesystem-11-13.el9.0.1.noarch
DEBUG util.py:463:  bash-5.1.8-9.el9.armv6hl
DEBUG util.py:463:  libgcc-11.5.0-14.el9.redsleeve.armv6hl
DEBUG util.py:463:  glibc-gconv-extra-2.34-275.el9_8.redsleeve.armv6hl
DEBUG util.py:463:  glibc-minimal-langpack-2.34-275.el9_8.redsleeve.armv6hl
DEBUG util.py:463:  glibc-common-2.34-275.el9_8.redsleeve.armv6hl
DEBUG util.py:463:  glibc-2.34-275.el9_8.redsleeve.armv6hl
DEBUG util.py:463:  crypto-policies-20260224-1.gitea0f072.el9.noarch
DEBUG util.py:463:  systemd-rpm-macros-252-67.el9_8.4.redsleeve.noarch
DEBUG util.py:463:  zlib-1.2.11-40.el9.armv6hl
DEBUG util.py:463:  xz-libs-5.2.5-8.el9.armv6hl
DEBUG util.py:463:  bzip2-libs-1.0.8-11.el9.armv6hl
DEBUG util.py:463:  libacl-2.4.0-1.el9_8.armv6hl
DEBUG util.py:463:  libzstd-1.5.5-1.el9.armv6hl
DEBUG util.py:463:  libxcrypt-4.4.18-3.el9.armv6hl
DEBUG util.py:463:  elfutils-libelf-0.194-1.el9.rocky.0.1.armv6hl
DEBUG util.py:463:  libcap-2.48-10.el9.1.armv6hl
DEBUG util.py:463:  libstdc++-11.5.0-14.el9.redsleeve.armv6hl
DEBUG util.py:463:  libuuid-2.37.4-25.el9.armv6hl
DEBUG util.py:463:  gmp-6.2.0-13.el9.armv6hl
DEBUG util.py:463:  lz4-libs-1.9.3-5.el9.armv6hl
DEBUG util.py:463:  popt-1.18-8.el9.armv6hl
DEBUG util.py:463:  libattr-2.5.1-3.el9.armv6hl
DEBUG util.py:463:  libcap-ng-0.8.2-7.el9.armv6hl
DEBUG util.py:463:  audit-libs-3.1.5-8.el9.armv6hl
DEBUG util.py:463:  libcom_err-1.46.5-8.el9.armv6hl
DEBUG util.py:463:  readline-8.1-4.el9.armv6hl
DEBUG util.py:463:  mpfr-4.1.0-10.el9.armv6hl
DEBUG util.py:463:  dwz-0.16-1.el9.armv6hl
DEBUG util.py:463:  unzip-6.0-60.el9_8.armv6hl
DEBUG util.py:463:  file-libs-5.39-17.el9.armv6hl
DEBUG util.py:463:  file-5.39-17.el9.armv6hl
DEBUG util.py:463:  sqlite-libs-3.34.1-10.el9_8.armv6hl
DEBUG util.py:463:  alternatives-1.24-2.el9.armv6hl
DEBUG util.py:463:  gdbm-libs-1.23-1.el9.armv6hl
DEBUG util.py:463:  libatomic-11.5.0-14.el9.redsleeve.armv6hl
DEBUG util.py:463:  libffi-3.4.2-8.el9.armv6hl
DEBUG util.py:463:  libsepol-3.6-3.el9.armv6hl
DEBUG util.py:463:  libsigsegv-2.13-4.el9.armv6hl
DEBUG util.py:463:  gawk-5.1.0-6.el9.armv6hl
DEBUG util.py:463:  libsmartcols-2.37.4-25.el9.armv6hl
DEBUG util.py:463:  libtasn1-4.16.0-10.el9_8.redsleeve.armv6hl
DEBUG util.py:463:  p11-kit-0.26.4-1.el9_8.armv6hl
DEBUG util.py:463:  libunistring-0.9.10-15.el9.armv6hl
DEBUG util.py:463:  libidn2-2.3.0-7.el9.armv6hl
DEBUG util.py:463:  lua-libs-5.4.4-4.el9.armv6hl
DEBUG util.py:463:  pcre2-10.40-6.el9.armv6hl
DEBUG util.py:463:  libselinux-3.6-3.el9.armv6hl
DEBUG util.py:463:  sed-4.8-10.el9_8.armv6hl
DEBUG util.py:463:  findutils-4.8.0-7.el9.armv6hl
DEBUG util.py:463:  libsemanage-3.6-5.el9.armv6hl
DEBUG util.py:463:  shadow-utils-4.9-16.el9.armv6hl
DEBUG util.py:463:  libutempter-1.2.1-6.el9.armv6hl
DEBUG util.py:463:  tar-1.34-11.el9.armv6hl
DEBUG util.py:463:  libpsl-0.21.1-5.el9.armv6hl
DEBUG util.py:463:  p11-kit-trust-0.26.4-1.el9_8.armv6hl
DEBUG util.py:463:  zip-3.0-35.el9.armv6hl
DEBUG util.py:463:  zstd-1.5.5-1.el9.armv6hl
DEBUG util.py:463:  groff-base-1.22.4-10.el9.armv6hl
DEBUG util.py:463:  acl-2.4.0-1.el9_8.armv6hl
DEBUG util.py:463:  bzip2-1.0.8-11.el9.armv6hl
DEBUG util.py:463:  libxml2-2.9.13-14.el9_8.2.armv6hl
DEBUG util.py:463:  info-6.7-15.el9.armv6hl
DEBUG util.py:463:  ed-1.14.2-12.el9.armv6hl
DEBUG util.py:463:  patch-2.7.6-16.el9.armv6hl
DEBUG util.py:463:  cpio-2.13-16.el9.armv6hl
DEBUG util.py:463:  diffutils-3.7-12.el9.armv6hl
DEBUG util.py:463:  expat-2.5.0-6.el9_8.1.armv6hl
DEBUG util.py:463:  json-c-0.14-11.el9.armv6hl
DEBUG util.py:463:  keyutils-libs-1.6.3-1.el9.armv6hl
DEBUG util.py:463:  libbrotli-1.0.9-9.el9.armv6hl
DEBUG util.py:463:  libdb-5.3.28-57.el9.armv6hl
DEBUG util.py:463:  libeconf-0.4.1-7.el9_8.armv6hl
DEBUG util.py:463:  libgomp-11.5.0-14.el9.redsleeve.armv6hl
DEBUG util.py:463:  libgpg-error-1.42-5.el9.armv6hl
DEBUG util.py:463:  libgcrypt-1.10.0-13.el9_8.armv6hl
DEBUG util.py:463:  libnghttp2-1.43.0-6.el9.1.armv6hl
DEBUG util.py:463:  libpkgconf-1.7.3-10.el9.armv6hl
DEBUG util.py:463:  pkgconf-1.7.3-10.el9.armv6hl
DEBUG util.py:463:  pkgconf-pkg-config-1.7.3-10.el9.armv6hl
DEBUG util.py:463:  libseccomp-2.5.2-2.el9.redsleeve.armv6hl
DEBUG util.py:463:  libtool-ltdl-2.4.6-46.el9.armv6hl
DEBUG util.py:463:  libverto-0.3.2-3.el9.armv6hl
DEBUG util.py:463:  ncurses-6.2-12.20210508.el9.armv6hl
DEBUG util.py:463:  pcre-8.44-4.el9.armv6hl
DEBUG util.py:463:  grep-3.6-5.el9.armv6hl
DEBUG util.py:463:  openssl-fips-provider-3.5.5-6.el9_8.armv6hl
DEBUG util.py:463:  openssl-libs-3.5.5-6.el9_8.armv6hl
DEBUG util.py:463:  coreutils-8.32-41.el9_8.armv6hl
DEBUG util.py:463:  ca-certificates-2025.2.80_v9.0.305-91.el9.noarch
DEBUG util.py:463:  libblkid-2.37.4-25.el9.armv6hl
DEBUG util.py:463:  systemd-libs-252-67.el9_8.4.redsleeve.armv6hl
DEBUG util.py:463:  libmount-2.37.4-25.el9.armv6hl
DEBUG util.py:463:  krb5-libs-1.21.1-10.el9_8.armv6hl
DEBUG util.py:463:  libfdisk-2.37.4-25.el9.armv6hl
DEBUG util.py:463:  gzip-1.12-1.el9.armv6hl
DEBUG util.py:463:  cracklib-2.9.6-28.el9.armv6hl
DEBUG util.py:463:  libarchive-3.5.3-9.el9.armv6hl
DEBUG util.py:463:  xz-5.2.5-8.el9.armv6hl
DEBUG util.py:463:  cracklib-dicts-2.9.6-28.el9.armv6hl
DEBUG util.py:463:  perl-Digest-1.19-4.el9.noarch
DEBUG util.py:463:  perl-Digest-MD5-2.58-4.el9.armv6hl
DEBUG util.py:463:  perl-B-1.80-483.el9.armv6hl
DEBUG util.py:463:  perl-FileHandle-2.03-483.el9.noarch
DEBUG util.py:463:  perl-Data-Dumper-2.174-462.el9.armv6hl
DEBUG util.py:463:  perl-libnet-3.13-4.el9.noarch
DEBUG util.py:463:  perl-AutoLoader-5.74-483.el9.noarch
DEBUG util.py:463:  perl-base-2.27-483.el9.noarch
DEBUG util.py:463:  perl-URI-5.09-3.el9.noarch
DEBUG util.py:463:  perl-if-0.60.800-483.el9.noarch
DEBUG util.py:463:  perl-IO-Socket-IP-0.41-5.el9.noarch
DEBUG util.py:463:  perl-Time-Local-1.300-7.el9.noarch
DEBUG util.py:463:  perl-File-Path-2.18-4.el9.noarch
DEBUG util.py:463:  perl-IO-Socket-SSL-2.073-2.el9.noarch
DEBUG util.py:463:  perl-Net-SSLeay-1.94-3.el9.armv6hl
DEBUG util.py:463:  perl-Pod-Escapes-1.07-460.el9.noarch
DEBUG util.py:463:  perl-Text-Tabs+Wrap-2013.0523-460.el9.noarch
DEBUG util.py:463:  perl-Mozilla-CA-20200520-6.el9.noarch
DEBUG util.py:463:  perl-Class-Struct-0.66-483.el9.noarch
DEBUG util.py:463:  perl-POSIX-1.94-483.el9.armv6hl
DEBUG util.py:463:  perl-Term-ANSIColor-5.01-461.el9.noarch
DEBUG util.py:463:  perl-IPC-Open3-1.21-483.el9.noarch
DEBUG util.py:463:  perl-subs-1.03-483.el9.noarch
DEBUG util.py:463:  perl-File-Temp-0.231.100-4.el9.noarch
DEBUG util.py:463:  perl-Term-Cap-1.17-460.el9.noarch
DEBUG util.py:463:  perl-Pod-Simple-3.42-4.el9.noarch
DEBUG util.py:463:  perl-HTTP-Tiny-0.076-462.el9.noarch
DEBUG util.py:463:  perl-Socket-2.031-4.el9.armv6hl
DEBUG util.py:463:  perl-SelectSaver-1.02-483.el9.noarch
DEBUG util.py:463:  perl-Symbol-1.08-483.el9.noarch
DEBUG util.py:463:  perl-File-stat-1.09-483.el9.noarch
DEBUG util.py:463:  perl-podlators-4.14-460.el9.noarch
DEBUG util.py:463:  perl-Pod-Perldoc-3.28.01-461.el9.noarch
DEBUG util.py:463:  perl-Fcntl-1.13-483.el9.armv6hl
DEBUG util.py:463:  perl-Text-ParseWords-3.30-460.el9.noarch
DEBUG util.py:463:  perl-mro-1.23-483.el9.armv6hl
DEBUG util.py:463:  perl-IO-1.43-483.el9.armv6hl
DEBUG util.py:463:  perl-overloading-0.02-483.el9.noarch
DEBUG util.py:463:  perl-Pod-Usage-2.01-4.el9.noarch
DEBUG util.py:463:  perl-Errno-1.30-483.el9.armv6hl
DEBUG util.py:463:  perl-File-Basename-2.85-483.el9.noarch
DEBUG util.py:463:  perl-Getopt-Std-1.12-483.el9.noarch
DEBUG util.py:463:  perl-MIME-Base64-3.16-4.el9.armv6hl
DEBUG util.py:463:  perl-Scalar-List-Utils-1.56-462.el9.armv6hl
DEBUG util.py:463:  perl-constant-1.33-461.el9.noarch
DEBUG util.py:463:  perl-Storable-3.21-460.el9.armv6hl
DEBUG util.py:463:  perl-overload-1.31-483.el9.noarch
DEBUG util.py:463:  perl-parent-0.238-460.el9.noarch
DEBUG util.py:463:  perl-vars-1.05-483.el9.noarch
DEBUG util.py:463:  perl-Getopt-Long-2.52-4.el9.noarch
DEBUG util.py:463:  perl-Carp-1.50-460.el9.noarch
DEBUG util.py:463:  perl-Exporter-5.74-461.el9.noarch
DEBUG util.py:463:  perl-NDBM_File-1.15-483.el9.armv6hl
DEBUG util.py:463:  perl-PathTools-3.78-461.el9.armv6hl
DEBUG util.py:463:  perl-Encode-3.08-462.el9.armv6hl
DEBUG util.py:463:  perl-libs-5.32.1-483.el9.armv6hl
DEBUG util.py:463:  perl-interpreter-5.32.1-483.el9.armv6hl
DEBUG util.py:463:  kernel-srpm-macros-1.0-14.el9.noarch
DEBUG util.py:463:  cyrus-sasl-lib-2.1.27-22.el9.armv6hl
DEBUG util.py:463:  libssh-0.10.4-18.el9.armv6hl
DEBUG util.py:463:  util-linux-core-2.37.4-25.el9.armv6hl
DEBUG util.py:463:  openssl-3.5.5-6.el9_8.armv6hl
DEBUG util.py:463:  libpwquality-1.4.4-8.el9.armv6hl
DEBUG util.py:463:  pam-1.5.1-28.el9.armv6hl
DEBUG util.py:463:  util-linux-2.37.4-25.el9.armv6hl
DEBUG util.py:463:  kmod-libs-28-11.el9.armv6hl
DEBUG util.py:463:  dbus-1.12.20-8.el9.armv6hl
DEBUG util.py:463:  systemd-pam-252-67.el9_8.4.redsleeve.armv6hl
DEBUG util.py:463:  systemd-252-67.el9_8.4.redsleeve.armv6hl
DEBUG util.py:463:  dbus-common-1.12.20-8.el9.noarch
DEBUG util.py:463:  dbus-broker-28-8.el9.armv6hl
DEBUG util.py:463:  elfutils-default-yama-scope-0.194-1.el9.rocky.0.1.noarch
DEBUG util.py:463:  elfutils-libs-0.194-1.el9.rocky.0.1.armv6hl
DEBUG util.py:463:  libevent-2.1.12-8.el9.armv6hl
DEBUG util.py:463:  openldap-2.6.8-4.el9.0.1.armv6hl
DEBUG util.py:463:  libcurl-7.76.1-40.el9.armv6hl
DEBUG util.py:463:  elfutils-debuginfod-client-0.194-1.el9.rocky.0.1.armv6hl
DEBUG util.py:463:  binutils-gold-2.35.2-72.el9.redsleeve.armv6hl
DEBUG util.py:463:  binutils-2.35.2-72.el9.redsleeve.armv6hl
DEBUG util.py:463:  elfutils-0.194-1.el9.rocky.0.1.armv6hl
DEBUG util.py:463:  gdb-minimal-16.3-3.el9.armv6hl
DEBUG util.py:463:  debugedit-5.0-11.el9.armv6hl
DEBUG util.py:463:  curl-7.76.1-40.el9.armv6hl
DEBUG util.py:463:  rpm-4.16.1.3-40.el9.armv6hl
DEBUG util.py:463:  rpm-libs-4.16.1.3-40.el9.armv6hl
DEBUG util.py:463:  efi-srpm-macros-6-4.el9.noarch
DEBUG util.py:463:  lua-srpm-macros-1-6.el9.noarch
DEBUG util.py:463:  rpm-build-libs-4.16.1.3-40.el9.armv6hl
DEBUG util.py:463:  fonts-srpm-macros-2.0.5-7.el9.1.noarch
DEBUG util.py:463:  go-srpm-macros-3.8.1-1.el9.redsleeve.noarch
DEBUG util.py:463:  python-srpm-macros-3.9-54.el9.noarch
DEBUG util.py:463:  redhat-rpm-config-210-1.el9.redsleeve.noarch
DEBUG util.py:463:  rpm-build-4.16.1.3-40.el9.armv6hl
DEBUG util.py:463:  pyproject-srpm-macros-1.18.5-1.el9.noarch
DEBUG util.py:463:  which-2.21-30.el9.armv6hl
DEBUG util.py:463:  python3-setuptools-wheel-53.0.0-15.el9.noarch
DEBUG util.py:463:  python3-pip-wheel-21.3.1-2.el9_8.rocky.0.1.noarch
DEBUG util.py:463:  python3-libs-3.9.25-7.el9_8.2.redsleeve.armv6hl
DEBUG util.py:463:  python3-3.9.25-7.el9_8.2.redsleeve.armv6hl
DEBUG util.py:463:  python-unversioned-command-3.9.25-7.el9_8.2.redsleeve.noarch
DEBUG util.py:463:  openssh-9.9p1-9.el9_8.rocky.0.1.armv6hl
DEBUG util.py:463:  libedit-3.1-39.20210216cvs.el9.armv6hl
DEBUG util.py:463:  libcbor-0.7.0-5.el9.armv6hl
DEBUG util.py:463:  libfido2-1.13.0-2.el9.armv6hl
DEBUG util.py:463:  openssh-clients-9.9p1-9.el9_8.rocky.0.1.armv6hl
DEBUG util.py:463:  less-590-6.el9.armv6hl
DEBUG util.py:463:  git-core-2.52.0-1.el9.armv6hl
DEBUG util.py:463:  make-4.3-8.el9.armv6hl
DEBUG util.py:610:  Child return code was: 0
DEBUG util.py:185:  kill orphans in chroot /var/lib/mock/redsleeve-local-9-armv6hl/root
DEBUG util.py:185:  kill orphans in chroot /var/lib/mock/redsleeve-local-9-armv6hl-bootstrap/root/var/lib/mock/redsleeve-local-9-armv6hl/root
DEBUG util.py:636:  child environment: None
DEBUG util.py:558:  Executing command: ['/bin/umount', '-n', '-l', '/var/lib/mock/redsleeve-local-9-armv6hl-bootstrap/root/var/lib/mock/redsleeve-local-9-armv6hl/root'] with env {'TERM': 'vt100', 'SHELL': '/bin/sh', 'HOME': '/builddir', 'HOSTNAME': 'mock', 'PATH': '/usr/bin:/bin:/usr/sbin:/sbin', 'LANG': 'C.UTF-8'} and shell False
DEBUG util.py:610:  Child return code was: 0
DEBUG util.py:636:  child environment: None
DEBUG util.py:558:  Executing command: ['/bin/umount', '-n', '-l', '/var/lib/mock/redsleeve-local-9-armv6hl-bootstrap/root/var/lib/mock/redsleeve-local-9-armv6hl/root'] with env {'TERM': 'vt100', 'SHELL': '/bin/sh', 'HOME': '/builddir', 'HOSTNAME': 'mock', 'PATH': '/usr/bin:/bin:/usr/sbin:/sbin', 'LANG': 'C.UTF-8'} and shell False
DEBUG util.py:610:  Child return code was: 0
DEBUG file_util.py:17:  ensuring that dir exists: /var/lib/mock/redsleeve-local-9-armv6hl-bootstrap/root/var/lib/mock/redsleeve-local-9-armv6hl/root
DEBUG util.py:636:  child environment: None
DEBUG util.py:558:  Executing command: ['/bin/mount', '-n', '-t', 'tmpfs', '-o', 'private,mode=0755', 'tmpfs', '/var/lib/mock/redsleeve-local-9-armv6hl-bootstrap/root/var/lib/mock/redsleeve-local-9-armv6hl/root'] with env {'TERM': 'vt100', 'SHELL': '/bin/sh', 'HOME': '/builddir', 'HOSTNAME': 'mock', 'PATH': '/usr/bin:/bin:/usr/sbin:/sbin', 'LANG': 'C.UTF-8'} and shell False
DEBUG util.py:610:  Child return code was: 0
DEBUG file_util.py:17:  ensuring that dir exists: /var/lib/mock/redsleeve-local-9-armv6hl-bootstrap/root/var/lib/mock/redsleeve-local-9-armv6hl/root
DEBUG util.py:636:  child environment: None
DEBUG util.py:558:  Executing command: ['/bin/mount', '-n', '-o', 'rbind', '/var/lib/mock/redsleeve-local-9-armv6hl/root', '/var/lib/mock/redsleeve-local-9-armv6hl-bootstrap/root/var/lib/mock/redsleeve-local-9-armv6hl/root'] with env {'TERM': 'vt100', 'SHELL': '/bin/sh', 'HOME': '/builddir', 'HOSTNAME': 'mock', 'PATH': '/usr/bin:/bin:/usr/sbin:/sbin', 'LANG': 'C.UTF-8'} and shell False
DEBUG util.py:610:  Child return code was: 0
DEBUG util.py:636:  child environment: None
DEBUG util.py:558:  Executing command: ['/bin/mount', '-n', '-o', 'remount,private,rbind', '--target', '/var/lib/mock/redsleeve-local-9-armv6hl-bootstrap/root/var/lib/mock/redsleeve-local-9-armv6hl/root'] with env {'TERM': 'vt100', 'SHELL': '/bin/sh', 'HOME': '/builddir', 'HOSTNAME': 'mock', 'PATH': '/usr/bin:/bin:/usr/sbin:/sbin', 'LANG': 'C.UTF-8'} and shell False
DEBUG util.py:610:  Child return code was: 0
DEBUG util.py:636:  child environment: None
DEBUG util.py:553:  Using nspawn with args ['--capability=cap_ipc_lock', '--bind=/tmp/mock-resolv.eyycn_pt:/etc/resolv.conf']
DEBUG util.py:558:  Executing command: ['/usr/bin/systemd-nspawn', '-q', '-M', '0dfad6c473d84747b24fdae9f44ac3c1', '-D', '/var/lib/mock/redsleeve-local-9-armv6hl-bootstrap/root', '-a', '--capability=cap_ipc_lock', '--bind=/tmp/mock-resolv.eyycn_pt:/etc/resolv.conf', '--console=pipe', '--setenv=TERM=vt100', '--setenv=SHELL=/bin/bash', '--setenv=HOME=/builddir', '--setenv=HOSTNAME=mock', '--setenv=PATH=/usr/bin:/bin:/usr/sbin:/sbin', '--setenv=PROMPT_COMMAND=printf "\\033]0;<mock-chroot>\\007"', '--setenv=PS1=<mock-chroot> \\s-\\v\\$ ', '--setenv=LANG=C.UTF-8', '--resolv-conf=off', '/bin/sh', '-c', "rpm -qa --root '/var/lib/mock/redsleeve-local-9-armv6hl/root' --qf '%{nevra} %{buildtime} %{size} %{pkgid} installed\\n'"] with env {'TERM': 'vt100', 'SHELL': '/bin/bash', 'HOME': '/builddir', 'HOSTNAME': 'mock', 'PATH': '/usr/bin:/bin:/usr/sbin:/sbin', 'PROMPT_COMMAND': 'printf "\\033]0;<mock-chroot>\\007"', 'PS1': '<mock-chroot> \\s-\\v\\$ ', 'LANG': 'C.UTF-8', 'SYSTEMD_NSPAWN_TMPFS_TMP': '0', 'SYSTEMD_SECCOMP': '0'} and shell False
DEBUG util.py:463:  gpg-pubkey-2f00d701-6317b177 1662497143 0 (none) installed
DEBUG util.py:463:  rust-srpm-macros-17-4.el9.redsleeve.noarch 1659273193 2446 49ef8ef7f66551283baf25bd70810d00 installed
DEBUG util.py:463:  qt5-srpm-macros-5.15.9-1.el9.noarch 1703806117 492 45a59130e3572c681e5fe8b958e82cdc installed
DEBUG util.py:463:  perl-srpm-macros-1-41.el9.noarch 1659079733 862 5e7096dac5383117f7efa6b340aab62a installed
DEBUG util.py:463:  openblas-srpm-macros-2-11.el9.redsleeve.noarch 1659224297 103 26fcc7a0669da3fd5eae0ab8300c5c74 installed
DEBUG util.py:463:  ocaml-srpm-macros-6-6.el9.noarch 1659036992 745 5f7082acf2dc73c71f7a55f428e79d91 installed
DEBUG util.py:463:  ghc-srpm-macros-1.5.0-6.el9.noarch 1658887730 535 063c52e0542aacbebe817247e41aa072 installed
DEBUG util.py:463:  tzdata-2026c-1.el9_8.noarch 1786166291 1917852 42b04b400e9d5ce115bffafb262f9aaf installed
DEBUG util.py:463:  publicsuffix-list-dafsa-20210518-3.el9.noarch 1658484769 68815 408fcde2d59a2f9a3e18ecdd96615971 installed
DEBUG util.py:463:  pkgconf-m4-1.7.3-10.el9.noarch 1686085492 14187 ff787b3cac301d2e788290b6ff205bbd installed
DEBUG util.py:463:  pcre2-syntax-10.40-6.el9.noarch 1735104373 234324 b6c95c3710d14408d7b61c6dd933e4e9 installed
DEBUG util.py:463:  ncurses-base-6.2-12.20210508.el9.noarch 1766441027 307293 dcbdab72adbb367a7a192805d6d153d1 installed
DEBUG util.py:463:  libssh-config-0.10.4-18.el9.noarch 1781393812 277 b4fd63db8af875ace38a25892a36c965 installed
DEBUG util.py:463:  gawk-all-langpacks-5.1.0-6.el9.armv6hl 1658515890 1205149 19daa7a72c2dc3d084ca0d762b2b76ab installed
DEBUG util.py:463:  coreutils-common-8.32-41.el9_8.armv6hl 1783092508 10880341 00d9f061e9feaac7e9492e48c9560765 installed
DEBUG util.py:463:  ncurses-libs-6.2-12.20210508.el9.armv6hl 1766441027 1092475 e2d56a860fb2fddf95df57edfa4f24a6 installed
DEBUG util.py:463:  redsleeve-release-9.8-0.el9.noarch 1781137778 32063 cc11b60aa70fb9e2f634bfd66cacd9de installed
DEBUG util.py:463:  setup-2.13.7-10.el9.noarch 1717485764 725932 876afa082c9fa10fe4fa5d51404e10d4 installed
DEBUG util.py:463:  filesystem-3.16-5.el9.armv6hl 1735067435 88 6e3ae4493bee390136745e95fd678302 installed
DEBUG util.py:463:  basesystem-11-13.el9.0.1.noarch 1717417548 0 418a03d49144be07b1d5cfe660586f78 installed
DEBUG util.py:463:  bash-5.1.8-9.el9.armv6hl 1717417601 7623021 67bcb95fab4e64161d5ed76830a34aee installed
DEBUG util.py:463:  libgcc-11.5.0-14.el9.redsleeve.armv6hl 1782175757 234810 1817c8120488830de3484038b05cb12c installed
DEBUG util.py:463:  glibc-gconv-extra-2.34-275.el9_8.redsleeve.armv6hl 1785906138 19221270 42bd5274d49122ffb601ee87b6397226 installed
DEBUG util.py:463:  glibc-minimal-langpack-2.34-275.el9_8.redsleeve.armv6hl 1785906138 0 ea02176dac8cb0783390dff316910589 installed
DEBUG util.py:463:  glibc-common-2.34-275.el9_8.redsleeve.armv6hl 1785906138 1345022 4807aef7aac77ab8c5837508d1c59a51 installed
DEBUG util.py:463:  glibc-2.34-275.el9_8.redsleeve.armv6hl 1785906138 5783064 22b6d8557664e36f1fdf7cde5227c264 installed
DEBUG util.py:463:  crypto-policies-20260224-1.gitea0f072.el9.noarch 1782715857 101102 bbfd5e3bda82b5a4a152f59d8c23eaaa installed
DEBUG util.py:463:  systemd-rpm-macros-252-67.el9_8.4.redsleeve.noarch 1783255206 10405 9509132047cf02d67edc6c10ce935110 installed
DEBUG util.py:463:  zlib-1.2.11-40.el9.armv6hl 1703536251 185879 1f00d08bc04a2cfa6cb766a6157f8dfe installed
DEBUG util.py:463:  xz-libs-5.2.5-8.el9.armv6hl 1658503527 151567 beecf3e47f2a025ac2876a45ee334037 installed
DEBUG util.py:463:  bzip2-libs-1.0.8-11.el9.armv6hl 1781132494 73306 0800c44e43059b1f03c724e52806c854 installed
DEBUG util.py:463:  libacl-2.4.0-1.el9_8.armv6hl 1784772902 68608 45342565635f5f36366a58a2dc3aeb96 installed
DEBUG util.py:463:  libzstd-1.5.5-1.el9.armv6hl 1754035159 683072 b14752e5878257700df3d67d29d64cad installed
DEBUG util.py:463:  libxcrypt-4.4.18-3.el9.armv6hl 1659686838 274014 6b5aa381d9f124fa45186afbce1409eb installed
DEBUG util.py:463:  elfutils-libelf-0.194-1.el9.rocky.0.1.armv6hl 1781277616 1196646 571af08ea8793bf2079f508cb2a997df installed
DEBUG util.py:463:  libcap-2.48-10.el9.1.armv6hl 1778256786 503469 86e66fc96d7fbb8843b29fbc099436b6 installed
DEBUG util.py:463:  libstdc++-11.5.0-14.el9.redsleeve.armv6hl 1782175757 2236279 967c2e27952ed111f5e3034edf9032df installed
DEBUG util.py:463:  libuuid-2.37.4-25.el9.armv6hl 1782319439 70011 937ac214ed3d2d91183ff538ae332869 installed
DEBUG util.py:463:  gmp-1:6.2.0-13.el9.armv6hl 1703589156 540482 17ba4462df0c9af98ce9cf2d854ddcc7 installed
DEBUG util.py:463:  lz4-libs-1.9.3-5.el9.armv6hl 1658466519 123889 320f2b17ce245059a82d19592fa66ccd installed
DEBUG util.py:463:  popt-1.18-8.el9.armv6hl 1658483572 121186 a1285b708333fdfd23194432ed08fb63 installed
DEBUG util.py:463:  libattr-2.5.1-3.el9.armv6hl 1658420972 20415 42d2dadb5e086507605fb9b54c4ed307 installed
DEBUG util.py:463:  libcap-ng-0.8.2-7.el9.armv6hl 1658451724 57160 10ac6ae27ca6ad667d90f6464ba345be installed
DEBUG util.py:463:  audit-libs-3.1.5-8.el9.armv6hl 1781242275 296017 b9050bc3f08ca00072a2f8643d62281c installed
DEBUG util.py:463:  libcom_err-1.46.5-8.el9.armv6hl 1766484718 112667 0c29702a0c0b8ddd3ad590dea21d08b9 installed
DEBUG util.py:463:  readline-8.1-4.el9.armv6hl 1658486996 394252 bd9bc55130ba0c0073d14e555836a93f installed
DEBUG util.py:463:  mpfr-4.1.0-10.el9.armv6hl 1781136864 540977 218adce0bc091fb9833a6f7aa60417df installed
DEBUG util.py:463:  dwz-0.16-1.el9.armv6hl 1766595277 327964 b376169605c4594f644db4e3ae4e292f installed
DEBUG util.py:463:  unzip-6.0-60.el9_8.armv6hl 1781143633 478079 7a3405829b6e9304306984ff1c7d9bc8 installed
DEBUG util.py:463:  file-libs-5.39-17.el9.armv6hl 1781242718 8102390 829a55bf60c0ed655091ab2996d56028 installed
DEBUG util.py:463:  file-5.39-17.el9.armv6hl 1781242718 142492 4cb028ea400df45789f89a154abee6bb installed
DEBUG util.py:463:  sqlite-libs-3.34.1-10.el9_8.armv6hl 1781138487 1225742 8cde21c9401958e9695dec9736c3c020 installed
DEBUG util.py:463:  alternatives-1.24-2.el9.armv6hl 1753956721 91173 cdc47ddc050cb1b6f74f204dd7b9b0a2 installed
DEBUG util.py:463:  gdbm-libs-1:1.23-1.el9.armv6hl 1735069472 172202 092335a45d93f7c11f5fa5136c462370 installed
DEBUG util.py:463:  libatomic-11.5.0-14.el9.redsleeve.armv6hl 1782175757 70092 02bf307e6028990fd4e44837c944643a installed
DEBUG util.py:463:  libffi-3.4.2-8.el9.armv6hl 1703494467 52599 b1d426e1b4d669fa05e61b078249ce65 installed
DEBUG util.py:463:  libsepol-3.6-3.el9.armv6hl 1766435800 828533 c3100779764d0d0a92421141dc3248d0 installed
DEBUG util.py:463:  libsigsegv-2.13-4.el9.armv6hl 1658459907 45388 47bcd08a3d2b2230fc5b245909401873 installed
DEBUG util.py:463:  gawk-5.1.0-6.el9.armv6hl 1658515890 1552466 9ce8ba814641cf9461b2a8b61d7377cc installed
DEBUG util.py:463:  libsmartcols-2.37.4-25.el9.armv6hl 1782319439 162833 8fc3e88b3c43b466c016b5f90d644cbd installed
DEBUG util.py:463:  libtasn1-4.16.0-10.el9_8.redsleeve.armv6hl 1783254653 223558 a6d7a8989c5aaa0b6a1c781b3d61dc5b installed
DEBUG util.py:463:  p11-kit-0.26.4-1.el9_8.armv6hl 1785903794 2690563 88c29bf469ce8f5021773962deca6f49 installed
DEBUG util.py:463:  libunistring-0.9.10-15.el9.armv6hl 1658461539 1551905 5dd1e1bf27113594347257be61eb441c installed
DEBUG util.py:463:  libidn2-2.3.0-7.el9.armv6hl 1658456608 244518 b70bce5572eacbbb94c7a004fbe7aa16 installed
DEBUG util.py:463:  lua-libs-5.4.4-4.el9.armv6hl 1703504622 241953 7e707c68b336e8c585407651fac146c2 installed
DEBUG util.py:463:  pcre2-10.40-6.el9.armv6hl 1735104373 663118 231636fc7b0cc1a7354379efdad61cff installed
DEBUG util.py:463:  libselinux-3.6-3.el9.armv6hl 1753993781 204911 fc5d9bc4a0da1d651b111e81a34f5f76 installed
DEBUG util.py:463:  sed-4.8-10.el9_8.armv6hl 1781137910 831999 8e5c92dcc439eff0265c33708c6d7156 installed
DEBUG util.py:463:  findutils-1:4.8.0-7.el9.armv6hl 1735067864 1738554 664a3f42e61a891f5cf241c6c1aa4ef3 installed
DEBUG util.py:463:  libsemanage-3.6-5.el9.armv6hl 1753993987 305408 7816d07f398187dacf69f012970fff6b installed
DEBUG util.py:463:  shadow-utils-2:4.9-16.el9.armv6hl 1781241520 4159345 a4e50bd406ad68699e09df54a379aefc installed
DEBUG util.py:463:  libutempter-1.2.1-6.el9.armv6hl 1658462294 45183 4a2520efcaa516d8affb86572fe273e0 installed
DEBUG util.py:463:  tar-2:1.34-11.el9.armv6hl 1781349789 3169730 9270bcb786ae8a2226fd8ccfd6b2b2bf installed
DEBUG util.py:463:  libpsl-0.21.1-5.el9.armv6hl 1658618097 69534 f2b12338945ef80afea27f82bbe2817f installed
DEBUG util.py:463:  p11-kit-trust-0.26.4-1.el9_8.armv6hl 1785903794 475091 71a0c4657d183ce54790bc172ca9b6f5 installed
DEBUG util.py:463:  zip-3.0-35.el9.armv6hl 1686103412 680471 5970d752e668db049bad336577168193 installed
DEBUG util.py:463:  zstd-1.5.5-1.el9.armv6hl 1754035159 954947 16ab051b781ac0a406c3a98bafd11ba6 installed
DEBUG util.py:463:  groff-base-1.22.4-10.el9.armv6hl 1660376525 3557938 f72f881e7bdbfca99b3ad53b0393c9d0 installed
DEBUG util.py:463:  acl-2.4.0-1.el9_8.armv6hl 1784772902 335761 a7a0c8b4319fdc5a1f33335852eca4be installed
DEBUG util.py:463:  bzip2-1.0.8-11.el9.armv6hl 1781132494 175028 3316b67a9299fca386c3e90d34be0833 installed
DEBUG util.py:463:  libxml2-2.9.13-14.el9_8.2.armv6hl 1784177294 1828086 becdbc5730c978c22f6914bd8d7a40ae installed
DEBUG util.py:463:  info-6.7-15.el9.armv6hl 1658500045 439747 9e5c907b17880a56945bf103160eae69 installed
DEBUG util.py:463:  ed-1.14.2-12.el9.armv6hl 1658437975 120875 ba1fe42d5b6913dd327cfc04e5755007 installed
DEBUG util.py:463:  patch-2.7.6-16.el9.armv6hl 1659042707 276802 38e5f772997368f8403046bb5751df47 installed
DEBUG util.py:463:  cpio-2.13-16.el9.armv6hl 1658425538 1068747 3e7a1827f802db3cd6223475fa619bba installed
DEBUG util.py:463:  diffutils-3.7-12.el9.armv6hl 1658426466 1410286 0210a0e52f7422f51eebb23d1f62469d installed
DEBUG util.py:463:  expat-2.5.0-6.el9_8.1.armv6hl 1781156400 340781 ff98186a885de7955db9ab7c88c034e6 installed
DEBUG util.py:463:  json-c-0.14-11.el9.armv6hl 1658449364 61912 ebe528da552bc51067f7e5ad7c10374e installed
DEBUG util.py:463:  keyutils-libs-1.6.3-1.el9.armv6hl 1686054538 46317 09ed39f8f7db8ad9026edcb39afbfe83 installed
DEBUG util.py:463:  libbrotli-1.0.9-9.el9.armv6hl 1770559336 796368 22622d56b8f5bf31f1fcbc44c3082f88 installed
DEBUG util.py:463:  libdb-5.3.28-57.el9.armv6hl 1753988216 1626860 afd7a5120d3f11ad6df0250c68715436 installed
DEBUG util.py:463:  libeconf-0.4.1-7.el9_8.armv6hl 1781411341 73621 b2c3efdcffe206926537924f2b96f986 installed
DEBUG util.py:463:  libgomp-11.5.0-14.el9.redsleeve.armv6hl 1782175757 400271 3fdb06e89f028fa906a6fb56a7ecbe44 installed
DEBUG util.py:463:  libgpg-error-1.42-5.el9.armv6hl 1658456340 810590 3b7490bf63470b711da78e9224c82186 installed
DEBUG util.py:463:  libgcrypt-1.10.0-13.el9_8.armv6hl 1786085317 1106476 272cd877f2d1a61fff721ef989c9aa65 installed
DEBUG util.py:463:  libnghttp2-1.43.0-6.el9.1.armv6hl 1776605086 201822 e2e3fb0395076491262fdfd762215b0c installed
DEBUG util.py:463:  libpkgconf-1.7.3-10.el9.armv6hl 1686085492 53383 3efccf6a6d159f4037db0be46ab60ffb installed
DEBUG util.py:463:  pkgconf-1.7.3-10.el9.armv6hl 1686085492 68462 2de18ed8eabb575d81b73344b28487a2 installed
DEBUG util.py:463:  pkgconf-pkg-config-1.7.3-10.el9.armv6hl 1686085492 1192 2a2ca3650791473839539ec0b1d1e5d7 installed
DEBUG util.py:463:  libseccomp-2.5.2-2.el9.redsleeve.armv6hl 1658412229 174515 2de50e540c419cca3cf504f48d5da016 installed
DEBUG util.py:463:  libtool-ltdl-2.4.6-46.el9.armv6hl 1753994883 95278 04e3c16f28e3cc4431a8f2f5e71fbb60 installed
DEBUG util.py:463:  libverto-0.3.2-3.el9.armv6hl 1658462347 21367 1a63170491b3fff19338428e94bf2aab installed
DEBUG util.py:463:  ncurses-6.2-12.20210508.el9.armv6hl 1766441027 897588 ada1395839eb47b0309e285852297560 installed
DEBUG util.py:463:  pcre-8.44-4.el9.armv6hl 1735103834 564784 05601a39eefcb947b563a9a4cb01633a installed
DEBUG util.py:463:  grep-3.6-5.el9.armv6hl 1658442353 832280 d30976045b2bb4067239eeaf5a00717d installed
DEBUG util.py:463:  openssl-fips-provider-1:3.5.5-6.el9_8.armv6hl 1785306290 1336756 a0115a47ff441a8ca01d7cc3555ccbf0 installed
DEBUG util.py:463:  openssl-libs-1:3.5.5-6.el9_8.armv6hl 1785306290 5239713 7111c9ba44eb10a0013dc103cdff8b0d installed
DEBUG util.py:463:  coreutils-8.32-41.el9_8.armv6hl 1783092508 8319934 e615cd39465006bee52e317a42efbb31 installed
DEBUG util.py:463:  ca-certificates-2025.2.80_v9.0.305-91.el9.noarch 1766421838 2791711 28afc6539ab1c727b7ffc12788a2124b installed
DEBUG util.py:463:  libblkid-2.37.4-25.el9.armv6hl 1782319439 269715 b2f7378c1b9cb0eb6f0ebb694ae0350b installed
DEBUG util.py:463:  systemd-libs-252-67.el9_8.4.redsleeve.armv6hl 1783255206 1644254 464c15688e74a22a986ba709d43094a7 installed
DEBUG util.py:463:  libmount-2.37.4-25.el9.armv6hl 1782319439 296995 4a5801f90d20bd058ff3eb704fee822c installed
DEBUG util.py:463:  krb5-libs-1.21.1-10.el9_8.armv6hl 1781333093 2566352 2ee8623c865dcee03571ff79e689e560 installed
DEBUG util.py:463:  libfdisk-2.37.4-25.el9.armv6hl 1782319439 368133 4e83ab907dc324c7991d418af2f5a777 installed
DEBUG util.py:463:  gzip-1.12-1.el9.armv6hl 1670198751 371361 9646b381f800cc0bbd6a5c5dbacbd25f installed
DEBUG util.py:463:  cracklib-2.9.6-28.el9.armv6hl 1781134421 427008 718416d2b0ff963eeee8686a765f3520 installed
DEBUG util.py:463:  libarchive-3.5.3-9.el9.armv6hl 1776608608 799316 e47312ad8ed55e7100d821172188cd4d installed
DEBUG util.py:463:  xz-5.2.5-8.el9.armv6hl 1658503527 671911 0df30e76a30a128456ab808fd630520f installed
DEBUG util.py:463:  cracklib-dicts-2.9.6-28.el9.armv6hl 1781134421 9815154 12f263f22d0d734d73d4560f84840a09 installed
DEBUG util.py:463:  perl-Digest-1.19-4.el9.noarch 1659051629 36844 24d01316fa20c17371c751b3dfea64b5 installed
DEBUG util.py:463:  perl-Digest-MD5-2.58-4.el9.armv6hl 1659051723 56624 bc479357759cd1b552bc1fb1ad265d7a installed
DEBUG util.py:463:  perl-B-0:1.80-483.el9.armv6hl 1781305765 544643 cf9a8524806ec0078e9e44e1d5ae392c installed
DEBUG util.py:463:  perl-FileHandle-0:2.03-483.el9.noarch 1781305765 10533 fa60a0b25dc4de506f4337798fd39ef1 installed
DEBUG util.py:463:  perl-Data-Dumper-2.174-462.el9.armv6hl 1659051140 102907 ac212f0c825c6e81f862d59ca01080ad installed
DEBUG util.py:463:  perl-libnet-3.13-4.el9.noarch 1659079353 299357 bc3563ebc961e900dc3377cce1eea3fd installed
DEBUG util.py:463:  perl-AutoLoader-0:5.74-483.el9.noarch 1781305765 22038 8ad4be87ec58b786da405b22e2776f20 installed
DEBUG util.py:463:  perl-base-0:2.27-483.el9.noarch 1781305765 13820 89d3cd55c301bda76fd4c9162ac66fee installed
DEBUG util.py:463:  perl-URI-5.09-3.el9.noarch 1660278250 216915 4f045570c1efa714a2fe6d533f109b29 installed
DEBUG util.py:463:  perl-if-0:0.60.800-483.el9.noarch 1781305765 6875 5514b3a7989534ccf710a3ef7b4f4705 installed
DEBUG util.py:463:  perl-IO-Socket-IP-0.41-5.el9.noarch 1659070845 100240 4296c08aed0a2d704a0cae52d27a5b72 installed
DEBUG util.py:463:  perl-Time-Local-2:1.300-7.el9.noarch 1659077569 67344 ff7d8582ae0bae30bef55e1207018f13 installed
DEBUG util.py:463:  perl-File-Path-2.18-4.el9.noarch 1659053093 65333 f5b4016f07e6279be38f3375dc187195 installed
DEBUG util.py:463:  perl-IO-Socket-SSL-2.073-2.el9.noarch 1735584138 616300 9ee50ad1e24939fbc89bfd71c05c1313 installed
DEBUG util.py:463:  perl-Net-SSLeay-1.94-3.el9.armv6hl 1766664311 1482675 3874bbc92a70240448bd50c2b77dc2c0 installed
DEBUG util.py:463:  perl-Pod-Escapes-1:1.07-460.el9.noarch 1659075368 25764 8d4d5a7fae2758c1a68204ce46581151 installed
DEBUG util.py:463:  perl-Text-Tabs+Wrap-2013.0523-460.el9.noarch 1659077160 24828 c0b2b1fb599edb08eb3acf9df056d7ae installed
DEBUG util.py:463:  perl-Mozilla-CA-20200520-6.el9.noarch 1659074121 5866 987ef16e3c9b12f2874babfe31a531d2 installed
DEBUG util.py:463:  perl-Class-Struct-0:0.66-483.el9.noarch 1781305765 26954 26bbe66bdbe077ac478101ae8d218e27 installed
DEBUG util.py:463:  perl-POSIX-0:1.94-483.el9.armv6hl 1781305765 264014 00b34ab4732faee3b5e35980c4b62c56 installed
DEBUG util.py:463:  perl-Term-ANSIColor-5.01-461.el9.noarch 1659076348 100303 5338e9599115e7cfc6af1bea23503ec1 installed
DEBUG util.py:463:  perl-IPC-Open3-0:1.21-483.el9.noarch 1781305765 25047 9f8c61376bd980a2ad35703f16fdd3a7 installed
DEBUG util.py:463:  perl-subs-0:1.03-483.el9.noarch 1781305765 3061 8990203cf047c8bf3d355eda980cf508 installed
DEBUG util.py:463:  perl-File-Temp-1:0.231.100-4.el9.noarch 1659053237 166550 db0698e17e39924f1cff9cd2c240635f installed
DEBUG util.py:463:  perl-Term-Cap-1.17-460.el9.noarch 1659076401 29851 a74f949a4cee789e3ce81072631564b7 installed
DEBUG util.py:463:  perl-Pod-Simple-1:3.42-4.el9.noarch 1659075467 577293 cfc62b44b56336e8e8256418c46f93ef installed
DEBUG util.py:463:  perl-HTTP-Tiny-0.076-462.el9.noarch 1717781619 150675 99712fe501b32d8e9e0050b71b0f8d1b installed
DEBUG util.py:463:  perl-Socket-4:2.031-4.el9.armv6hl 1659075734 111887 83c2f014e4bb8e2f37f9a3ef1da946f0 installed
DEBUG util.py:463:  perl-SelectSaver-0:1.02-483.el9.noarch 1781305765 3171 a9462ada8a5b0355498b8f00dbdcb1fd installed
DEBUG util.py:463:  perl-Symbol-0:1.08-483.el9.noarch 1781305765 7847 91b0ef6e868d9a1713a6dd7660c9b7f0 installed
DEBUG util.py:463:  perl-File-stat-0:1.09-483.el9.noarch 1781305765 13950 ec5cdae258fa5b82c782ffa1ec8ef8ec installed
DEBUG util.py:463:  perl-podlators-1:4.14-460.el9.noarch 1659079673 288742 94c831d1e75ec32594ea3446be77d17f installed
DEBUG util.py:463:  perl-Pod-Perldoc-3.28.01-461.el9.noarch 1659075412 170960 0ff51da509a0a9d434010a55b3305034 installed
DEBUG util.py:463:  perl-Fcntl-0:1.13-483.el9.armv6hl 1781305765 74574 ebf1f2ed28682baddc48ebb4d040fb03 installed
DEBUG util.py:463:  perl-Text-ParseWords-3.30-460.el9.noarch 1659077062 13101 3ad26bb816284903076d3f040ca3b84a installed
DEBUG util.py:463:  perl-mro-0:1.23-483.el9.armv6hl 1781305765 83706 5b89cc7b6ea68619ab08f84a42457e99 installed
DEBUG util.py:463:  perl-IO-0:1.43-483.el9.armv6hl 1781305765 203363 7c64aa79f81ef55a9c1e7ebf1820f5e8 installed
DEBUG util.py:463:  perl-overloading-0:0.02-483.el9.noarch 1781305765 5894 cebe26d4eef534ec4aefefbf7206f96a installed
DEBUG util.py:463:  perl-Pod-Usage-4:2.01-4.el9.noarch 1659075546 87186 cdcfae4824a57e20ad10b197ceffd63e installed
DEBUG util.py:463:  perl-Errno-0:1.30-483.el9.armv6hl 1781305765 9512 b49f1b625e6e909365677ea1aa6e215a installed
DEBUG util.py:463:  perl-File-Basename-0:2.85-483.el9.noarch 1781305765 15340 7813fa218c3323dc687efde5f835631a installed
DEBUG util.py:463:  perl-Getopt-Std-0:1.12-483.el9.noarch 1781305765 12107 0a8deb9ade4e5ad098de3f125316e115 installed
DEBUG util.py:463:  perl-MIME-Base64-3.16-4.el9.armv6hl 1659072559 43299 f7eb84afe44c86803f39d67c4537999b installed
DEBUG util.py:463:  perl-Scalar-List-Utils-4:1.56-462.el9.armv6hl 1735584320 150770 786fe10497d665e06bbe54ea3c9d1815 installed
DEBUG util.py:463:  perl-constant-1.33-461.el9.noarch 1659079029 27104 1e2ca5b7519a100cbef7942078227411 installed
DEBUG util.py:463:  perl-Storable-1:3.21-460.el9.armv6hl 1659075929 198410 76b68ac1979986e6083e22f59943c89b installed
DEBUG util.py:463:  perl-overload-0:1.31-483.el9.noarch 1781305765 72822 1ec6f35f0f3e42177db1601f44f9c306 installed
DEBUG util.py:463:  perl-parent-1:0.238-460.el9.noarch 1659079575 9535 7b9d005a59c85338cc1d3efc94ba1614 installed
DEBUG util.py:463:  perl-vars-0:1.05-483.el9.noarch 1781305765 4927 c9f853bdedfeb5a946b1471e7fd786b0 installed
DEBUG util.py:463:  perl-Getopt-Long-1:2.52-4.el9.noarch 1659053580 139937 ca912ced5d847c8fd254845be21312c0 installed
DEBUG util.py:463:  perl-Carp-1.50-460.el9.noarch 1659049257 47889 f8694ba5697343b35eb2ba0249b883b1 installed
DEBUG util.py:463:  perl-Exporter-5.74-461.el9.noarch 1659052308 55359 3759a0b402f6391269f781da0ab42f68 installed
DEBUG util.py:463:  perl-NDBM_File-0:1.15-483.el9.armv6hl 1781305765 74223 68243e64a71c6c5a8f99d2e2597dc203 installed
DEBUG util.py:463:  perl-PathTools-3.78-461.el9.armv6hl 1659075170 177600 43fc5553c0be2c71e297e6a0ac54d024 installed
DEBUG util.py:463:  perl-Encode-4:3.08-462.el9.armv6hl 1659051908 4948652 aa1982f67f3ba7a4b53acc0057f81518 installed
DEBUG util.py:463:  perl-libs-4:5.32.1-483.el9.armv6hl 1781305765 8906721 b057655de96b02100822799daad9b33c installed
DEBUG util.py:463:  perl-interpreter-4:5.32.1-483.el9.armv6hl 1781305765 172478 9a11ab0c19f3ad54908e72c56e719956 installed
DEBUG util.py:463:  kernel-srpm-macros-1.0-14.el9.noarch 1766632930 16948 10b563df5b7c191989cfc3dfb8ba0932 installed
DEBUG util.py:463:  cyrus-sasl-lib-2.1.27-22.el9.armv6hl 1776538338 2387462 7482525dbbfefd6b3a5026a2b7f64e6f installed
DEBUG util.py:463:  libssh-0.10.4-18.el9.armv6hl 1781393812 525429 216cd405616c5c0c189a93830d51c4ef installed
DEBUG util.py:463:  util-linux-core-2.37.4-25.el9.armv6hl 1782319439 2195839 90fb82b35e1cdee2508e14ca3af8e21c installed
DEBUG util.py:463:  openssl-1:3.5.5-6.el9_8.armv6hl 1785306290 2103253 25d5523ccd93feeaab66cec369b9cbcd installed
DEBUG util.py:463:  libpwquality-1.4.4-8.el9.armv6hl 1658459115 392364 8f57d98d2c40f27aa171b8e5a13551a4 installed
DEBUG util.py:463:  pam-1.5.1-28.el9.armv6hl 1782320575 4603552 3a0261957af2d0976649039f04538ed4 installed
DEBUG util.py:463:  util-linux-2.37.4-25.el9.armv6hl 1782319439 13894455 aa2e67bf402af713b152c205b3cc8ab9 installed
DEBUG util.py:463:  kmod-libs-28-11.el9.armv6hl 1766434558 161672 d0cadcf06ed66d09eb782add73b26862 installed
DEBUG util.py:463:  dbus-1:1.12.20-8.el9.armv6hl 1703475961 0 a53af533326a92741c8ebe56918dfb4c installed
DEBUG util.py:463:  systemd-pam-252-67.el9_8.4.redsleeve.armv6hl 1783255206 475364 4aa4d9846c4e2e2217bb66b55af4aa0f installed
DEBUG util.py:463:  systemd-252-67.el9_8.4.redsleeve.armv6hl 1783255206 13991276 ebe5d7b07e2d486e7a04ecf6264f0310 installed
DEBUG util.py:463:  dbus-common-1:1.12.20-8.el9.noarch 1703475961 11394 f5daf378586978ce9615dfc242bf820f installed
DEBUG util.py:463:  dbus-broker-28-8.el9.armv6hl 1781414545 428721 875df88e57f68b5b036e20f0c3f13f35 installed
DEBUG util.py:463:  elfutils-default-yama-scope-0.194-1.el9.rocky.0.1.noarch 1781277616 1810 dc47f1fa42863507df1b22d1facb0944 installed
DEBUG util.py:463:  elfutils-libs-0.194-1.el9.rocky.0.1.armv6hl 1781277616 697085 e51d99ee02da5c8db55c9e1b55f20018 installed
DEBUG util.py:463:  libevent-2.1.12-8.el9.armv6hl 1725633333 793424 fd18b2299fee6fa9e576de118205bfd0 installed
DEBUG util.py:463:  openldap-2.6.8-4.el9.0.1.armv6hl 1754009048 1050263 b05f6b64d4d786b7a341a266613e15b1 installed
DEBUG util.py:463:  libcurl-7.76.1-40.el9.armv6hl 1781279082 607256 9d523fc7caacc2d46495283e927b23a6 installed
DEBUG util.py:463:  elfutils-debuginfod-client-0.194-1.el9.rocky.0.1.armv6hl 1781277616 145028 8de7c778d4d0cded0d95a698c8d06e7d installed
DEBUG util.py:463:  binutils-gold-2.35.2-72.el9.redsleeve.armv6hl 1781372535 2365591 39df4ec6dfe2d5a5eaeae5d1dcab734e installed
DEBUG util.py:463:  binutils-2.35.2-72.el9.redsleeve.armv6hl 1781372535 24952061 ff9578048658e01ea8f7c2259e32eec6 installed
DEBUG util.py:463:  elfutils-0.194-1.el9.rocky.0.1.armv6hl 1781277616 3131661 375caec3b79846ff6d2b7071e2c79cb4 installed
DEBUG util.py:463:  gdb-minimal-16.3-3.el9.armv6hl 1782409192 12744893 c7b88cd6ccc26c9ff315807b675dd56d installed
DEBUG util.py:463:  debugedit-5.0-11.el9.armv6hl 1766594893 245514 d392ddbe688f22d5071161ed3e0d1ab8 installed
DEBUG util.py:463:  curl-7.76.1-40.el9.armv6hl 1781279082 696385 e77d0ab47396c88ac1761512b4cd4a7a installed
DEBUG util.py:463:  rpm-4.16.1.3-40.el9.armv6hl 1781243642 2991093 b9155f903a73dc6b3bc2c7f30afe1071 installed
DEBUG util.py:463:  rpm-libs-4.16.1.3-40.el9.armv6hl 1781243642 681984 0a43724f70834016ba98ee7117286946 installed
DEBUG util.py:463:  efi-srpm-macros-6-4.el9.noarch 1766426814 41047 26834f4e8cfff5db8a3fd306f63f8311 installed
DEBUG util.py:463:  lua-srpm-macros-1-6.el9.noarch 1659011393 1314 a98650197634cdd577637cf3b9d6054e installed
DEBUG util.py:463:  rpm-build-libs-4.16.1.3-40.el9.armv6hl 1781243642 201256 49348eaee9f44b27e82858c16fda7a0e installed
DEBUG util.py:463:  fonts-srpm-macros-1:2.0.5-7.el9.1.noarch 1663283624 56503 53386b69720605cc1bdb5eed25d7db1c installed
DEBUG util.py:463:  go-srpm-macros-3.8.1-1.el9.redsleeve.noarch 1781979010 62613 f8e7485d4be6078932e4fc80d88dfcbb installed
DEBUG util.py:463:  python-srpm-macros-3.9-54.el9.noarch 1735591649 37605 4cc4d51687b08c628ea829a559126ddd installed
DEBUG util.py:463:  redhat-rpm-config-210-1.el9.redsleeve.noarch 1767451115 189912 dd06e5069b47af8fd7a9b3fadc5651ab installed
DEBUG util.py:463:  rpm-build-4.16.1.3-40.el9.armv6hl 1781243642 325429 9a82d8a23e03a74dbb883e9bd55ede48 installed
DEBUG util.py:463:  pyproject-srpm-macros-1.18.5-1.el9.noarch 1782173258 1945 c172b38f70b59cdc6cf143bd84535394 installed
DEBUG util.py:463:  which-2.21-30.el9.armv6hl 1754653173 121708 38ea4db87d37619eb5b91df1ab89f731 installed
DEBUG util.py:463:  python3-setuptools-wheel-53.0.0-15.el9.noarch 1766446993 562657 27ba1f9ed8904d49c68a8aefe5694777 installed
DEBUG util.py:463:  python3-pip-wheel-21.3.1-2.el9_8.rocky.0.1.noarch 1781243466 1232804 c1ce15992043ff269b4292c6395ead3a installed
DEBUG util.py:463:  python3-libs-3.9.25-7.el9_8.2.redsleeve.armv6hl 1784318241 34011627 9c245b85fd0e9f250070975391eef3bc installed
DEBUG util.py:463:  python3-3.9.25-7.el9_8.2.redsleeve.armv6hl 1784318241 85236 3445d88509c488cca7053a43b389f894 installed
DEBUG util.py:463:  python-unversioned-command-3.9.25-7.el9_8.2.redsleeve.noarch 1784318241 23 992d3c567bc537b7f1d0a3570c970263 installed
DEBUG util.py:463:  openssh-9.9p1-9.el9_8.rocky.0.1.armv6hl 1785490379 1777944 514d9acdfa56a7f1deeee8893da7e4ee installed
DEBUG util.py:463:  libedit-3.1-39.20210216cvs.el9.armv6hl 1781135633 218389 63557854fe73f1dd583a74dbd9e4c2aa installed
DEBUG util.py:463:  libcbor-0.7.0-5.el9.armv6hl 1661609428 74459 28b9c3d11251a9006b2849720b41b3cf installed
DEBUG util.py:463:  libfido2-1.13.0-2.el9.armv6hl 1717447407 225812 fc4c8a71f0c683965fe0bca1802132ad installed
DEBUG util.py:463:  openssh-clients-9.9p1-9.el9_8.rocky.0.1.armv6hl 1785490379 2811174 b23735cb7810f00a6ebf09b6a6e26bf7 installed
DEBUG util.py:463:  less-590-6.el9.armv6hl 1766434930 469012 fe8074957f0ecbafd96c8de10488838e installed
DEBUG util.py:463:  git-core-2.52.0-1.el9.armv6hl 1782718266 24040407 a5653cabeafe6437fa2256d14ecb10c0 installed
DEBUG util.py:463:  make-1:4.3-8.el9.armv6hl 1717457573 1692850 4994f115103c26b7aa91f0d86a1d7d27 installed
DEBUG util.py:610:  Child return code was: 0
DEBUG util.py:185:  kill orphans in chroot /var/lib/mock/redsleeve-local-9-armv6hl/root
DEBUG util.py:185:  kill orphans in chroot /var/lib/mock/redsleeve-local-9-armv6hl-bootstrap/root/var/lib/mock/redsleeve-local-9-armv6hl/root
DEBUG util.py:636:  child environment: None
DEBUG util.py:558:  Executing command: ['/bin/umount', '-n', '-l', '/var/lib/mock/redsleeve-local-9-armv6hl-bootstrap/root/var/lib/mock/redsleeve-local-9-armv6hl/root'] with env {'TERM': 'vt100', 'SHELL': '/bin/sh', 'HOME': '/builddir', 'HOSTNAME': 'mock', 'PATH': '/usr/bin:/bin:/usr/sbin:/sbin', 'LANG': 'C.UTF-8'} and shell False
DEBUG util.py:610:  Child return code was: 0
DEBUG util.py:636:  child environment: None
DEBUG util.py:558:  Executing command: ['/bin/umount', '-n', '-l', '/var/lib/mock/redsleeve-local-9-armv6hl-bootstrap/root/var/lib/mock/redsleeve-local-9-armv6hl/root'] with env {'TERM': 'vt100', 'SHELL': '/bin/sh', 'HOME': '/builddir', 'HOSTNAME': 'mock', 'PATH': '/usr/bin:/bin:/usr/sbin:/sbin', 'LANG': 'C.UTF-8'} and shell False
DEBUG util.py:610:  Child return code was: 0
DEBUG util.py:636:  child environment: None
DEBUG backend.py:821:  Copying packages to result dir
DEBUG util.py:185:  kill orphans in chroot /var/lib/mock/redsleeve-local-9-armv6hl/root
DEBUG util.py:185:  kill orphans in chroot /var/lib/mock/redsleeve-local-9-armv6hl-bootstrap/root
