INFO buildroot.py:668:  Mock Version: 6.7
DEBUG file_util.py:17:  ensuring that dir exists: /var/lib/mock/redsleeve-local-9-armv6hl/root
DEBUG file_util.py:20:  created dir: /var/lib/mock/redsleeve-local-9-armv6hl/root
DEBUG file_util.py:17:  ensuring that dir exists: /var/lib/mock/redsleeve-local-9-armv6hl-bootstrap
DEBUG file_util.py:20:  created dir: /var/lib/mock/redsleeve-local-9-armv6hl-bootstrap
DEBUG file_util.py:17:  ensuring that dir exists: /var/lib/mock/redsleeve-local-9-armv6hl-bootstrap
DEBUG file_util.py:17:  ensuring that dir exists: /var/lib/mock/redsleeve-local-9-armv6hl-bootstrap/root
DEBUG file_util.py:20:  created dir: /var/lib/mock/redsleeve-local-9-armv6hl-bootstrap/root
DEBUG file_util.py:17:  ensuring that dir exists: /var/lib/mock/redsleeve-local-9-armv6hl-bootstrap/results
DEBUG file_util.py:20:  created dir: /var/lib/mock/redsleeve-local-9-armv6hl-bootstrap/results
INFO buildroot.py:318:  calling preinit hooks
DEBUG file_util.py:17:  ensuring that dir exists: /var/cache/mock/redsleeve-local-9-armv6hl-bootstrap/root_cache/
DEBUG file_util.py:17:  ensuring that dir exists: /var/lib/mock/redsleeve-local-9-armv6hl-bootstrap/root
DEBUG util.py:636:  child environment: None
DEBUG util.py:558:  Executing command: ['/bin/tar', '--use-compress-program', 'pigz', '-xf', '/var/cache/mock/redsleeve-local-9-armv6hl-bootstrap/root_cache/cache.tar.gz', '-C', '/var/lib/mock/redsleeve-local-9-armv6hl-bootstrap/root'] with env {'TERM': 'vt100', 'SHELL': '/bin/sh', 'HOME': '/builddir', 'HOSTNAME': 'mock', 'PATH': '/usr/bin:/bin:/usr/sbin:/sbin', 'LANG': 'C.UTF-8'} and shell False
DEBUG util.py:610:  Child return code was: 0
DEBUG file_util.py:17:  ensuring that dir exists: /var/lib/mock/redsleeve-local-9-armv6hl-bootstrap/root/./proc
DEBUG file_util.py:20:  created dir: /var/lib/mock/redsleeve-local-9-armv6hl-bootstrap/root/./proc
DEBUG file_util.py:17:  ensuring that dir exists: /var/lib/mock/redsleeve-local-9-armv6hl-bootstrap/root/./sys
DEBUG file_util.py:20:  created dir: /var/lib/mock/redsleeve-local-9-armv6hl-bootstrap/root/./sys
DEBUG file_util.py:17:  ensuring that dir exists: /var/lib/mock/redsleeve-local-9-armv6hl-bootstrap/root/./dev
DEBUG file_util.py:20:  created dir: /var/lib/mock/redsleeve-local-9-armv6hl-bootstrap/root/./dev
DEBUG file_util.py:17:  ensuring that dir exists: /var/lib/mock/redsleeve-local-9-armv6hl-bootstrap/root/./tmp/ccache
DEBUG file_util.py:20:  created dir: /var/lib/mock/redsleeve-local-9-armv6hl-bootstrap/root/./tmp/ccache
DEBUG file_util.py:17:  ensuring that dir exists: /var/lib/mock/redsleeve-local-9-armv6hl-bootstrap/root/./var/cache/yum
DEBUG file_util.py:20:  created dir: /var/lib/mock/redsleeve-local-9-armv6hl-bootstrap/root/./var/cache/yum
DEBUG file_util.py:17:  ensuring that dir exists: /var/lib/mock/redsleeve-local-9-armv6hl-bootstrap/root/./var/cache/dnf
DEBUG file_util.py:20:  created dir: /var/lib/mock/redsleeve-local-9-armv6hl-bootstrap/root/./var/cache/dnf
DEBUG file_util.py:17:  ensuring that dir exists: /var/lib/mock/redsleeve-local-9-armv6hl-bootstrap/root/./var/log
DEBUG file_util.py:20:  created dir: /var/lib/mock/redsleeve-local-9-armv6hl-bootstrap/root/./var/log
DEBUG buildroot.py:724:  create skeleton dirs
DEBUG file_util.py:17:  ensuring that dir exists: /var/lib/mock/redsleeve-local-9-armv6hl-bootstrap/root/var/lib/rpm
DEBUG file_util.py:17:  ensuring that dir exists: /var/lib/mock/redsleeve-local-9-armv6hl-bootstrap/root/var/lib/yum
DEBUG file_util.py:17:  ensuring that dir exists: /var/lib/mock/redsleeve-local-9-armv6hl-bootstrap/root/var/lib/dbus
DEBUG file_util.py:17:  ensuring that dir exists: /var/lib/mock/redsleeve-local-9-armv6hl-bootstrap/root/var/log
DEBUG file_util.py:17:  ensuring that dir exists: /var/lib/mock/redsleeve-local-9-armv6hl-bootstrap/root/var/cache/dnf
DEBUG file_util.py:17:  ensuring that dir exists: /var/lib/mock/redsleeve-local-9-armv6hl-bootstrap/root/var/cache/yum
DEBUG file_util.py:17:  ensuring that dir exists: /var/lib/mock/redsleeve-local-9-armv6hl-bootstrap/root/etc/rpm
DEBUG file_util.py:17:  ensuring that dir exists: /var/lib/mock/redsleeve-local-9-armv6hl-bootstrap/root/tmp
DEBUG file_util.py:17:  ensuring that dir exists: /var/lib/mock/redsleeve-local-9-armv6hl-bootstrap/root/tmp/ccache
DEBUG file_util.py:17:  ensuring that dir exists: /var/lib/mock/redsleeve-local-9-armv6hl-bootstrap/root/var/tmp
DEBUG file_util.py:17:  ensuring that dir exists: /var/lib/mock/redsleeve-local-9-armv6hl-bootstrap/root/etc/dnf
DEBUG file_util.py:17:  ensuring that dir exists: /var/lib/mock/redsleeve-local-9-armv6hl-bootstrap/root/etc/dnf/vars
DEBUG file_util.py:17:  ensuring that dir exists: /var/lib/mock/redsleeve-local-9-armv6hl-bootstrap/root/etc/yum.repos.d
DEBUG file_util.py:17:  ensuring that dir exists: /var/lib/mock/redsleeve-local-9-armv6hl-bootstrap/root/etc/yum
DEBUG file_util.py:17:  ensuring that dir exists: /var/lib/mock/redsleeve-local-9-armv6hl-bootstrap/root/proc
DEBUG file_util.py:17:  ensuring that dir exists: /var/lib/mock/redsleeve-local-9-armv6hl-bootstrap/root/sys
DEBUG file_util.py:17:  ensuring that dir exists: /var/lib/mock/redsleeve-local-9-armv6hl-bootstrap/root/run/lock
DEBUG file_util.py:17:  ensuring that dir exists: /var/lib/mock/redsleeve-local-9-armv6hl-bootstrap/root/dev/pts
DEBUG file_util.py:20:  created dir: /var/lib/mock/redsleeve-local-9-armv6hl-bootstrap/root/dev/pts
DEBUG file_util.py:17:  ensuring that dir exists: /var/lib/mock/redsleeve-local-9-armv6hl-bootstrap/root/dev/shm
DEBUG file_util.py:20:  created dir: /var/lib/mock/redsleeve-local-9-armv6hl-bootstrap/root/dev/shm
DEBUG file_util.py:17:  ensuring that dir exists: /var/lib/mock/redsleeve-local-9-armv6hl-bootstrap/root/dev/mapper
DEBUG file_util.py:20:  created dir: /var/lib/mock/redsleeve-local-9-armv6hl-bootstrap/root/dev/mapper
DEBUG buildroot.py:868:  kernel version == 6.12.93-v7l.1.el9
DEBUG file_util.py:29:  touching file: /var/lib/mock/redsleeve-local-9-armv6hl-bootstrap/root/etc/fstab
DEBUG file_util.py:29:  touching file: /var/lib/mock/redsleeve-local-9-armv6hl-bootstrap/root/etc/yum/yum.conf
DEBUG file_util.py:29:  touching file: /var/lib/mock/redsleeve-local-9-armv6hl-bootstrap/root/etc/dnf/dnf.conf
DEBUG file_util.py:29:  touching file: /var/lib/mock/redsleeve-local-9-armv6hl-bootstrap/root/var/log/yum.log
DEBUG buildroot.py:332:  rootdir = /var/lib/mock/redsleeve-local-9-armv6hl-bootstrap/root
DEBUG buildroot.py:333:  resultdir = /var/lib/mock/redsleeve-local-9-armv6hl-bootstrap/results
DEBUG package_manager.py:63:  searching for 'dnf4' package manager or alternatives
INFO buildroot.py:181:  Package manager dnf4 detected and used (fallback)
DEBUG file_util.py:17:  ensuring that dir exists: /var/lib/mock/redsleeve-local-9-armv6hl-bootstrap/root/etc/pki/mock
DEBUG package_manager.py:404:  copying CA trust dir into chroot: /etc/pki/ca-trust => /etc/pki/ca-trust
DEBUG file_util.py:178:  Updating files in /var/lib/mock/redsleeve-local-9-armv6hl-bootstrap/root/etc/pki/ca-trust with files from /etc/pki/ca-trust
DEBUG file_util.py:17:  ensuring that dir exists: /var/lib/mock/redsleeve-local-9-armv6hl-bootstrap/root/etc/pki/ca-trust
DEBUG file_util.py:17:  ensuring that dir exists: /var/lib/mock/redsleeve-local-9-armv6hl-bootstrap/root/etc/pki/ca-trust/./extracted
DEBUG file_util.py:17:  ensuring that dir exists: /var/lib/mock/redsleeve-local-9-armv6hl-bootstrap/root/etc/pki/ca-trust/./source
DEBUG file_util.py:17:  ensuring that dir exists: /var/lib/mock/redsleeve-local-9-armv6hl-bootstrap/root/etc/pki/ca-trust/extracted/openssl
DEBUG file_util.py:17:  ensuring that dir exists: /var/lib/mock/redsleeve-local-9-armv6hl-bootstrap/root/etc/pki/ca-trust/extracted/java
DEBUG file_util.py:17:  ensuring that dir exists: /var/lib/mock/redsleeve-local-9-armv6hl-bootstrap/root/etc/pki/ca-trust/extracted/pem
DEBUG file_util.py:17:  ensuring that dir exists: /var/lib/mock/redsleeve-local-9-armv6hl-bootstrap/root/etc/pki/ca-trust/extracted/edk2
DEBUG file_util.py:17:  ensuring that dir exists: /var/lib/mock/redsleeve-local-9-armv6hl-bootstrap/root/etc/pki/ca-trust/extracted/pem/directory-hash
DEBUG file_util.py:17:  ensuring that dir exists: /var/lib/mock/redsleeve-local-9-armv6hl-bootstrap/root/etc/pki/ca-trust/source/blocklist
DEBUG file_util.py:17:  ensuring that dir exists: /var/lib/mock/redsleeve-local-9-armv6hl-bootstrap/root/etc/pki/ca-trust/source/anchors
DEBUG package_manager.py:404:  copying CA trust dir into chroot: /usr/share/pki/ca-trust-source => /usr/share/pki/ca-trust-source
DEBUG file_util.py:178:  Updating files in /var/lib/mock/redsleeve-local-9-armv6hl-bootstrap/root/usr/share/pki/ca-trust-source with files from /usr/share/pki/ca-trust-source
DEBUG file_util.py:17:  ensuring that dir exists: /var/lib/mock/redsleeve-local-9-armv6hl-bootstrap/root/usr/share/pki/ca-trust-source
DEBUG file_util.py:17:  ensuring that dir exists: /var/lib/mock/redsleeve-local-9-armv6hl-bootstrap/root/usr/share/pki/ca-trust-source/./blocklist
DEBUG file_util.py:17:  ensuring that dir exists: /var/lib/mock/redsleeve-local-9-armv6hl-bootstrap/root/usr/share/pki/ca-trust-source/./anchors
DEBUG file_util.py:17:  ensuring that dir exists: /var/lib/mock/redsleeve-local-9-armv6hl-bootstrap/root/usr/share
DEBUG package_manager.py:388:  Copying /usr/share/distribution-gpg-keys to the bootstrap chroot
DEBUG util.py:636:  child environment: None
DEBUG util.py:558:  Executing command: ['cp', '-a', '/usr/share/distribution-gpg-keys', '/var/lib/mock/redsleeve-local-9-armv6hl-bootstrap/root/usr/share'] with env {'TERM': 'vt100', 'SHELL': '/bin/sh', 'HOME': '/builddir', 'HOSTNAME': 'mock', 'PATH': '/usr/bin:/bin:/usr/sbin:/sbin', 'LANG': 'C.UTF-8'} and shell False
DEBUG util.py:610:  Child return code was: 0
DEBUG file_util.py:17:  ensuring that dir exists: /var/lib/mock/redsleeve-local-9-armv6hl-bootstrap/root/etc/dnf
DEBUG package_manager.py:691:  configure DNF vars
DEBUG file_util.py:17:  ensuring that dir exists: /var/lib/mock/redsleeve-local-9-armv6hl-bootstrap/root/etc
DEBUG file_util.py:17:  ensuring that dir exists: /var/lib/mock/redsleeve-local-9-armv6hl-bootstrap/root/etc
DEBUG buildroot.py:38:  method _cleanup_homedir skipped in bootstrap
DEBUG buildroot.py:38:  method _setup_build_dirs skipped in bootstrap
DEBUG buildroot.py:38:  method _make_users skipped in bootstrap
DEBUG file_util.py:29:  touching file: /var/lib/mock/redsleeve-local-9-armv6hl-bootstrap/root/.initialized
DEBUG file_util.py:17:  ensuring that dir exists: /var/lib/mock/redsleeve-local-9-armv6hl
DEBUG file_util.py:17:  ensuring that dir exists: /var/lib/mock/redsleeve-local-9-armv6hl/root
DEBUG file_util.py:17:  ensuring that dir exists: /var/lib/mock/redsleeve-local-9-armv6hl/result
INFO buildroot.py:318:  calling preinit hooks
DEBUG file_util.py:17:  ensuring that dir exists: /var/cache/mock/redsleeve-local-9-armv6hl/root_cache/
DEBUG file_util.py:17:  ensuring that dir exists: /var/lib/mock/redsleeve-local-9-armv6hl/root
DEBUG util.py:636:  child environment: None
DEBUG util.py:558:  Executing command: ['/bin/tar', '--use-compress-program', 'pigz', '-xf', '/var/cache/mock/redsleeve-local-9-armv6hl/root_cache/cache.tar.gz', '-C', '/var/lib/mock/redsleeve-local-9-armv6hl/root'] with env {'TERM': 'vt100', 'SHELL': '/bin/sh', 'HOME': '/builddir', 'HOSTNAME': 'mock', 'PATH': '/usr/bin:/bin:/usr/sbin:/sbin', 'LANG': 'C.UTF-8'} and shell False
DEBUG util.py:610:  Child return code was: 0
DEBUG file_util.py:17:  ensuring that dir exists: /var/lib/mock/redsleeve-local-9-armv6hl/root/./proc
DEBUG file_util.py:20:  created dir: /var/lib/mock/redsleeve-local-9-armv6hl/root/./proc
DEBUG file_util.py:17:  ensuring that dir exists: /var/lib/mock/redsleeve-local-9-armv6hl/root/./sys
DEBUG file_util.py:20:  created dir: /var/lib/mock/redsleeve-local-9-armv6hl/root/./sys
DEBUG file_util.py:17:  ensuring that dir exists: /var/lib/mock/redsleeve-local-9-armv6hl/root/./dev
DEBUG file_util.py:20:  created dir: /var/lib/mock/redsleeve-local-9-armv6hl/root/./dev
DEBUG file_util.py:17:  ensuring that dir exists: /var/lib/mock/redsleeve-local-9-armv6hl/root/./tmp/ccache
DEBUG file_util.py:20:  created dir: /var/lib/mock/redsleeve-local-9-armv6hl/root/./tmp/ccache
DEBUG file_util.py:17:  ensuring that dir exists: /var/lib/mock/redsleeve-local-9-armv6hl/root/./var/cache/yum
DEBUG file_util.py:20:  created dir: /var/lib/mock/redsleeve-local-9-armv6hl/root/./var/cache/yum
DEBUG file_util.py:17:  ensuring that dir exists: /var/lib/mock/redsleeve-local-9-armv6hl/root/./var/cache/dnf
DEBUG file_util.py:20:  created dir: /var/lib/mock/redsleeve-local-9-armv6hl/root/./var/cache/dnf
DEBUG file_util.py:17:  ensuring that dir exists: /var/lib/mock/redsleeve-local-9-armv6hl/root/./var/log
DEBUG file_util.py:20:  created dir: /var/lib/mock/redsleeve-local-9-armv6hl/root/./var/log
DEBUG util.py:636:  child environment: None
DEBUG util.py:558:  Executing command: ['/usr/bin/lscpu'] with env {'TERM': 'vt100', 'SHELL': '/bin/sh', 'HOME': '/builddir', 'HOSTNAME': 'mock', 'PATH': '/usr/bin:/bin:/usr/sbin:/sbin', 'LANG': 'C.UTF-8'} and shell False
DEBUG util.py:463:  Architecture:                            armv7l
DEBUG util.py:463:  Byte Order:                              Little Endian
DEBUG util.py:463:  CPU(s):                                  4
DEBUG util.py:463:  On-line CPU(s) list:                     0-3
DEBUG util.py:463:  Vendor ID:                               ARM
DEBUG util.py:463:  Model name:                              Cortex-A72
DEBUG util.py:463:  Model:                                   3
DEBUG util.py:463:  Thread(s) per core:                      1
DEBUG util.py:463:  Core(s) per socket:                      4
DEBUG util.py:463:  Socket(s):                               1
DEBUG util.py:463:  Stepping:                                r0p3
DEBUG util.py:463:  CPU(s) scaling MHz:                      93%
DEBUG util.py:463:  CPU max MHz:                             1500.0000
DEBUG util.py:463:  CPU min MHz:                             600.0000
DEBUG util.py:463:  BogoMIPS:                                252.00
DEBUG util.py:463:  Flags:                                   half thumb fastmult vfp edsp neon vfpv3 tls vfpv4 idiva idivt vfpd32 lpae evtstrm crc32
DEBUG util.py:463:  Vulnerability Gather data sampling:      Not affected
DEBUG util.py:463:  Vulnerability Indirect target selection: Not affected
DEBUG util.py:463:  Vulnerability Itlb multihit:             Not affected
DEBUG util.py:463:  Vulnerability L1tf:                      Not affected
DEBUG util.py:463:  Vulnerability Mds:                       Not affected
DEBUG util.py:463:  Vulnerability Meltdown:                  Not affected
DEBUG util.py:463:  Vulnerability Mmio stale data:           Not affected
DEBUG util.py:463:  Vulnerability Reg file data sampling:    Not affected
DEBUG util.py:463:  Vulnerability Retbleed:                  Not affected
DEBUG util.py:463:  Vulnerability Spec rstack overflow:      Not affected
DEBUG util.py:463:  Vulnerability Spec store bypass:         Not affected
DEBUG util.py:463:  Vulnerability Spectre v1:                Mitigation; __user pointer sanitization
DEBUG util.py:463:  Vulnerability Spectre v2:                Vulnerable
DEBUG util.py:463:  Vulnerability Srbds:                     Not affected
DEBUG util.py:463:  Vulnerability Tsa:                       Not affected
DEBUG util.py:463:  Vulnerability Tsx async abort:           Not affected
DEBUG util.py:463:  Vulnerability Vmscape:                   Not affected
DEBUG util.py:610:  Child return code was: 0
DEBUG util.py:636:  child environment: None
DEBUG util.py:558:  Executing command: ['/bin/free', '--human'] with env {'TERM': 'vt100', 'SHELL': '/bin/sh', 'HOME': '/builddir', 'HOSTNAME': 'mock', 'PATH': '/usr/bin:/bin:/usr/sbin:/sbin', 'LANG': 'C.UTF-8'} and shell False
DEBUG util.py:463:                 total        used        free      shared  buff/cache   available
DEBUG util.py:463:  Mem:           917Mi       114Mi        29Mi       5.0Mi       794Mi       803Mi
DEBUG util.py:463:  Swap:          2.0Gi        34Mi       2.0Gi
DEBUG util.py:610:  Child return code was: 0
DEBUG util.py:636:  child environment: None
DEBUG util.py:558:  Executing command: ['/bin/df', '-H', '-T', '/var/lib/mock/redsleeve-local-9-armv6hl/root', '/var/cache/mock'] with env {'TERM': 'vt100', 'SHELL': '/bin/sh', 'HOME': '/builddir', 'HOSTNAME': 'mock', 'PATH': '/usr/bin:/bin:/usr/sbin:/sbin', 'LANG': 'C.UTF-8'} and shell False
DEBUG util.py:463:  Filesystem     Type  Size  Used Avail Use% Mounted on
DEBUG util.py:463:  /dev/sda4      ext4   87G  2.6G   85G   3% /home
DEBUG util.py:463:  /dev/sda2      ext4   31G   13G   17G  43% /
DEBUG util.py:610:  Child return code was: 0
DEBUG buildroot.py:724:  create skeleton dirs
DEBUG file_util.py:17:  ensuring that dir exists: /var/lib/mock/redsleeve-local-9-armv6hl/root/var/lib/rpm
DEBUG file_util.py:17:  ensuring that dir exists: /var/lib/mock/redsleeve-local-9-armv6hl/root/var/lib/yum
DEBUG file_util.py:17:  ensuring that dir exists: /var/lib/mock/redsleeve-local-9-armv6hl/root/var/lib/dbus
DEBUG file_util.py:17:  ensuring that dir exists: /var/lib/mock/redsleeve-local-9-armv6hl/root/var/log
DEBUG file_util.py:17:  ensuring that dir exists: /var/lib/mock/redsleeve-local-9-armv6hl/root/var/cache/dnf
DEBUG file_util.py:17:  ensuring that dir exists: /var/lib/mock/redsleeve-local-9-armv6hl/root/var/cache/yum
DEBUG file_util.py:17:  ensuring that dir exists: /var/lib/mock/redsleeve-local-9-armv6hl/root/etc/rpm
DEBUG file_util.py:17:  ensuring that dir exists: /var/lib/mock/redsleeve-local-9-armv6hl/root/tmp
DEBUG file_util.py:17:  ensuring that dir exists: /var/lib/mock/redsleeve-local-9-armv6hl/root/tmp/ccache
DEBUG file_util.py:17:  ensuring that dir exists: /var/lib/mock/redsleeve-local-9-armv6hl/root/var/tmp
DEBUG file_util.py:17:  ensuring that dir exists: /var/lib/mock/redsleeve-local-9-armv6hl/root/etc/dnf
DEBUG file_util.py:17:  ensuring that dir exists: /var/lib/mock/redsleeve-local-9-armv6hl/root/etc/dnf/vars
DEBUG file_util.py:17:  ensuring that dir exists: /var/lib/mock/redsleeve-local-9-armv6hl/root/etc/yum.repos.d
DEBUG file_util.py:17:  ensuring that dir exists: /var/lib/mock/redsleeve-local-9-armv6hl/root/etc/yum
DEBUG file_util.py:17:  ensuring that dir exists: /var/lib/mock/redsleeve-local-9-armv6hl/root/proc
DEBUG file_util.py:17:  ensuring that dir exists: /var/lib/mock/redsleeve-local-9-armv6hl/root/sys
DEBUG file_util.py:17:  ensuring that dir exists: /var/lib/mock/redsleeve-local-9-armv6hl/root/run/lock
DEBUG file_util.py:17:  ensuring that dir exists: /var/lib/mock/redsleeve-local-9-armv6hl/root/dev/pts
DEBUG file_util.py:20:  created dir: /var/lib/mock/redsleeve-local-9-armv6hl/root/dev/pts
DEBUG file_util.py:17:  ensuring that dir exists: /var/lib/mock/redsleeve-local-9-armv6hl/root/dev/shm
DEBUG file_util.py:20:  created dir: /var/lib/mock/redsleeve-local-9-armv6hl/root/dev/shm
DEBUG file_util.py:17:  ensuring that dir exists: /var/lib/mock/redsleeve-local-9-armv6hl/root/dev/mapper
DEBUG file_util.py:20:  created dir: /var/lib/mock/redsleeve-local-9-armv6hl/root/dev/mapper
DEBUG buildroot.py:868:  kernel version == 6.12.93-v7l.1.el9
DEBUG file_util.py:29:  touching file: /var/lib/mock/redsleeve-local-9-armv6hl/root/etc/fstab
DEBUG file_util.py:29:  touching file: /var/lib/mock/redsleeve-local-9-armv6hl/root/etc/yum/yum.conf
DEBUG file_util.py:29:  touching file: /var/lib/mock/redsleeve-local-9-armv6hl/root/etc/dnf/dnf.conf
DEBUG file_util.py:29:  touching file: /var/lib/mock/redsleeve-local-9-armv6hl/root/var/log/yum.log
DEBUG buildroot.py:332:  rootdir = /var/lib/mock/redsleeve-local-9-armv6hl/root
DEBUG buildroot.py:333:  resultdir = /var/lib/mock/redsleeve-local-9-armv6hl/result
INFO buildroot.py:181:  Package manager dnf4 detected and used (direct choice)
DEBUG file_util.py:17:  ensuring that dir exists: /var/lib/mock/redsleeve-local-9-armv6hl/root/etc/pki/mock
DEBUG package_manager.py:404:  copying CA trust dir into chroot: /etc/pki/ca-trust => /etc/pki/ca-trust
DEBUG file_util.py:178:  Updating files in /var/lib/mock/redsleeve-local-9-armv6hl/root/etc/pki/ca-trust with files from /etc/pki/ca-trust
DEBUG file_util.py:17:  ensuring that dir exists: /var/lib/mock/redsleeve-local-9-armv6hl/root/etc/pki/ca-trust
DEBUG file_util.py:17:  ensuring that dir exists: /var/lib/mock/redsleeve-local-9-armv6hl/root/etc/pki/ca-trust/./extracted
DEBUG file_util.py:17:  ensuring that dir exists: /var/lib/mock/redsleeve-local-9-armv6hl/root/etc/pki/ca-trust/./source
DEBUG file_util.py:17:  ensuring that dir exists: /var/lib/mock/redsleeve-local-9-armv6hl/root/etc/pki/ca-trust/extracted/openssl
DEBUG file_util.py:17:  ensuring that dir exists: /var/lib/mock/redsleeve-local-9-armv6hl/root/etc/pki/ca-trust/extracted/java
DEBUG file_util.py:17:  ensuring that dir exists: /var/lib/mock/redsleeve-local-9-armv6hl/root/etc/pki/ca-trust/extracted/pem
DEBUG file_util.py:17:  ensuring that dir exists: /var/lib/mock/redsleeve-local-9-armv6hl/root/etc/pki/ca-trust/extracted/edk2
DEBUG file_util.py:17:  ensuring that dir exists: /var/lib/mock/redsleeve-local-9-armv6hl/root/etc/pki/ca-trust/extracted/pem/directory-hash
DEBUG file_util.py:17:  ensuring that dir exists: /var/lib/mock/redsleeve-local-9-armv6hl/root/etc/pki/ca-trust/source/blocklist
DEBUG file_util.py:17:  ensuring that dir exists: /var/lib/mock/redsleeve-local-9-armv6hl/root/etc/pki/ca-trust/source/anchors
DEBUG package_manager.py:404:  copying CA trust dir into chroot: /usr/share/pki/ca-trust-source => /usr/share/pki/ca-trust-source
DEBUG file_util.py:178:  Updating files in /var/lib/mock/redsleeve-local-9-armv6hl/root/usr/share/pki/ca-trust-source with files from /usr/share/pki/ca-trust-source
DEBUG file_util.py:17:  ensuring that dir exists: /var/lib/mock/redsleeve-local-9-armv6hl/root/usr/share/pki/ca-trust-source
DEBUG file_util.py:17:  ensuring that dir exists: /var/lib/mock/redsleeve-local-9-armv6hl/root/usr/share/pki/ca-trust-source/./blocklist
DEBUG file_util.py:17:  ensuring that dir exists: /var/lib/mock/redsleeve-local-9-armv6hl/root/usr/share/pki/ca-trust-source/./anchors
DEBUG file_util.py:17:  ensuring that dir exists: /var/lib/mock/redsleeve-local-9-armv6hl/root/etc/dnf
DEBUG package_manager.py:691:  configure DNF vars
DEBUG util.py:636:  child environment: None
DEBUG util.py:553:  Using nspawn with args None
DEBUG util.py:558:  Executing command: ['/usr/bin/systemd-nspawn', '-q', '-M', 'c2d0c7ae355244979bc7b584513bb695', '-D', '/var/lib/mock/redsleeve-local-9-armv6hl-bootstrap/root', '-a', '--console=pipe', '--setenv=TERM=vt100', '--setenv=SHELL=/bin/sh', '--setenv=HOME=/builddir', '--setenv=HOSTNAME=mock', '--setenv=PATH=/usr/bin:/bin:/usr/sbin:/sbin', '--setenv=LANG=C.UTF-8', '--resolv-conf=off', 'rpm', '-q', 'rpm', 'rpm-sequoia', 'python3-dnf', 'python3-dnf-plugins-core', 'yum', 'yum-utils', 'dnf5', 'dnf5-plugins'] with env {'TERM': 'vt100', 'SHELL': '/bin/sh', 'HOME': '/builddir', 'HOSTNAME': 'mock', 'PATH': '/usr/bin:/bin:/usr/sbin:/sbin', 'LANG': 'C.UTF-8', 'SYSTEMD_NSPAWN_TMPFS_TMP': '0', 'SYSTEMD_SECCOMP': '0'} and shell False
DEBUG util.py:463:  rpm-4.16.1.3-40.el9.armv6hl
DEBUG util.py:463:  package rpm-sequoia is not installed
DEBUG util.py:463:  python3-dnf-4.14.0-34.el9_8.rocky.0.1.noarch
DEBUG util.py:463:  python3-dnf-plugins-core-4.3.0-26.el9.noarch
DEBUG util.py:463:  package yum is not installed
DEBUG util.py:463:  package yum-utils is not installed
DEBUG util.py:463:  package dnf5 is not installed
DEBUG util.py:463:  package dnf5-plugins is not installed
DEBUG util.py:610:  Child return code was: 5
INFO package_manager.py:201:  Buildroot is handled by package management downloaded with a bootstrap image:
  rpm-4.16.1.3-40.el9.armv6hl
  python3-dnf-4.14.0-34.el9_8.rocky.0.1.noarch
  python3-dnf-plugins-core-4.3.0-26.el9.noarch
DEBUG file_util.py:17:  ensuring that dir exists: /var/lib/mock/redsleeve-local-9-armv6hl-bootstrap/root/var/lib/mock/redsleeve-local-9-armv6hl/root
DEBUG file_util.py:20:  created dir: /var/lib/mock/redsleeve-local-9-armv6hl-bootstrap/root/var/lib/mock/redsleeve-local-9-armv6hl/root
DEBUG util.py:636:  child environment: None
DEBUG util.py:558:  Executing command: ['/bin/mount', '-n', '-t', 'tmpfs', '-o', 'private,mode=0755', 'tmpfs', '/var/lib/mock/redsleeve-local-9-armv6hl-bootstrap/root/var/lib/mock/redsleeve-local-9-armv6hl/root'] with env {'TERM': 'vt100', 'SHELL': '/bin/sh', 'HOME': '/builddir', 'HOSTNAME': 'mock', 'PATH': '/usr/bin:/bin:/usr/sbin:/sbin', 'LANG': 'C.UTF-8'} and shell False
DEBUG util.py:610:  Child return code was: 0
DEBUG file_util.py:17:  ensuring that dir exists: /var/lib/mock/redsleeve-local-9-armv6hl-bootstrap/root/var/lib/mock/redsleeve-local-9-armv6hl/root
DEBUG util.py:636:  child environment: None
DEBUG util.py:558:  Executing command: ['/bin/mount', '-n', '-o', 'rbind', '/var/lib/mock/redsleeve-local-9-armv6hl/root', '/var/lib/mock/redsleeve-local-9-armv6hl-bootstrap/root/var/lib/mock/redsleeve-local-9-armv6hl/root'] with env {'TERM': 'vt100', 'SHELL': '/bin/sh', 'HOME': '/builddir', 'HOSTNAME': 'mock', 'PATH': '/usr/bin:/bin:/usr/sbin:/sbin', 'LANG': 'C.UTF-8'} and shell False
DEBUG util.py:610:  Child return code was: 0
DEBUG util.py:636:  child environment: None
DEBUG util.py:558:  Executing command: ['/bin/mount', '-n', '-o', 'remount,private,rbind', '--target', '/var/lib/mock/redsleeve-local-9-armv6hl-bootstrap/root/var/lib/mock/redsleeve-local-9-armv6hl/root'] with env {'TERM': 'vt100', 'SHELL': '/bin/sh', 'HOME': '/builddir', 'HOSTNAME': 'mock', 'PATH': '/usr/bin:/bin:/usr/sbin:/sbin', 'LANG': 'C.UTF-8'} and shell False
DEBUG util.py:610:  Child return code was: 0
DEBUG util.py:636:  child environment: None
DEBUG util.py:553:  Using nspawn with args ['--capability=cap_ipc_lock', '--bind=/tmp/mock-resolv.524gza7b:/etc/resolv.conf']
DEBUG util.py:558:  Executing command: ['/usr/bin/systemd-nspawn', '-q', '-M', 'f92a269b97304daa8244fb697403d8ce', '-D', '/var/lib/mock/redsleeve-local-9-armv6hl-bootstrap/root', '-a', '--capability=cap_ipc_lock', '--bind=/tmp/mock-resolv.524gza7b:/etc/resolv.conf', '--console=pipe', '--setenv=TERM=vt100', '--setenv=SHELL=/bin/bash', '--setenv=HOME=/builddir', '--setenv=HOSTNAME=mock', '--setenv=PATH=/usr/bin:/bin:/usr/sbin:/sbin', '--setenv=PROMPT_COMMAND=printf "\\033]0;<mock-chroot>\\007"', '--setenv=PS1=<mock-chroot> \\s-\\v\\$ ', '--setenv=LANG=C.UTF-8', '--resolv-conf=off', '/bin/rpm', '-qa', '--root', '/var/lib/mock/redsleeve-local-9-armv6hl/root'] with env {'TERM': 'vt100', 'SHELL': '/bin/bash', 'HOME': '/builddir', 'HOSTNAME': 'mock', 'PATH': '/usr/bin:/bin:/usr/sbin:/sbin', 'PROMPT_COMMAND': 'printf "\\033]0;<mock-chroot>\\007"', 'PS1': '<mock-chroot> \\s-\\v\\$ ', 'LANG': 'C.UTF-8', 'SYSTEMD_NSPAWN_TMPFS_TMP': '0', 'SYSTEMD_SECCOMP': '0'} and shell False
DEBUG util.py:463:  gpg-pubkey-2f00d701-6317b177
DEBUG util.py:463:  rust-srpm-macros-17-4.el9.redsleeve.noarch
DEBUG util.py:463:  qt5-srpm-macros-5.15.9-1.el9.noarch
DEBUG util.py:463:  perl-srpm-macros-1-41.el9.noarch
DEBUG util.py:463:  openblas-srpm-macros-2-11.el9.redsleeve.noarch
DEBUG util.py:463:  ocaml-srpm-macros-6-6.el9.noarch
DEBUG util.py:463:  ghc-srpm-macros-1.5.0-6.el9.noarch
DEBUG util.py:463:  tzdata-2026c-1.el9_8.noarch
DEBUG util.py:463:  publicsuffix-list-dafsa-20210518-3.el9.noarch
DEBUG util.py:463:  pkgconf-m4-1.7.3-10.el9.noarch
DEBUG util.py:463:  pcre2-syntax-10.40-6.el9.noarch
DEBUG util.py:463:  ncurses-base-6.2-12.20210508.el9.noarch
DEBUG util.py:463:  libssh-config-0.10.4-18.el9.noarch
DEBUG util.py:463:  gawk-all-langpacks-5.1.0-6.el9.armv6hl
DEBUG util.py:463:  coreutils-common-8.32-41.el9_8.armv6hl
DEBUG util.py:463:  ncurses-libs-6.2-12.20210508.el9.armv6hl
DEBUG util.py:463:  redsleeve-release-9.8-0.el9.noarch
DEBUG util.py:463:  setup-2.13.7-10.el9.noarch
DEBUG util.py:463:  filesystem-3.16-5.el9.armv6hl
DEBUG util.py:463:  basesystem-11-13.el9.0.1.noarch
DEBUG util.py:463:  bash-5.1.8-9.el9.armv6hl
DEBUG util.py:463:  libgcc-11.5.0-14.el9.redsleeve.armv6hl
DEBUG util.py:463:  glibc-gconv-extra-2.34-275.el9_8.redsleeve.armv6hl
DEBUG util.py:463:  glibc-minimal-langpack-2.34-275.el9_8.redsleeve.armv6hl
DEBUG util.py:463:  glibc-common-2.34-275.el9_8.redsleeve.armv6hl
DEBUG util.py:463:  glibc-2.34-275.el9_8.redsleeve.armv6hl
DEBUG util.py:463:  crypto-policies-20260224-1.gitea0f072.el9.noarch
DEBUG util.py:463:  systemd-rpm-macros-252-67.el9_8.4.redsleeve.noarch
DEBUG util.py:463:  zlib-1.2.11-40.el9.armv6hl
DEBUG util.py:463:  xz-libs-5.2.5-8.el9.armv6hl
DEBUG util.py:463:  bzip2-libs-1.0.8-11.el9.armv6hl
DEBUG util.py:463:  libacl-2.4.0-1.el9_8.armv6hl
DEBUG util.py:463:  libzstd-1.5.5-1.el9.armv6hl
DEBUG util.py:463:  libxcrypt-4.4.18-3.el9.armv6hl
DEBUG util.py:463:  elfutils-libelf-0.194-1.el9.rocky.0.1.armv6hl
DEBUG util.py:463:  libcap-2.48-10.el9.1.armv6hl
DEBUG util.py:463:  libstdc++-11.5.0-14.el9.redsleeve.armv6hl
DEBUG util.py:463:  libuuid-2.37.4-25.el9.armv6hl
DEBUG util.py:463:  gmp-6.2.0-13.el9.armv6hl
DEBUG util.py:463:  lz4-libs-1.9.3-5.el9.armv6hl
DEBUG util.py:463:  popt-1.18-8.el9.armv6hl
DEBUG util.py:463:  libattr-2.5.1-3.el9.armv6hl
DEBUG util.py:463:  libcap-ng-0.8.2-7.el9.armv6hl
DEBUG util.py:463:  audit-libs-3.1.5-8.el9.armv6hl
DEBUG util.py:463:  libcom_err-1.46.5-8.el9.armv6hl
DEBUG util.py:463:  readline-8.1-4.el9.armv6hl
DEBUG util.py:463:  mpfr-4.1.0-10.el9.armv6hl
DEBUG util.py:463:  dwz-0.16-1.el9.armv6hl
DEBUG util.py:463:  unzip-6.0-60.el9_8.armv6hl
DEBUG util.py:463:  file-libs-5.39-17.el9.armv6hl
DEBUG util.py:463:  file-5.39-17.el9.armv6hl
DEBUG util.py:463:  sqlite-libs-3.34.1-10.el9_8.armv6hl
DEBUG util.py:463:  alternatives-1.24-2.el9.armv6hl
DEBUG util.py:463:  gdbm-libs-1.23-1.el9.armv6hl
DEBUG util.py:463:  libatomic-11.5.0-14.el9.redsleeve.armv6hl
DEBUG util.py:463:  libffi-3.4.2-8.el9.armv6hl
DEBUG util.py:463:  libsepol-3.6-3.el9.armv6hl
DEBUG util.py:463:  libsigsegv-2.13-4.el9.armv6hl
DEBUG util.py:463:  gawk-5.1.0-6.el9.armv6hl
DEBUG util.py:463:  libsmartcols-2.37.4-25.el9.armv6hl
DEBUG util.py:463:  libtasn1-4.16.0-10.el9_8.redsleeve.armv6hl
DEBUG util.py:463:  p11-kit-0.26.4-1.el9_8.armv6hl
DEBUG util.py:463:  libunistring-0.9.10-15.el9.armv6hl
DEBUG util.py:463:  libidn2-2.3.0-7.el9.armv6hl
DEBUG util.py:463:  lua-libs-5.4.4-4.el9.armv6hl
DEBUG util.py:463:  pcre2-10.40-6.el9.armv6hl
DEBUG util.py:463:  libselinux-3.6-3.el9.armv6hl
DEBUG util.py:463:  sed-4.8-10.el9_8.armv6hl
DEBUG util.py:463:  findutils-4.8.0-7.el9.armv6hl
DEBUG util.py:463:  libsemanage-3.6-5.el9.armv6hl
DEBUG util.py:463:  shadow-utils-4.9-16.el9.armv6hl
DEBUG util.py:463:  libutempter-1.2.1-6.el9.armv6hl
DEBUG util.py:463:  tar-1.34-11.el9.armv6hl
DEBUG util.py:463:  libpsl-0.21.1-5.el9.armv6hl
DEBUG util.py:463:  p11-kit-trust-0.26.4-1.el9_8.armv6hl
DEBUG util.py:463:  zip-3.0-35.el9.armv6hl
DEBUG util.py:463:  zstd-1.5.5-1.el9.armv6hl
DEBUG util.py:463:  groff-base-1.22.4-10.el9.armv6hl
DEBUG util.py:463:  acl-2.4.0-1.el9_8.armv6hl
DEBUG util.py:463:  bzip2-1.0.8-11.el9.armv6hl
DEBUG util.py:463:  libxml2-2.9.13-14.el9_8.2.armv6hl
DEBUG util.py:463:  info-6.7-15.el9.armv6hl
DEBUG util.py:463:  ed-1.14.2-12.el9.armv6hl
DEBUG util.py:463:  patch-2.7.6-16.el9.armv6hl
DEBUG util.py:463:  cpio-2.13-16.el9.armv6hl
DEBUG util.py:463:  diffutils-3.7-12.el9.armv6hl
DEBUG util.py:463:  expat-2.5.0-6.el9_8.1.armv6hl
DEBUG util.py:463:  json-c-0.14-11.el9.armv6hl
DEBUG util.py:463:  keyutils-libs-1.6.3-1.el9.armv6hl
DEBUG util.py:463:  libbrotli-1.0.9-9.el9.armv6hl
DEBUG util.py:463:  libdb-5.3.28-57.el9.armv6hl
DEBUG util.py:463:  libeconf-0.4.1-7.el9_8.armv6hl
DEBUG util.py:463:  libgomp-11.5.0-14.el9.redsleeve.armv6hl
DEBUG util.py:463:  libgpg-error-1.42-5.el9.armv6hl
DEBUG util.py:463:  libgcrypt-1.10.0-13.el9_8.armv6hl
DEBUG util.py:463:  libnghttp2-1.43.0-6.el9.1.armv6hl
DEBUG util.py:463:  libpkgconf-1.7.3-10.el9.armv6hl
DEBUG util.py:463:  pkgconf-1.7.3-10.el9.armv6hl
DEBUG util.py:463:  pkgconf-pkg-config-1.7.3-10.el9.armv6hl
DEBUG util.py:463:  libseccomp-2.5.2-2.el9.redsleeve.armv6hl
DEBUG util.py:463:  libtool-ltdl-2.4.6-46.el9.armv6hl
DEBUG util.py:463:  libverto-0.3.2-3.el9.armv6hl
DEBUG util.py:463:  ncurses-6.2-12.20210508.el9.armv6hl
DEBUG util.py:463:  pcre-8.44-4.el9.armv6hl
DEBUG util.py:463:  grep-3.6-5.el9.armv6hl
DEBUG util.py:463:  openssl-fips-provider-3.5.5-6.el9_8.armv6hl
DEBUG util.py:463:  openssl-libs-3.5.5-6.el9_8.armv6hl
DEBUG util.py:463:  coreutils-8.32-41.el9_8.armv6hl
DEBUG util.py:463:  ca-certificates-2025.2.80_v9.0.305-91.el9.noarch
DEBUG util.py:463:  libblkid-2.37.4-25.el9.armv6hl
DEBUG util.py:463:  systemd-libs-252-67.el9_8.4.redsleeve.armv6hl
DEBUG util.py:463:  libmount-2.37.4-25.el9.armv6hl
DEBUG util.py:463:  krb5-libs-1.21.1-10.el9_8.armv6hl
DEBUG util.py:463:  libfdisk-2.37.4-25.el9.armv6hl
DEBUG util.py:463:  gzip-1.12-1.el9.armv6hl
DEBUG util.py:463:  cracklib-2.9.6-28.el9.armv6hl
DEBUG util.py:463:  libarchive-3.5.3-9.el9.armv6hl
DEBUG util.py:463:  xz-5.2.5-8.el9.armv6hl
DEBUG util.py:463:  cracklib-dicts-2.9.6-28.el9.armv6hl
DEBUG util.py:463:  perl-Digest-1.19-4.el9.noarch
DEBUG util.py:463:  perl-Digest-MD5-2.58-4.el9.armv6hl
DEBUG util.py:463:  perl-B-1.80-483.el9.armv6hl
DEBUG util.py:463:  perl-FileHandle-2.03-483.el9.noarch
DEBUG util.py:463:  perl-Data-Dumper-2.174-462.el9.armv6hl
DEBUG util.py:463:  perl-libnet-3.13-4.el9.noarch
DEBUG util.py:463:  perl-AutoLoader-5.74-483.el9.noarch
DEBUG util.py:463:  perl-base-2.27-483.el9.noarch
DEBUG util.py:463:  perl-URI-5.09-3.el9.noarch
DEBUG util.py:463:  perl-if-0.60.800-483.el9.noarch
DEBUG util.py:463:  perl-IO-Socket-IP-0.41-5.el9.noarch
DEBUG util.py:463:  perl-Time-Local-1.300-7.el9.noarch
DEBUG util.py:463:  perl-File-Path-2.18-4.el9.noarch
DEBUG util.py:463:  perl-IO-Socket-SSL-2.073-2.el9.noarch
DEBUG util.py:463:  perl-Net-SSLeay-1.94-3.el9.armv6hl
DEBUG util.py:463:  perl-Pod-Escapes-1.07-460.el9.noarch
DEBUG util.py:463:  perl-Text-Tabs+Wrap-2013.0523-460.el9.noarch
DEBUG util.py:463:  perl-Mozilla-CA-20200520-6.el9.noarch
DEBUG util.py:463:  perl-Class-Struct-0.66-483.el9.noarch
DEBUG util.py:463:  perl-POSIX-1.94-483.el9.armv6hl
DEBUG util.py:463:  perl-Term-ANSIColor-5.01-461.el9.noarch
DEBUG util.py:463:  perl-IPC-Open3-1.21-483.el9.noarch
DEBUG util.py:463:  perl-subs-1.03-483.el9.noarch
DEBUG util.py:463:  perl-File-Temp-0.231.100-4.el9.noarch
DEBUG util.py:463:  perl-Term-Cap-1.17-460.el9.noarch
DEBUG util.py:463:  perl-Pod-Simple-3.42-4.el9.noarch
DEBUG util.py:463:  perl-HTTP-Tiny-0.076-462.el9.noarch
DEBUG util.py:463:  perl-Socket-2.031-4.el9.armv6hl
DEBUG util.py:463:  perl-SelectSaver-1.02-483.el9.noarch
DEBUG util.py:463:  perl-Symbol-1.08-483.el9.noarch
DEBUG util.py:463:  perl-File-stat-1.09-483.el9.noarch
DEBUG util.py:463:  perl-podlators-4.14-460.el9.noarch
DEBUG util.py:463:  perl-Pod-Perldoc-3.28.01-461.el9.noarch
DEBUG util.py:463:  perl-Fcntl-1.13-483.el9.armv6hl
DEBUG util.py:463:  perl-Text-ParseWords-3.30-460.el9.noarch
DEBUG util.py:463:  perl-mro-1.23-483.el9.armv6hl
DEBUG util.py:463:  perl-IO-1.43-483.el9.armv6hl
DEBUG util.py:463:  perl-overloading-0.02-483.el9.noarch
DEBUG util.py:463:  perl-Pod-Usage-2.01-4.el9.noarch
DEBUG util.py:463:  perl-Errno-1.30-483.el9.armv6hl
DEBUG util.py:463:  perl-File-Basename-2.85-483.el9.noarch
DEBUG util.py:463:  perl-Getopt-Std-1.12-483.el9.noarch
DEBUG util.py:463:  perl-MIME-Base64-3.16-4.el9.armv6hl
DEBUG util.py:463:  perl-Scalar-List-Utils-1.56-462.el9.armv6hl
DEBUG util.py:463:  perl-constant-1.33-461.el9.noarch
DEBUG util.py:463:  perl-Storable-3.21-460.el9.armv6hl
DEBUG util.py:463:  perl-overload-1.31-483.el9.noarch
DEBUG util.py:463:  perl-parent-0.238-460.el9.noarch
DEBUG util.py:463:  perl-vars-1.05-483.el9.noarch
DEBUG util.py:463:  perl-Getopt-Long-2.52-4.el9.noarch
DEBUG util.py:463:  perl-Carp-1.50-460.el9.noarch
DEBUG util.py:463:  perl-Exporter-5.74-461.el9.noarch
DEBUG util.py:463:  perl-NDBM_File-1.15-483.el9.armv6hl
DEBUG util.py:463:  perl-PathTools-3.78-461.el9.armv6hl
DEBUG util.py:463:  perl-Encode-3.08-462.el9.armv6hl
DEBUG util.py:463:  perl-libs-5.32.1-483.el9.armv6hl
DEBUG util.py:463:  perl-interpreter-5.32.1-483.el9.armv6hl
DEBUG util.py:463:  kernel-srpm-macros-1.0-14.el9.noarch
DEBUG util.py:463:  cyrus-sasl-lib-2.1.27-22.el9.armv6hl
DEBUG util.py:463:  libssh-0.10.4-18.el9.armv6hl
DEBUG util.py:463:  util-linux-core-2.37.4-25.el9.armv6hl
DEBUG util.py:463:  openssl-3.5.5-6.el9_8.armv6hl
DEBUG util.py:463:  libpwquality-1.4.4-8.el9.armv6hl
DEBUG util.py:463:  pam-1.5.1-28.el9.armv6hl
DEBUG util.py:463:  util-linux-2.37.4-25.el9.armv6hl
DEBUG util.py:463:  kmod-libs-28-11.el9.armv6hl
DEBUG util.py:463:  dbus-1.12.20-8.el9.armv6hl
DEBUG util.py:463:  systemd-pam-252-67.el9_8.4.redsleeve.armv6hl
DEBUG util.py:463:  systemd-252-67.el9_8.4.redsleeve.armv6hl
DEBUG util.py:463:  dbus-common-1.12.20-8.el9.noarch
DEBUG util.py:463:  dbus-broker-28-8.el9.armv6hl
DEBUG util.py:463:  elfutils-default-yama-scope-0.194-1.el9.rocky.0.1.noarch
DEBUG util.py:463:  elfutils-libs-0.194-1.el9.rocky.0.1.armv6hl
DEBUG util.py:463:  libevent-2.1.12-8.el9.armv6hl
DEBUG util.py:463:  openldap-2.6.8-4.el9.0.1.armv6hl
DEBUG util.py:463:  libcurl-7.76.1-40.el9.armv6hl
DEBUG util.py:463:  elfutils-debuginfod-client-0.194-1.el9.rocky.0.1.armv6hl
DEBUG util.py:463:  binutils-gold-2.35.2-72.el9.redsleeve.armv6hl
DEBUG util.py:463:  binutils-2.35.2-72.el9.redsleeve.armv6hl
DEBUG util.py:463:  elfutils-0.194-1.el9.rocky.0.1.armv6hl
DEBUG util.py:463:  gdb-minimal-16.3-3.el9.armv6hl
DEBUG util.py:463:  debugedit-5.0-11.el9.armv6hl
DEBUG util.py:463:  curl-7.76.1-40.el9.armv6hl
DEBUG util.py:463:  rpm-4.16.1.3-40.el9.armv6hl
DEBUG util.py:463:  rpm-libs-4.16.1.3-40.el9.armv6hl
DEBUG util.py:463:  efi-srpm-macros-6-4.el9.noarch
DEBUG util.py:463:  lua-srpm-macros-1-6.el9.noarch
DEBUG util.py:463:  rpm-build-libs-4.16.1.3-40.el9.armv6hl
DEBUG util.py:463:  fonts-srpm-macros-2.0.5-7.el9.1.noarch
DEBUG util.py:463:  go-srpm-macros-3.8.1-1.el9.redsleeve.noarch
DEBUG util.py:463:  python-srpm-macros-3.9-54.el9.noarch
DEBUG util.py:463:  redhat-rpm-config-210-1.el9.redsleeve.noarch
DEBUG util.py:463:  rpm-build-4.16.1.3-40.el9.armv6hl
DEBUG util.py:463:  pyproject-srpm-macros-1.18.5-1.el9.noarch
DEBUG util.py:463:  which-2.21-30.el9.armv6hl
DEBUG util.py:610:  Child return code was: 0
DEBUG util.py:185:  kill orphans in chroot /var/lib/mock/redsleeve-local-9-armv6hl/root
DEBUG util.py:185:  kill orphans in chroot /var/lib/mock/redsleeve-local-9-armv6hl-bootstrap/root/var/lib/mock/redsleeve-local-9-armv6hl/root
DEBUG util.py:636:  child environment: None
DEBUG util.py:558:  Executing command: ['/bin/umount', '-n', '-l', '/var/lib/mock/redsleeve-local-9-armv6hl-bootstrap/root/var/lib/mock/redsleeve-local-9-armv6hl/root'] with env {'TERM': 'vt100', 'SHELL': '/bin/sh', 'HOME': '/builddir', 'HOSTNAME': 'mock', 'PATH': '/usr/bin:/bin:/usr/sbin:/sbin', 'LANG': 'C.UTF-8'} and shell False
DEBUG util.py:610:  Child return code was: 0
DEBUG util.py:636:  child environment: None
DEBUG util.py:558:  Executing command: ['/bin/umount', '-n', '-l', '/var/lib/mock/redsleeve-local-9-armv6hl-bootstrap/root/var/lib/mock/redsleeve-local-9-armv6hl/root'] with env {'TERM': 'vt100', 'SHELL': '/bin/sh', 'HOME': '/builddir', 'HOSTNAME': 'mock', 'PATH': '/usr/bin:/bin:/usr/sbin:/sbin', 'LANG': 'C.UTF-8'} and shell False
DEBUG util.py:610:  Child return code was: 0
DEBUG file_util.py:17:  ensuring that dir exists: /var/lib/mock/redsleeve-local-9-armv6hl/root/proc
DEBUG util.py:636:  child environment: None
DEBUG util.py:558:  Executing command: ['/bin/mount', '-n', '-t', 'tmpfs', '-o', 'rprivate,mode=0755', 'tmpfs', '/var/lib/mock/redsleeve-local-9-armv6hl/root/proc'] with env {'TERM': 'vt100', 'SHELL': '/bin/sh', 'HOME': '/builddir', 'HOSTNAME': 'mock', 'PATH': '/usr/bin:/bin:/usr/sbin:/sbin', 'LANG': 'C.UTF-8'} and shell False
DEBUG util.py:610:  Child return code was: 0
DEBUG file_util.py:17:  ensuring that dir exists: /var/lib/mock/redsleeve-local-9-armv6hl/root/proc
DEBUG util.py:636:  child environment: None
DEBUG util.py:558:  Executing command: ['/bin/mount', '-n', '-o', 'rbind', '/proc', '/var/lib/mock/redsleeve-local-9-armv6hl/root/proc'] with env {'TERM': 'vt100', 'SHELL': '/bin/sh', 'HOME': '/builddir', 'HOSTNAME': 'mock', 'PATH': '/usr/bin:/bin:/usr/sbin:/sbin', 'LANG': 'C.UTF-8'} and shell False
DEBUG util.py:610:  Child return code was: 0
DEBUG util.py:636:  child environment: None
DEBUG util.py:558:  Executing command: ['/bin/mount', '-n', '-o', 'remount,nodev,noexec,nosuid,readonly,rprivate,rbind', '--target', '/var/lib/mock/redsleeve-local-9-armv6hl/root/proc'] with env {'TERM': 'vt100', 'SHELL': '/bin/sh', 'HOME': '/builddir', 'HOSTNAME': 'mock', 'PATH': '/usr/bin:/bin:/usr/sbin:/sbin', 'LANG': 'C.UTF-8'} and shell False
DEBUG util.py:610:  Child return code was: 0
DEBUG file_util.py:17:  ensuring that dir exists: /var/lib/mock/redsleeve-local-9-armv6hl/root/sys
DEBUG util.py:636:  child environment: None
DEBUG util.py:558:  Executing command: ['/bin/mount', '-n', '-t', 'tmpfs', '-o', 'rprivate,mode=0755', 'tmpfs', '/var/lib/mock/redsleeve-local-9-armv6hl/root/sys'] with env {'TERM': 'vt100', 'SHELL': '/bin/sh', 'HOME': '/builddir', 'HOSTNAME': 'mock', 'PATH': '/usr/bin:/bin:/usr/sbin:/sbin', 'LANG': 'C.UTF-8'} and shell False
DEBUG util.py:610:  Child return code was: 0
DEBUG file_util.py:17:  ensuring that dir exists: /var/lib/mock/redsleeve-local-9-armv6hl/root/sys
DEBUG util.py:636:  child environment: None
DEBUG util.py:558:  Executing command: ['/bin/mount', '-n', '-o', 'rbind', '/sys', '/var/lib/mock/redsleeve-local-9-armv6hl/root/sys'] with env {'TERM': 'vt100', 'SHELL': '/bin/sh', 'HOME': '/builddir', 'HOSTNAME': 'mock', 'PATH': '/usr/bin:/bin:/usr/sbin:/sbin', 'LANG': 'C.UTF-8'} and shell False
DEBUG util.py:610:  Child return code was: 0
DEBUG util.py:636:  child environment: None
DEBUG util.py:558:  Executing command: ['/bin/mount', '-n', '-o', 'remount,nodev,noexec,nosuid,readonly,rprivate,rbind', '--target', '/var/lib/mock/redsleeve-local-9-armv6hl/root/sys'] with env {'TERM': 'vt100', 'SHELL': '/bin/sh', 'HOME': '/builddir', 'HOSTNAME': 'mock', 'PATH': '/usr/bin:/bin:/usr/sbin:/sbin', 'LANG': 'C.UTF-8'} and shell False
DEBUG util.py:610:  Child return code was: 0
DEBUG file_util.py:17:  ensuring that dir exists: /var/lib/mock/redsleeve-local-9-armv6hl/root/dev/shm
DEBUG util.py:636:  child environment: None
DEBUG util.py:558:  Executing command: ['/bin/mount', '-n', '-t', 'tmpfs', 'tmpfs', '/var/lib/mock/redsleeve-local-9-armv6hl/root/dev/shm'] with env {'TERM': 'vt100', 'SHELL': '/bin/sh', 'HOME': '/builddir', 'HOSTNAME': 'mock', 'PATH': '/usr/bin:/bin:/usr/sbin:/sbin', 'LANG': 'C.UTF-8'} and shell False
DEBUG util.py:610:  Child return code was: 0
DEBUG file_util.py:17:  ensuring that dir exists: /var/lib/mock/redsleeve-local-9-armv6hl/root/dev/pts
DEBUG util.py:636:  child environment: None
DEBUG util.py:558:  Executing command: ['/bin/mount', '-n', '-t', 'devpts', '-o', 'gid=5,mode=0620,ptmxmode=0666,newinstance', 'devpts', '/var/lib/mock/redsleeve-local-9-armv6hl/root/dev/pts'] with env {'TERM': 'vt100', 'SHELL': '/bin/sh', 'HOME': '/builddir', 'HOSTNAME': 'mock', 'PATH': '/usr/bin:/bin:/usr/sbin:/sbin', 'LANG': 'C.UTF-8'} and shell False
DEBUG util.py:610:  Child return code was: 0
DEBUG file_util.py:17:  ensuring that dir exists: /var/lib/mock/redsleeve-local-9-armv6hl-bootstrap/root/var/lib/mock/redsleeve-local-9-armv6hl/root
DEBUG util.py:636:  child environment: None
DEBUG util.py:558:  Executing command: ['/bin/mount', '-n', '-t', 'tmpfs', '-o', 'private,mode=0755', 'tmpfs', '/var/lib/mock/redsleeve-local-9-armv6hl-bootstrap/root/var/lib/mock/redsleeve-local-9-armv6hl/root'] with env {'TERM': 'vt100', 'SHELL': '/bin/sh', 'HOME': '/builddir', 'HOSTNAME': 'mock', 'PATH': '/usr/bin:/bin:/usr/sbin:/sbin', 'LANG': 'C.UTF-8'} and shell False
DEBUG util.py:610:  Child return code was: 0
DEBUG file_util.py:17:  ensuring that dir exists: /var/lib/mock/redsleeve-local-9-armv6hl-bootstrap/root/var/lib/mock/redsleeve-local-9-armv6hl/root
DEBUG util.py:636:  child environment: None
DEBUG util.py:558:  Executing command: ['/bin/mount', '-n', '-o', 'rbind', '/var/lib/mock/redsleeve-local-9-armv6hl/root', '/var/lib/mock/redsleeve-local-9-armv6hl-bootstrap/root/var/lib/mock/redsleeve-local-9-armv6hl/root'] with env {'TERM': 'vt100', 'SHELL': '/bin/sh', 'HOME': '/builddir', 'HOSTNAME': 'mock', 'PATH': '/usr/bin:/bin:/usr/sbin:/sbin', 'LANG': 'C.UTF-8'} and shell False
DEBUG util.py:610:  Child return code was: 0
DEBUG util.py:636:  child environment: None
DEBUG util.py:558:  Executing command: ['/bin/mount', '-n', '-o', 'remount,private,rbind', '--target', '/var/lib/mock/redsleeve-local-9-armv6hl-bootstrap/root/var/lib/mock/redsleeve-local-9-armv6hl/root'] with env {'TERM': 'vt100', 'SHELL': '/bin/sh', 'HOME': '/builddir', 'HOSTNAME': 'mock', 'PATH': '/usr/bin:/bin:/usr/sbin:/sbin', 'LANG': 'C.UTF-8'} and shell False
DEBUG util.py:610:  Child return code was: 0
DEBUG file_util.py:17:  ensuring that dir exists: /var/lib/mock/redsleeve-local-9-armv6hl/root/installation-homedir
DEBUG package_manager.py:295:  ['/usr/bin/dnf-3', '--installroot', '/var/lib/mock/redsleeve-local-9-armv6hl/root/', '-y', '--releasever', '9', '--setopt=deltarpm=False', '--setopt=allow_vendor_change=yes', '--allowerasing', '--disableplugin=local', '--disableplugin=spacewalk', '--disableplugin=versionlock', 'update']
DEBUG util.py:636:  child environment: None
DEBUG util.py:553:  Using nspawn with args ['--capability=cap_ipc_lock', '--bind=/tmp/mock-resolv.524gza7b:/etc/resolv.conf']
DEBUG util.py:558:  Executing command: ['/usr/bin/systemd-nspawn', '-q', '-M', '79699ba2ba324f5dbd4adfa5d2be8948', '-D', '/var/lib/mock/redsleeve-local-9-armv6hl-bootstrap/root', '-a', '--capability=cap_ipc_lock', '--bind=/tmp/mock-resolv.524gza7b:/etc/resolv.conf', '--console=pipe', '--setenv=TERM=vt100', '--setenv=SHELL=/bin/bash', '--setenv=HOME=/var/lib/mock/redsleeve-local-9-armv6hl/root/installation-homedir', '--setenv=HOSTNAME=mock', '--setenv=PATH=/usr/bin:/bin:/usr/sbin:/sbin', '--setenv=PROMPT_COMMAND=printf "\\033]0;<mock-chroot>\\007"', '--setenv=PS1=<mock-chroot> \\s-\\v\\$ ', '--setenv=LANG=C.UTF-8', '--setenv=LC_MESSAGES=C.UTF-8', '--resolv-conf=off', '/usr/bin/dnf-3', '--installroot', '/var/lib/mock/redsleeve-local-9-armv6hl/root/', '-y', '--releasever', '9', '--setopt=deltarpm=False', '--setopt=allow_vendor_change=yes', '--allowerasing', '--disableplugin=local', '--disableplugin=spacewalk', '--disableplugin=versionlock', 'update'] with env {'TERM': 'vt100', 'SHELL': '/bin/bash', 'HOME': '/var/lib/mock/redsleeve-local-9-armv6hl/root/installation-homedir', 'HOSTNAME': 'mock', 'PATH': '/usr/bin:/bin:/usr/sbin:/sbin', 'PROMPT_COMMAND': 'printf "\\033]0;<mock-chroot>\\007"', 'PS1': '<mock-chroot> \\s-\\v\\$ ', 'LANG': 'C.UTF-8', 'LC_MESSAGES': 'C.UTF-8', 'SYSTEMD_NSPAWN_TMPFS_TMP': '0', 'SYSTEMD_SECCOMP': '0'} and shell False
DEBUG util.py:461:  No matches found for the following disable plugin patterns: local, spacewalk, versionlock
DEBUG util.py:463:  RedSleeve-9 - BaseOS                                                                                      6.2 MB/s | 2.4 MB     00:00    
DEBUG util.py:463:  RedSleeve-9 - AppStream                                                                                   2.1 MB/s |  10 MB     00:04    
DEBUG util.py:463:  RedSleeve-9 - CRB                                                                                         6.1 MB/s | 809 kB     00:00    
DEBUG util.py:463:  Last metadata expiration check: 0:00:01 ago on Sun Aug  9 20:42:48 2026.
DEBUG util.py:463:  Dependencies resolved.
DEBUG util.py:463:  Nothing to do.
DEBUG util.py:463:  Complete!
DEBUG util.py:610:  Child return code was: 0
DEBUG util.py:185:  kill orphans in chroot /var/lib/mock/redsleeve-local-9-armv6hl/root
DEBUG util.py:185:  kill orphans in chroot /var/lib/mock/redsleeve-local-9-armv6hl-bootstrap/root/var/lib/mock/redsleeve-local-9-armv6hl/root
DEBUG util.py:636:  child environment: None
DEBUG util.py:558:  Executing command: ['/bin/umount', '-n', '-l', '/var/lib/mock/redsleeve-local-9-armv6hl-bootstrap/root/var/lib/mock/redsleeve-local-9-armv6hl/root'] with env {'TERM': 'vt100', 'SHELL': '/bin/sh', 'HOME': '/builddir', 'HOSTNAME': 'mock', 'PATH': '/usr/bin:/bin:/usr/sbin:/sbin', 'LANG': 'C.UTF-8'} and shell False
DEBUG util.py:610:  Child return code was: 0
DEBUG util.py:636:  child environment: None
DEBUG util.py:558:  Executing command: ['/bin/umount', '-n', '-l', '/var/lib/mock/redsleeve-local-9-armv6hl-bootstrap/root/var/lib/mock/redsleeve-local-9-armv6hl/root'] with env {'TERM': 'vt100', 'SHELL': '/bin/sh', 'HOME': '/builddir', 'HOSTNAME': 'mock', 'PATH': '/usr/bin:/bin:/usr/sbin:/sbin', 'LANG': 'C.UTF-8'} and shell False
DEBUG util.py:610:  Child return code was: 0
DEBUG util.py:636:  child environment: None
DEBUG util.py:558:  Executing command: ['/bin/umount', '-n', '-l', '/var/lib/mock/redsleeve-local-9-armv6hl/root/dev/pts'] with env {'TERM': 'vt100', 'SHELL': '/bin/sh', 'HOME': '/builddir', 'HOSTNAME': 'mock', 'PATH': '/usr/bin:/bin:/usr/sbin:/sbin', 'LANG': 'C.UTF-8'} and shell False
DEBUG util.py:610:  Child return code was: 0
DEBUG util.py:636:  child environment: None
DEBUG util.py:558:  Executing command: ['/bin/umount', '-n', '-l', '/var/lib/mock/redsleeve-local-9-armv6hl/root/dev/shm'] with env {'TERM': 'vt100', 'SHELL': '/bin/sh', 'HOME': '/builddir', 'HOSTNAME': 'mock', 'PATH': '/usr/bin:/bin:/usr/sbin:/sbin', 'LANG': 'C.UTF-8'} and shell False
DEBUG util.py:610:  Child return code was: 0
DEBUG util.py:636:  child environment: None
DEBUG util.py:558:  Executing command: ['/bin/umount', '-n', '-l', '/var/lib/mock/redsleeve-local-9-armv6hl/root/sys'] with env {'TERM': 'vt100', 'SHELL': '/bin/sh', 'HOME': '/builddir', 'HOSTNAME': 'mock', 'PATH': '/usr/bin:/bin:/usr/sbin:/sbin', 'LANG': 'C.UTF-8'} and shell False
DEBUG util.py:610:  Child return code was: 0
DEBUG util.py:636:  child environment: None
DEBUG util.py:558:  Executing command: ['/bin/umount', '-n', '-l', '/var/lib/mock/redsleeve-local-9-armv6hl/root/sys'] with env {'TERM': 'vt100', 'SHELL': '/bin/sh', 'HOME': '/builddir', 'HOSTNAME': 'mock', 'PATH': '/usr/bin:/bin:/usr/sbin:/sbin', 'LANG': 'C.UTF-8'} and shell False
DEBUG util.py:610:  Child return code was: 0
DEBUG util.py:636:  child environment: None
DEBUG util.py:558:  Executing command: ['/bin/umount', '-n', '-l', '/var/lib/mock/redsleeve-local-9-armv6hl/root/proc'] with env {'TERM': 'vt100', 'SHELL': '/bin/sh', 'HOME': '/builddir', 'HOSTNAME': 'mock', 'PATH': '/usr/bin:/bin:/usr/sbin:/sbin', 'LANG': 'C.UTF-8'} and shell False
DEBUG util.py:610:  Child return code was: 0
DEBUG util.py:636:  child environment: None
DEBUG util.py:558:  Executing command: ['/bin/umount', '-n', '-l', '/var/lib/mock/redsleeve-local-9-armv6hl/root/proc'] with env {'TERM': 'vt100', 'SHELL': '/bin/sh', 'HOME': '/builddir', 'HOSTNAME': 'mock', 'PATH': '/usr/bin:/bin:/usr/sbin:/sbin', 'LANG': 'C.UTF-8'} and shell False
DEBUG util.py:610:  Child return code was: 0
DEBUG file_util.py:17:  ensuring that dir exists: /var/lib/mock/redsleeve-local-9-armv6hl-bootstrap/root/var/lib/mock/redsleeve-local-9-armv6hl/root
DEBUG util.py:636:  child environment: None
DEBUG util.py:558:  Executing command: ['/bin/mount', '-n', '-t', 'tmpfs', '-o', 'private,mode=0755', 'tmpfs', '/var/lib/mock/redsleeve-local-9-armv6hl-bootstrap/root/var/lib/mock/redsleeve-local-9-armv6hl/root'] with env {'TERM': 'vt100', 'SHELL': '/bin/sh', 'HOME': '/builddir', 'HOSTNAME': 'mock', 'PATH': '/usr/bin:/bin:/usr/sbin:/sbin', 'LANG': 'C.UTF-8'} and shell False
DEBUG util.py:610:  Child return code was: 0
DEBUG file_util.py:17:  ensuring that dir exists: /var/lib/mock/redsleeve-local-9-armv6hl-bootstrap/root/var/lib/mock/redsleeve-local-9-armv6hl/root
DEBUG util.py:636:  child environment: None
DEBUG util.py:558:  Executing command: ['/bin/mount', '-n', '-o', 'rbind', '/var/lib/mock/redsleeve-local-9-armv6hl/root', '/var/lib/mock/redsleeve-local-9-armv6hl-bootstrap/root/var/lib/mock/redsleeve-local-9-armv6hl/root'] with env {'TERM': 'vt100', 'SHELL': '/bin/sh', 'HOME': '/builddir', 'HOSTNAME': 'mock', 'PATH': '/usr/bin:/bin:/usr/sbin:/sbin', 'LANG': 'C.UTF-8'} and shell False
DEBUG util.py:610:  Child return code was: 0
DEBUG util.py:636:  child environment: None
DEBUG util.py:558:  Executing command: ['/bin/mount', '-n', '-o', 'remount,private,rbind', '--target', '/var/lib/mock/redsleeve-local-9-armv6hl-bootstrap/root/var/lib/mock/redsleeve-local-9-armv6hl/root'] with env {'TERM': 'vt100', 'SHELL': '/bin/sh', 'HOME': '/builddir', 'HOSTNAME': 'mock', 'PATH': '/usr/bin:/bin:/usr/sbin:/sbin', 'LANG': 'C.UTF-8'} and shell False
DEBUG util.py:610:  Child return code was: 0
DEBUG util.py:636:  child environment: None
DEBUG util.py:553:  Using nspawn with args ['--capability=cap_ipc_lock', '--bind=/tmp/mock-resolv.524gza7b:/etc/resolv.conf']
DEBUG util.py:558:  Executing command: ['/usr/bin/systemd-nspawn', '-q', '-M', 'd20ae8572f1d40bd8aed7532669ebfa7', '-D', '/var/lib/mock/redsleeve-local-9-armv6hl-bootstrap/root', '-a', '--capability=cap_ipc_lock', '--bind=/tmp/mock-resolv.524gza7b:/etc/resolv.conf', '--console=pipe', '--setenv=TERM=vt100', '--setenv=SHELL=/bin/bash', '--setenv=HOME=/builddir', '--setenv=HOSTNAME=mock', '--setenv=PATH=/usr/bin:/bin:/usr/sbin:/sbin', '--setenv=PROMPT_COMMAND=printf "\\033]0;<mock-chroot>\\007"', '--setenv=PS1=<mock-chroot> \\s-\\v\\$ ', '--setenv=LANG=C.UTF-8', '--resolv-conf=off', '/bin/rpm', '-qa', '--root', '/var/lib/mock/redsleeve-local-9-armv6hl/root'] with env {'TERM': 'vt100', 'SHELL': '/bin/bash', 'HOME': '/builddir', 'HOSTNAME': 'mock', 'PATH': '/usr/bin:/bin:/usr/sbin:/sbin', 'PROMPT_COMMAND': 'printf "\\033]0;<mock-chroot>\\007"', 'PS1': '<mock-chroot> \\s-\\v\\$ ', 'LANG': 'C.UTF-8', 'SYSTEMD_NSPAWN_TMPFS_TMP': '0', 'SYSTEMD_SECCOMP': '0'} and shell False
DEBUG util.py:463:  gpg-pubkey-2f00d701-6317b177
DEBUG util.py:463:  rust-srpm-macros-17-4.el9.redsleeve.noarch
DEBUG util.py:463:  qt5-srpm-macros-5.15.9-1.el9.noarch
DEBUG util.py:463:  perl-srpm-macros-1-41.el9.noarch
DEBUG util.py:463:  openblas-srpm-macros-2-11.el9.redsleeve.noarch
DEBUG util.py:463:  ocaml-srpm-macros-6-6.el9.noarch
DEBUG util.py:463:  ghc-srpm-macros-1.5.0-6.el9.noarch
DEBUG util.py:463:  tzdata-2026c-1.el9_8.noarch
DEBUG util.py:463:  publicsuffix-list-dafsa-20210518-3.el9.noarch
DEBUG util.py:463:  pkgconf-m4-1.7.3-10.el9.noarch
DEBUG util.py:463:  pcre2-syntax-10.40-6.el9.noarch
DEBUG util.py:463:  ncurses-base-6.2-12.20210508.el9.noarch
DEBUG util.py:463:  libssh-config-0.10.4-18.el9.noarch
DEBUG util.py:463:  gawk-all-langpacks-5.1.0-6.el9.armv6hl
DEBUG util.py:463:  coreutils-common-8.32-41.el9_8.armv6hl
DEBUG util.py:463:  ncurses-libs-6.2-12.20210508.el9.armv6hl
DEBUG util.py:463:  redsleeve-release-9.8-0.el9.noarch
DEBUG util.py:463:  setup-2.13.7-10.el9.noarch
DEBUG util.py:463:  filesystem-3.16-5.el9.armv6hl
DEBUG util.py:463:  basesystem-11-13.el9.0.1.noarch
DEBUG util.py:463:  bash-5.1.8-9.el9.armv6hl
DEBUG util.py:463:  libgcc-11.5.0-14.el9.redsleeve.armv6hl
DEBUG util.py:463:  glibc-gconv-extra-2.34-275.el9_8.redsleeve.armv6hl
DEBUG util.py:463:  glibc-minimal-langpack-2.34-275.el9_8.redsleeve.armv6hl
DEBUG util.py:463:  glibc-common-2.34-275.el9_8.redsleeve.armv6hl
DEBUG util.py:463:  glibc-2.34-275.el9_8.redsleeve.armv6hl
DEBUG util.py:463:  crypto-policies-20260224-1.gitea0f072.el9.noarch
DEBUG util.py:463:  systemd-rpm-macros-252-67.el9_8.4.redsleeve.noarch
DEBUG util.py:463:  zlib-1.2.11-40.el9.armv6hl
DEBUG util.py:463:  xz-libs-5.2.5-8.el9.armv6hl
DEBUG util.py:463:  bzip2-libs-1.0.8-11.el9.armv6hl
DEBUG util.py:463:  libacl-2.4.0-1.el9_8.armv6hl
DEBUG util.py:463:  libzstd-1.5.5-1.el9.armv6hl
DEBUG util.py:463:  libxcrypt-4.4.18-3.el9.armv6hl
DEBUG util.py:463:  elfutils-libelf-0.194-1.el9.rocky.0.1.armv6hl
DEBUG util.py:463:  libcap-2.48-10.el9.1.armv6hl
DEBUG util.py:463:  libstdc++-11.5.0-14.el9.redsleeve.armv6hl
DEBUG util.py:463:  libuuid-2.37.4-25.el9.armv6hl
DEBUG util.py:463:  gmp-6.2.0-13.el9.armv6hl
DEBUG util.py:463:  lz4-libs-1.9.3-5.el9.armv6hl
DEBUG util.py:463:  popt-1.18-8.el9.armv6hl
DEBUG util.py:463:  libattr-2.5.1-3.el9.armv6hl
DEBUG util.py:463:  libcap-ng-0.8.2-7.el9.armv6hl
DEBUG util.py:463:  audit-libs-3.1.5-8.el9.armv6hl
DEBUG util.py:463:  libcom_err-1.46.5-8.el9.armv6hl
DEBUG util.py:463:  readline-8.1-4.el9.armv6hl
DEBUG util.py:463:  mpfr-4.1.0-10.el9.armv6hl
DEBUG util.py:463:  dwz-0.16-1.el9.armv6hl
DEBUG util.py:463:  unzip-6.0-60.el9_8.armv6hl
DEBUG util.py:463:  file-libs-5.39-17.el9.armv6hl
DEBUG util.py:463:  file-5.39-17.el9.armv6hl
DEBUG util.py:463:  sqlite-libs-3.34.1-10.el9_8.armv6hl
DEBUG util.py:463:  alternatives-1.24-2.el9.armv6hl
DEBUG util.py:463:  gdbm-libs-1.23-1.el9.armv6hl
DEBUG util.py:463:  libatomic-11.5.0-14.el9.redsleeve.armv6hl
DEBUG util.py:463:  libffi-3.4.2-8.el9.armv6hl
DEBUG util.py:463:  libsepol-3.6-3.el9.armv6hl
DEBUG util.py:463:  libsigsegv-2.13-4.el9.armv6hl
DEBUG util.py:463:  gawk-5.1.0-6.el9.armv6hl
DEBUG util.py:463:  libsmartcols-2.37.4-25.el9.armv6hl
DEBUG util.py:463:  libtasn1-4.16.0-10.el9_8.redsleeve.armv6hl
DEBUG util.py:463:  p11-kit-0.26.4-1.el9_8.armv6hl
DEBUG util.py:463:  libunistring-0.9.10-15.el9.armv6hl
DEBUG util.py:463:  libidn2-2.3.0-7.el9.armv6hl
DEBUG util.py:463:  lua-libs-5.4.4-4.el9.armv6hl
DEBUG util.py:463:  pcre2-10.40-6.el9.armv6hl
DEBUG util.py:463:  libselinux-3.6-3.el9.armv6hl
DEBUG util.py:463:  sed-4.8-10.el9_8.armv6hl
DEBUG util.py:463:  findutils-4.8.0-7.el9.armv6hl
DEBUG util.py:463:  libsemanage-3.6-5.el9.armv6hl
DEBUG util.py:463:  shadow-utils-4.9-16.el9.armv6hl
DEBUG util.py:463:  libutempter-1.2.1-6.el9.armv6hl
DEBUG util.py:463:  tar-1.34-11.el9.armv6hl
DEBUG util.py:463:  libpsl-0.21.1-5.el9.armv6hl
DEBUG util.py:463:  p11-kit-trust-0.26.4-1.el9_8.armv6hl
DEBUG util.py:463:  zip-3.0-35.el9.armv6hl
DEBUG util.py:463:  zstd-1.5.5-1.el9.armv6hl
DEBUG util.py:463:  groff-base-1.22.4-10.el9.armv6hl
DEBUG util.py:463:  acl-2.4.0-1.el9_8.armv6hl
DEBUG util.py:463:  bzip2-1.0.8-11.el9.armv6hl
DEBUG util.py:463:  libxml2-2.9.13-14.el9_8.2.armv6hl
DEBUG util.py:463:  info-6.7-15.el9.armv6hl
DEBUG util.py:463:  ed-1.14.2-12.el9.armv6hl
DEBUG util.py:463:  patch-2.7.6-16.el9.armv6hl
DEBUG util.py:463:  cpio-2.13-16.el9.armv6hl
DEBUG util.py:463:  diffutils-3.7-12.el9.armv6hl
DEBUG util.py:463:  expat-2.5.0-6.el9_8.1.armv6hl
DEBUG util.py:463:  json-c-0.14-11.el9.armv6hl
DEBUG util.py:463:  keyutils-libs-1.6.3-1.el9.armv6hl
DEBUG util.py:463:  libbrotli-1.0.9-9.el9.armv6hl
DEBUG util.py:463:  libdb-5.3.28-57.el9.armv6hl
DEBUG util.py:463:  libeconf-0.4.1-7.el9_8.armv6hl
DEBUG util.py:463:  libgomp-11.5.0-14.el9.redsleeve.armv6hl
DEBUG util.py:463:  libgpg-error-1.42-5.el9.armv6hl
DEBUG util.py:463:  libgcrypt-1.10.0-13.el9_8.armv6hl
DEBUG util.py:463:  libnghttp2-1.43.0-6.el9.1.armv6hl
DEBUG util.py:463:  libpkgconf-1.7.3-10.el9.armv6hl
DEBUG util.py:463:  pkgconf-1.7.3-10.el9.armv6hl
DEBUG util.py:463:  pkgconf-pkg-config-1.7.3-10.el9.armv6hl
DEBUG util.py:463:  libseccomp-2.5.2-2.el9.redsleeve.armv6hl
DEBUG util.py:463:  libtool-ltdl-2.4.6-46.el9.armv6hl
DEBUG util.py:463:  libverto-0.3.2-3.el9.armv6hl
DEBUG util.py:463:  ncurses-6.2-12.20210508.el9.armv6hl
DEBUG util.py:463:  pcre-8.44-4.el9.armv6hl
DEBUG util.py:463:  grep-3.6-5.el9.armv6hl
DEBUG util.py:463:  openssl-fips-provider-3.5.5-6.el9_8.armv6hl
DEBUG util.py:463:  openssl-libs-3.5.5-6.el9_8.armv6hl
DEBUG util.py:463:  coreutils-8.32-41.el9_8.armv6hl
DEBUG util.py:463:  ca-certificates-2025.2.80_v9.0.305-91.el9.noarch
DEBUG util.py:463:  libblkid-2.37.4-25.el9.armv6hl
DEBUG util.py:463:  systemd-libs-252-67.el9_8.4.redsleeve.armv6hl
DEBUG util.py:463:  libmount-2.37.4-25.el9.armv6hl
DEBUG util.py:463:  krb5-libs-1.21.1-10.el9_8.armv6hl
DEBUG util.py:463:  libfdisk-2.37.4-25.el9.armv6hl
DEBUG util.py:463:  gzip-1.12-1.el9.armv6hl
DEBUG util.py:463:  cracklib-2.9.6-28.el9.armv6hl
DEBUG util.py:463:  libarchive-3.5.3-9.el9.armv6hl
DEBUG util.py:463:  xz-5.2.5-8.el9.armv6hl
DEBUG util.py:463:  cracklib-dicts-2.9.6-28.el9.armv6hl
DEBUG util.py:463:  perl-Digest-1.19-4.el9.noarch
DEBUG util.py:463:  perl-Digest-MD5-2.58-4.el9.armv6hl
DEBUG util.py:463:  perl-B-1.80-483.el9.armv6hl
DEBUG util.py:463:  perl-FileHandle-2.03-483.el9.noarch
DEBUG util.py:463:  perl-Data-Dumper-2.174-462.el9.armv6hl
DEBUG util.py:463:  perl-libnet-3.13-4.el9.noarch
DEBUG util.py:463:  perl-AutoLoader-5.74-483.el9.noarch
DEBUG util.py:463:  perl-base-2.27-483.el9.noarch
DEBUG util.py:463:  perl-URI-5.09-3.el9.noarch
DEBUG util.py:463:  perl-if-0.60.800-483.el9.noarch
DEBUG util.py:463:  perl-IO-Socket-IP-0.41-5.el9.noarch
DEBUG util.py:463:  perl-Time-Local-1.300-7.el9.noarch
DEBUG util.py:463:  perl-File-Path-2.18-4.el9.noarch
DEBUG util.py:463:  perl-IO-Socket-SSL-2.073-2.el9.noarch
DEBUG util.py:463:  perl-Net-SSLeay-1.94-3.el9.armv6hl
DEBUG util.py:463:  perl-Pod-Escapes-1.07-460.el9.noarch
DEBUG util.py:463:  perl-Text-Tabs+Wrap-2013.0523-460.el9.noarch
DEBUG util.py:463:  perl-Mozilla-CA-20200520-6.el9.noarch
DEBUG util.py:463:  perl-Class-Struct-0.66-483.el9.noarch
DEBUG util.py:463:  perl-POSIX-1.94-483.el9.armv6hl
DEBUG util.py:463:  perl-Term-ANSIColor-5.01-461.el9.noarch
DEBUG util.py:463:  perl-IPC-Open3-1.21-483.el9.noarch
DEBUG util.py:463:  perl-subs-1.03-483.el9.noarch
DEBUG util.py:463:  perl-File-Temp-0.231.100-4.el9.noarch
DEBUG util.py:463:  perl-Term-Cap-1.17-460.el9.noarch
DEBUG util.py:463:  perl-Pod-Simple-3.42-4.el9.noarch
DEBUG util.py:463:  perl-HTTP-Tiny-0.076-462.el9.noarch
DEBUG util.py:463:  perl-Socket-2.031-4.el9.armv6hl
DEBUG util.py:463:  perl-SelectSaver-1.02-483.el9.noarch
DEBUG util.py:463:  perl-Symbol-1.08-483.el9.noarch
DEBUG util.py:463:  perl-File-stat-1.09-483.el9.noarch
DEBUG util.py:463:  perl-podlators-4.14-460.el9.noarch
DEBUG util.py:463:  perl-Pod-Perldoc-3.28.01-461.el9.noarch
DEBUG util.py:463:  perl-Fcntl-1.13-483.el9.armv6hl
DEBUG util.py:463:  perl-Text-ParseWords-3.30-460.el9.noarch
DEBUG util.py:463:  perl-mro-1.23-483.el9.armv6hl
DEBUG util.py:463:  perl-IO-1.43-483.el9.armv6hl
DEBUG util.py:463:  perl-overloading-0.02-483.el9.noarch
DEBUG util.py:463:  perl-Pod-Usage-2.01-4.el9.noarch
DEBUG util.py:463:  perl-Errno-1.30-483.el9.armv6hl
DEBUG util.py:463:  perl-File-Basename-2.85-483.el9.noarch
DEBUG util.py:463:  perl-Getopt-Std-1.12-483.el9.noarch
DEBUG util.py:463:  perl-MIME-Base64-3.16-4.el9.armv6hl
DEBUG util.py:463:  perl-Scalar-List-Utils-1.56-462.el9.armv6hl
DEBUG util.py:463:  perl-constant-1.33-461.el9.noarch
DEBUG util.py:463:  perl-Storable-3.21-460.el9.armv6hl
DEBUG util.py:463:  perl-overload-1.31-483.el9.noarch
DEBUG util.py:463:  perl-parent-0.238-460.el9.noarch
DEBUG util.py:463:  perl-vars-1.05-483.el9.noarch
DEBUG util.py:463:  perl-Getopt-Long-2.52-4.el9.noarch
DEBUG util.py:463:  perl-Carp-1.50-460.el9.noarch
DEBUG util.py:463:  perl-Exporter-5.74-461.el9.noarch
DEBUG util.py:463:  perl-NDBM_File-1.15-483.el9.armv6hl
DEBUG util.py:463:  perl-PathTools-3.78-461.el9.armv6hl
DEBUG util.py:463:  perl-Encode-3.08-462.el9.armv6hl
DEBUG util.py:463:  perl-libs-5.32.1-483.el9.armv6hl
DEBUG util.py:463:  perl-interpreter-5.32.1-483.el9.armv6hl
DEBUG util.py:463:  kernel-srpm-macros-1.0-14.el9.noarch
DEBUG util.py:463:  cyrus-sasl-lib-2.1.27-22.el9.armv6hl
DEBUG util.py:463:  libssh-0.10.4-18.el9.armv6hl
DEBUG util.py:463:  util-linux-core-2.37.4-25.el9.armv6hl
DEBUG util.py:463:  openssl-3.5.5-6.el9_8.armv6hl
DEBUG util.py:463:  libpwquality-1.4.4-8.el9.armv6hl
DEBUG util.py:463:  pam-1.5.1-28.el9.armv6hl
DEBUG util.py:463:  util-linux-2.37.4-25.el9.armv6hl
DEBUG util.py:463:  kmod-libs-28-11.el9.armv6hl
DEBUG util.py:463:  dbus-1.12.20-8.el9.armv6hl
DEBUG util.py:463:  systemd-pam-252-67.el9_8.4.redsleeve.armv6hl
DEBUG util.py:463:  systemd-252-67.el9_8.4.redsleeve.armv6hl
DEBUG util.py:463:  dbus-common-1.12.20-8.el9.noarch
DEBUG util.py:463:  dbus-broker-28-8.el9.armv6hl
DEBUG util.py:463:  elfutils-default-yama-scope-0.194-1.el9.rocky.0.1.noarch
DEBUG util.py:463:  elfutils-libs-0.194-1.el9.rocky.0.1.armv6hl
DEBUG util.py:463:  libevent-2.1.12-8.el9.armv6hl
DEBUG util.py:463:  openldap-2.6.8-4.el9.0.1.armv6hl
DEBUG util.py:463:  libcurl-7.76.1-40.el9.armv6hl
DEBUG util.py:463:  elfutils-debuginfod-client-0.194-1.el9.rocky.0.1.armv6hl
DEBUG util.py:463:  binutils-gold-2.35.2-72.el9.redsleeve.armv6hl
DEBUG util.py:463:  binutils-2.35.2-72.el9.redsleeve.armv6hl
DEBUG util.py:463:  elfutils-0.194-1.el9.rocky.0.1.armv6hl
DEBUG util.py:463:  gdb-minimal-16.3-3.el9.armv6hl
DEBUG util.py:463:  debugedit-5.0-11.el9.armv6hl
DEBUG util.py:463:  curl-7.76.1-40.el9.armv6hl
DEBUG util.py:463:  rpm-4.16.1.3-40.el9.armv6hl
DEBUG util.py:463:  rpm-libs-4.16.1.3-40.el9.armv6hl
DEBUG util.py:463:  efi-srpm-macros-6-4.el9.noarch
DEBUG util.py:463:  lua-srpm-macros-1-6.el9.noarch
DEBUG util.py:463:  rpm-build-libs-4.16.1.3-40.el9.armv6hl
DEBUG util.py:463:  fonts-srpm-macros-2.0.5-7.el9.1.noarch
DEBUG util.py:463:  go-srpm-macros-3.8.1-1.el9.redsleeve.noarch
DEBUG util.py:463:  python-srpm-macros-3.9-54.el9.noarch
DEBUG util.py:463:  redhat-rpm-config-210-1.el9.redsleeve.noarch
DEBUG util.py:463:  rpm-build-4.16.1.3-40.el9.armv6hl
DEBUG util.py:463:  pyproject-srpm-macros-1.18.5-1.el9.noarch
DEBUG util.py:463:  which-2.21-30.el9.armv6hl
DEBUG util.py:610:  Child return code was: 0
DEBUG util.py:185:  kill orphans in chroot /var/lib/mock/redsleeve-local-9-armv6hl/root
DEBUG util.py:185:  kill orphans in chroot /var/lib/mock/redsleeve-local-9-armv6hl-bootstrap/root/var/lib/mock/redsleeve-local-9-armv6hl/root
DEBUG util.py:636:  child environment: None
DEBUG util.py:558:  Executing command: ['/bin/umount', '-n', '-l', '/var/lib/mock/redsleeve-local-9-armv6hl-bootstrap/root/var/lib/mock/redsleeve-local-9-armv6hl/root'] with env {'TERM': 'vt100', 'SHELL': '/bin/sh', 'HOME': '/builddir', 'HOSTNAME': 'mock', 'PATH': '/usr/bin:/bin:/usr/sbin:/sbin', 'LANG': 'C.UTF-8'} and shell False
DEBUG util.py:610:  Child return code was: 0
DEBUG util.py:636:  child environment: None
DEBUG util.py:558:  Executing command: ['/bin/umount', '-n', '-l', '/var/lib/mock/redsleeve-local-9-armv6hl-bootstrap/root/var/lib/mock/redsleeve-local-9-armv6hl/root'] with env {'TERM': 'vt100', 'SHELL': '/bin/sh', 'HOME': '/builddir', 'HOSTNAME': 'mock', 'PATH': '/usr/bin:/bin:/usr/sbin:/sbin', 'LANG': 'C.UTF-8'} and shell False
DEBUG util.py:610:  Child return code was: 0
DEBUG file_util.py:17:  ensuring that dir exists: /var/lib/mock/redsleeve-local-9-armv6hl/root/builddir/build
DEBUG file_util.py:17:  ensuring that dir exists: /var/lib/mock/redsleeve-local-9-armv6hl/root/builddir/build/RPMS
DEBUG file_util.py:20:  created dir: /var/lib/mock/redsleeve-local-9-armv6hl/root/builddir/build/RPMS
DEBUG file_util.py:17:  ensuring that dir exists: /var/lib/mock/redsleeve-local-9-armv6hl/root/builddir/build/SPECS
DEBUG file_util.py:20:  created dir: /var/lib/mock/redsleeve-local-9-armv6hl/root/builddir/build/SPECS
DEBUG file_util.py:17:  ensuring that dir exists: /var/lib/mock/redsleeve-local-9-armv6hl/root/builddir/build/SRPMS
DEBUG file_util.py:20:  created dir: /var/lib/mock/redsleeve-local-9-armv6hl/root/builddir/build/SRPMS
DEBUG file_util.py:17:  ensuring that dir exists: /var/lib/mock/redsleeve-local-9-armv6hl/root/builddir/build/SOURCES
DEBUG file_util.py:17:  ensuring that dir exists: /var/lib/mock/redsleeve-local-9-armv6hl/root/builddir/build/BUILD
DEBUG file_util.py:20:  created dir: /var/lib/mock/redsleeve-local-9-armv6hl/root/builddir/build/BUILD
DEBUG file_util.py:17:  ensuring that dir exists: /var/lib/mock/redsleeve-local-9-armv6hl/root/builddir/build/BUILDROOT
DEBUG file_util.py:20:  created dir: /var/lib/mock/redsleeve-local-9-armv6hl/root/builddir/build/BUILDROOT
DEBUG file_util.py:17:  ensuring that dir exists: /var/lib/mock/redsleeve-local-9-armv6hl/root/builddir/build/originals
DEBUG file_util.py:20:  created dir: /var/lib/mock/redsleeve-local-9-armv6hl/root/builddir/build/originals
DEBUG file_util.py:17:  ensuring that dir exists: /var/lib/mock/redsleeve-local-9-armv6hl/root/builddir
DEBUG util.py:636:  child environment: None
DEBUG util.py:558:  Executing command: ['userdel', '-f', 'mockbuild', '--prefix', '/var/lib/mock/redsleeve-local-9-armv6hl/root'] with env {'TERM': 'vt100', 'SHELL': '/bin/sh', 'HOME': '/builddir', 'HOSTNAME': 'mock', 'PATH': '/usr/bin:/bin:/usr/sbin:/sbin', 'LANG': 'C.UTF-8'} and shell False
DEBUG util.py:610:  Child return code was: 0
DEBUG util.py:636:  child environment: None
DEBUG util.py:558:  Executing command: ['groupdel', 'mock', '--prefix', '/var/lib/mock/redsleeve-local-9-armv6hl/root'] with env {'TERM': 'vt100', 'SHELL': '/bin/sh', 'HOME': '/builddir', 'HOSTNAME': 'mock', 'PATH': '/usr/bin:/bin:/usr/sbin:/sbin', 'LANG': 'C.UTF-8'} and shell False
DEBUG util.py:610:  Child return code was: 0
DEBUG util.py:636:  child environment: None
DEBUG util.py:558:  Executing command: ['groupadd', 'mock', '-g', '135', '--prefix', '/var/lib/mock/redsleeve-local-9-armv6hl/root'] with env {'TERM': 'vt100', 'SHELL': '/bin/sh', 'HOME': '/builddir', 'HOSTNAME': 'mock', 'PATH': '/usr/bin:/bin:/usr/sbin:/sbin', 'LANG': 'C.UTF-8'} and shell False
DEBUG util.py:610:  Child return code was: 0
DEBUG util.py:636:  child environment: None
DEBUG util.py:558:  Executing command: ['useradd', 'mockbuild', '-o', '-u', '1001', '-g', '135', '-N', '-d', '/builddir', '--prefix', '/var/lib/mock/redsleeve-local-9-armv6hl/root'] with env {'TERM': 'vt100', 'SHELL': '/bin/sh', 'HOME': '/builddir', 'HOSTNAME': 'mock', 'PATH': '/usr/bin:/bin:/usr/sbin:/sbin', 'LANG': 'C.UTF-8'} and shell False
DEBUG util.py:461:  useradd: warning: the home directory /builddir already exists.
DEBUG util.py:461:  useradd: Not copying any file from skel directory into it.
DEBUG util.py:461:  Creating mailbox file: File exists
DEBUG util.py:610:  Child return code was: 0
DEBUG file_util.py:29:  touching file: /var/lib/mock/redsleeve-local-9-armv6hl/root/.initialized
DEBUG util.py:636:  child environment: None
DEBUG util.py:553:  Using nspawn with args ['--capability=cap_ipc_lock', '--bind=/tmp/mock-resolv.ykjyeb13:/etc/resolv.conf', '--bind=/dev/btrfs-control', '--bind=/dev/mapper/control', '--bind=/dev/fuse', '--bind=/dev/loop-control', '--bind=/dev/loop0', '--bind=/dev/loop1', '--bind=/dev/loop2', '--bind=/dev/loop3', '--bind=/dev/loop4', '--bind=/dev/loop5', '--bind=/dev/loop6', '--bind=/dev/loop7', '--bind=/dev/loop8', '--bind=/dev/loop9', '--bind=/dev/loop10', '--bind=/dev/loop11']
DEBUG util.py:558:  Executing command: ['/usr/bin/systemd-nspawn', '-q', '-M', '7c11710c0df54be39a50a85a83ca4b2f', '-D', '/var/lib/mock/redsleeve-local-9-armv6hl/root', '-a', '-u', 'mockbuild', '--capability=cap_ipc_lock', '--bind=/tmp/mock-resolv.ykjyeb13:/etc/resolv.conf', '--bind=/dev/btrfs-control', '--bind=/dev/mapper/control', '--bind=/dev/fuse', '--bind=/dev/loop-control', '--bind=/dev/loop0', '--bind=/dev/loop1', '--bind=/dev/loop2', '--bind=/dev/loop3', '--bind=/dev/loop4', '--bind=/dev/loop5', '--bind=/dev/loop6', '--bind=/dev/loop7', '--bind=/dev/loop8', '--bind=/dev/loop9', '--bind=/dev/loop10', '--bind=/dev/loop11', '--console=pipe', '--setenv=TERM=vt100', '--setenv=SHELL=/bin/bash', '--setenv=HOME=/builddir', '--setenv=HOSTNAME=mock', '--setenv=PATH=/usr/bin:/bin:/usr/sbin:/sbin', '--setenv=PROMPT_COMMAND=printf "\\033]0;<mock-chroot>\\007"', '--setenv=PS1=<mock-chroot> \\s-\\v\\$ ', '--setenv=LANG=C.UTF-8', '--resolv-conf=off', '/bin/rpm', '-Uvh', '--nodeps', '/builddir/build/originals/raspberrypi4-6.12.96-v7l.1.el9.src.rpm'] with env {'TERM': 'vt100', 'SHELL': '/bin/bash', 'HOME': '/builddir', 'HOSTNAME': 'mock', 'PATH': '/usr/bin:/bin:/usr/sbin:/sbin', 'PROMPT_COMMAND': 'printf "\\033]0;<mock-chroot>\\007"', 'PS1': '<mock-chroot> \\s-\\v\\$ ', 'LANG': 'C.UTF-8', 'SYSTEMD_NSPAWN_TMPFS_TMP': '0', 'SYSTEMD_SECCOMP': '0'} and shell False
DEBUG util.py:463:  Updating / installing...
DEBUG util.py:461:  raspberrypi4-6.12.96-v7l.1.el9        warning: group mockbuild does not exist - using root
DEBUG util.py:461:  warning: group mockbuild does not exist - using root
DEBUG util.py:461:  warning: group mockbuild does not exist - using root
DEBUG util.py:461:  warning: group mockbuild does not exist - using root
DEBUG util.py:463:  ########################################
DEBUG util.py:610:  Child return code was: 0
DEBUG util.py:636:  child environment: None
DEBUG util.py:553:  Using nspawn with args ['--capability=cap_ipc_lock', '--bind=/tmp/mock-resolv.ykjyeb13:/etc/resolv.conf', '--bind=/dev/btrfs-control', '--bind=/dev/mapper/control', '--bind=/dev/fuse', '--bind=/dev/loop-control', '--bind=/dev/loop0', '--bind=/dev/loop1', '--bind=/dev/loop2', '--bind=/dev/loop3', '--bind=/dev/loop4', '--bind=/dev/loop5', '--bind=/dev/loop6', '--bind=/dev/loop7', '--bind=/dev/loop8', '--bind=/dev/loop9', '--bind=/dev/loop10', '--bind=/dev/loop11']
DEBUG util.py:558:  Executing command: ['/usr/bin/systemd-nspawn', '-q', '-M', '9086050a690e46ae9c8c4d19eed935b4', '-D', '/var/lib/mock/redsleeve-local-9-armv6hl/root', '-a', '-u', 'mockbuild', '--capability=cap_ipc_lock', '--bind=/tmp/mock-resolv.ykjyeb13:/etc/resolv.conf', '--bind=/dev/btrfs-control', '--bind=/dev/mapper/control', '--bind=/dev/fuse', '--bind=/dev/loop-control', '--bind=/dev/loop0', '--bind=/dev/loop1', '--bind=/dev/loop2', '--bind=/dev/loop3', '--bind=/dev/loop4', '--bind=/dev/loop5', '--bind=/dev/loop6', '--bind=/dev/loop7', '--bind=/dev/loop8', '--bind=/dev/loop9', '--bind=/dev/loop10', '--bind=/dev/loop11', '--console=pipe', '--setenv=TERM=vt100', '--setenv=SHELL=/bin/bash', '--setenv=HOME=/builddir', '--setenv=HOSTNAME=mock', '--setenv=PATH=/usr/bin:/bin:/usr/sbin:/sbin', '--setenv=PROMPT_COMMAND=printf "\\033]0;<mock-chroot>\\007"', '--setenv=PS1=<mock-chroot> \\s-\\v\\$ ', '--setenv=LANG=C.UTF-8', '--resolv-conf=off', '/bin/rpm', '-qpl', '/builddir/build/originals/raspberrypi4-6.12.96-v7l.1.el9.src.rpm'] with env {'TERM': 'vt100', 'SHELL': '/bin/bash', 'HOME': '/builddir', 'HOSTNAME': 'mock', 'PATH': '/usr/bin:/bin:/usr/sbin:/sbin', 'PROMPT_COMMAND': 'printf "\\033]0;<mock-chroot>\\007"', 'PS1': '<mock-chroot> \\s-\\v\\$ ', 'LANG': 'C.UTF-8', 'SYSTEMD_NSPAWN_TMPFS_TMP': '0', 'SYSTEMD_SECCOMP': '0'} and shell False
DEBUG util.py:463:  09267f5354d40519d82fbd2193b9e211ec304055.tar.gz
DEBUG util.py:463:  ae161617d7a4552fa91d03626b8d9f3696d17481.tar.gz
DEBUG util.py:463:  bcm2711_selinux_config.patch
DEBUG util.py:463:  raspberrypi4.spec
DEBUG util.py:610:  Child return code was: 0
DEBUG file_util.py:17:  ensuring that dir exists: /var/lib/mock/redsleeve-local-9-armv6hl-bootstrap/root/var/lib/mock/redsleeve-local-9-armv6hl/root
DEBUG util.py:636:  child environment: None
DEBUG util.py:558:  Executing command: ['/bin/mount', '-n', '-t', 'tmpfs', '-o', 'private,mode=0755', 'tmpfs', '/var/lib/mock/redsleeve-local-9-armv6hl-bootstrap/root/var/lib/mock/redsleeve-local-9-armv6hl/root'] with env {'TERM': 'vt100', 'SHELL': '/bin/sh', 'HOME': '/builddir', 'HOSTNAME': 'mock', 'PATH': '/usr/bin:/bin:/usr/sbin:/sbin', 'LANG': 'C.UTF-8'} and shell False
DEBUG util.py:610:  Child return code was: 0
DEBUG file_util.py:17:  ensuring that dir exists: /var/lib/mock/redsleeve-local-9-armv6hl-bootstrap/root/var/lib/mock/redsleeve-local-9-armv6hl/root
DEBUG util.py:636:  child environment: None
DEBUG util.py:558:  Executing command: ['/bin/mount', '-n', '-o', 'rbind', '/var/lib/mock/redsleeve-local-9-armv6hl/root', '/var/lib/mock/redsleeve-local-9-armv6hl-bootstrap/root/var/lib/mock/redsleeve-local-9-armv6hl/root'] with env {'TERM': 'vt100', 'SHELL': '/bin/sh', 'HOME': '/builddir', 'HOSTNAME': 'mock', 'PATH': '/usr/bin:/bin:/usr/sbin:/sbin', 'LANG': 'C.UTF-8'} and shell False
DEBUG util.py:610:  Child return code was: 0
DEBUG util.py:636:  child environment: None
DEBUG util.py:558:  Executing command: ['/bin/mount', '-n', '-o', 'remount,private,rbind', '--target', '/var/lib/mock/redsleeve-local-9-armv6hl-bootstrap/root/var/lib/mock/redsleeve-local-9-armv6hl/root'] with env {'TERM': 'vt100', 'SHELL': '/bin/sh', 'HOME': '/builddir', 'HOSTNAME': 'mock', 'PATH': '/usr/bin:/bin:/usr/sbin:/sbin', 'LANG': 'C.UTF-8'} and shell False
DEBUG util.py:610:  Child return code was: 0
DEBUG util.py:636:  child environment: None
DEBUG util.py:553:  Using nspawn with args ['--capability=cap_ipc_lock', '--bind=/tmp/mock-resolv.524gza7b:/etc/resolv.conf']
DEBUG util.py:558:  Executing command: ['/usr/bin/systemd-nspawn', '-q', '-M', '6aeb5b5fdb08456cbdb26ce85d024318', '-D', '/var/lib/mock/redsleeve-local-9-armv6hl-bootstrap/root', '-a', '--capability=cap_ipc_lock', '--bind=/tmp/mock-resolv.524gza7b:/etc/resolv.conf', '--console=pipe', '--setenv=TERM=vt100', '--setenv=SHELL=/bin/bash', '--setenv=HOME=/builddir', '--setenv=HOSTNAME=mock', '--setenv=PATH=/usr/bin:/bin:/usr/sbin:/sbin', '--setenv=PROMPT_COMMAND=printf "\\033]0;<mock-chroot>\\007"', '--setenv=PS1=<mock-chroot> \\s-\\v\\$ ', '--setenv=LANG=C.UTF-8', '--resolv-conf=off', '/bin/rpm', '-qa', '--root', '/var/lib/mock/redsleeve-local-9-armv6hl/root'] with env {'TERM': 'vt100', 'SHELL': '/bin/bash', 'HOME': '/builddir', 'HOSTNAME': 'mock', 'PATH': '/usr/bin:/bin:/usr/sbin:/sbin', 'PROMPT_COMMAND': 'printf "\\033]0;<mock-chroot>\\007"', 'PS1': '<mock-chroot> \\s-\\v\\$ ', 'LANG': 'C.UTF-8', 'SYSTEMD_NSPAWN_TMPFS_TMP': '0', 'SYSTEMD_SECCOMP': '0'} and shell False
DEBUG util.py:463:  gpg-pubkey-2f00d701-6317b177
DEBUG util.py:463:  rust-srpm-macros-17-4.el9.redsleeve.noarch
DEBUG util.py:463:  qt5-srpm-macros-5.15.9-1.el9.noarch
DEBUG util.py:463:  perl-srpm-macros-1-41.el9.noarch
DEBUG util.py:463:  openblas-srpm-macros-2-11.el9.redsleeve.noarch
DEBUG util.py:463:  ocaml-srpm-macros-6-6.el9.noarch
DEBUG util.py:463:  ghc-srpm-macros-1.5.0-6.el9.noarch
DEBUG util.py:463:  tzdata-2026c-1.el9_8.noarch
DEBUG util.py:463:  publicsuffix-list-dafsa-20210518-3.el9.noarch
DEBUG util.py:463:  pkgconf-m4-1.7.3-10.el9.noarch
DEBUG util.py:463:  pcre2-syntax-10.40-6.el9.noarch
DEBUG util.py:463:  ncurses-base-6.2-12.20210508.el9.noarch
DEBUG util.py:463:  libssh-config-0.10.4-18.el9.noarch
DEBUG util.py:463:  gawk-all-langpacks-5.1.0-6.el9.armv6hl
DEBUG util.py:463:  coreutils-common-8.32-41.el9_8.armv6hl
DEBUG util.py:463:  ncurses-libs-6.2-12.20210508.el9.armv6hl
DEBUG util.py:463:  redsleeve-release-9.8-0.el9.noarch
DEBUG util.py:463:  setup-2.13.7-10.el9.noarch
DEBUG util.py:463:  filesystem-3.16-5.el9.armv6hl
DEBUG util.py:463:  basesystem-11-13.el9.0.1.noarch
DEBUG util.py:463:  bash-5.1.8-9.el9.armv6hl
DEBUG util.py:463:  libgcc-11.5.0-14.el9.redsleeve.armv6hl
DEBUG util.py:463:  glibc-gconv-extra-2.34-275.el9_8.redsleeve.armv6hl
DEBUG util.py:463:  glibc-minimal-langpack-2.34-275.el9_8.redsleeve.armv6hl
DEBUG util.py:463:  glibc-common-2.34-275.el9_8.redsleeve.armv6hl
DEBUG util.py:463:  glibc-2.34-275.el9_8.redsleeve.armv6hl
DEBUG util.py:463:  crypto-policies-20260224-1.gitea0f072.el9.noarch
DEBUG util.py:463:  systemd-rpm-macros-252-67.el9_8.4.redsleeve.noarch
DEBUG util.py:463:  zlib-1.2.11-40.el9.armv6hl
DEBUG util.py:463:  xz-libs-5.2.5-8.el9.armv6hl
DEBUG util.py:463:  bzip2-libs-1.0.8-11.el9.armv6hl
DEBUG util.py:463:  libacl-2.4.0-1.el9_8.armv6hl
DEBUG util.py:463:  libzstd-1.5.5-1.el9.armv6hl
DEBUG util.py:463:  libxcrypt-4.4.18-3.el9.armv6hl
DEBUG util.py:463:  elfutils-libelf-0.194-1.el9.rocky.0.1.armv6hl
DEBUG util.py:463:  libcap-2.48-10.el9.1.armv6hl
DEBUG util.py:463:  libstdc++-11.5.0-14.el9.redsleeve.armv6hl
DEBUG util.py:463:  libuuid-2.37.4-25.el9.armv6hl
DEBUG util.py:463:  gmp-6.2.0-13.el9.armv6hl
DEBUG util.py:463:  lz4-libs-1.9.3-5.el9.armv6hl
DEBUG util.py:463:  popt-1.18-8.el9.armv6hl
DEBUG util.py:463:  libattr-2.5.1-3.el9.armv6hl
DEBUG util.py:463:  libcap-ng-0.8.2-7.el9.armv6hl
DEBUG util.py:463:  audit-libs-3.1.5-8.el9.armv6hl
DEBUG util.py:463:  libcom_err-1.46.5-8.el9.armv6hl
DEBUG util.py:463:  readline-8.1-4.el9.armv6hl
DEBUG util.py:463:  mpfr-4.1.0-10.el9.armv6hl
DEBUG util.py:463:  dwz-0.16-1.el9.armv6hl
DEBUG util.py:463:  unzip-6.0-60.el9_8.armv6hl
DEBUG util.py:463:  file-libs-5.39-17.el9.armv6hl
DEBUG util.py:463:  file-5.39-17.el9.armv6hl
DEBUG util.py:463:  sqlite-libs-3.34.1-10.el9_8.armv6hl
DEBUG util.py:463:  alternatives-1.24-2.el9.armv6hl
DEBUG util.py:463:  gdbm-libs-1.23-1.el9.armv6hl
DEBUG util.py:463:  libatomic-11.5.0-14.el9.redsleeve.armv6hl
DEBUG util.py:463:  libffi-3.4.2-8.el9.armv6hl
DEBUG util.py:463:  libsepol-3.6-3.el9.armv6hl
DEBUG util.py:463:  libsigsegv-2.13-4.el9.armv6hl
DEBUG util.py:463:  gawk-5.1.0-6.el9.armv6hl
DEBUG util.py:463:  libsmartcols-2.37.4-25.el9.armv6hl
DEBUG util.py:463:  libtasn1-4.16.0-10.el9_8.redsleeve.armv6hl
DEBUG util.py:463:  p11-kit-0.26.4-1.el9_8.armv6hl
DEBUG util.py:463:  libunistring-0.9.10-15.el9.armv6hl
DEBUG util.py:463:  libidn2-2.3.0-7.el9.armv6hl
DEBUG util.py:463:  lua-libs-5.4.4-4.el9.armv6hl
DEBUG util.py:463:  pcre2-10.40-6.el9.armv6hl
DEBUG util.py:463:  libselinux-3.6-3.el9.armv6hl
DEBUG util.py:463:  sed-4.8-10.el9_8.armv6hl
DEBUG util.py:463:  findutils-4.8.0-7.el9.armv6hl
DEBUG util.py:463:  libsemanage-3.6-5.el9.armv6hl
DEBUG util.py:463:  shadow-utils-4.9-16.el9.armv6hl
DEBUG util.py:463:  libutempter-1.2.1-6.el9.armv6hl
DEBUG util.py:463:  tar-1.34-11.el9.armv6hl
DEBUG util.py:463:  libpsl-0.21.1-5.el9.armv6hl
DEBUG util.py:463:  p11-kit-trust-0.26.4-1.el9_8.armv6hl
DEBUG util.py:463:  zip-3.0-35.el9.armv6hl
DEBUG util.py:463:  zstd-1.5.5-1.el9.armv6hl
DEBUG util.py:463:  groff-base-1.22.4-10.el9.armv6hl
DEBUG util.py:463:  acl-2.4.0-1.el9_8.armv6hl
DEBUG util.py:463:  bzip2-1.0.8-11.el9.armv6hl
DEBUG util.py:463:  libxml2-2.9.13-14.el9_8.2.armv6hl
DEBUG util.py:463:  info-6.7-15.el9.armv6hl
DEBUG util.py:463:  ed-1.14.2-12.el9.armv6hl
DEBUG util.py:463:  patch-2.7.6-16.el9.armv6hl
DEBUG util.py:463:  cpio-2.13-16.el9.armv6hl
DEBUG util.py:463:  diffutils-3.7-12.el9.armv6hl
DEBUG util.py:463:  expat-2.5.0-6.el9_8.1.armv6hl
DEBUG util.py:463:  json-c-0.14-11.el9.armv6hl
DEBUG util.py:463:  keyutils-libs-1.6.3-1.el9.armv6hl
DEBUG util.py:463:  libbrotli-1.0.9-9.el9.armv6hl
DEBUG util.py:463:  libdb-5.3.28-57.el9.armv6hl
DEBUG util.py:463:  libeconf-0.4.1-7.el9_8.armv6hl
DEBUG util.py:463:  libgomp-11.5.0-14.el9.redsleeve.armv6hl
DEBUG util.py:463:  libgpg-error-1.42-5.el9.armv6hl
DEBUG util.py:463:  libgcrypt-1.10.0-13.el9_8.armv6hl
DEBUG util.py:463:  libnghttp2-1.43.0-6.el9.1.armv6hl
DEBUG util.py:463:  libpkgconf-1.7.3-10.el9.armv6hl
DEBUG util.py:463:  pkgconf-1.7.3-10.el9.armv6hl
DEBUG util.py:463:  pkgconf-pkg-config-1.7.3-10.el9.armv6hl
DEBUG util.py:463:  libseccomp-2.5.2-2.el9.redsleeve.armv6hl
DEBUG util.py:463:  libtool-ltdl-2.4.6-46.el9.armv6hl
DEBUG util.py:463:  libverto-0.3.2-3.el9.armv6hl
DEBUG util.py:463:  ncurses-6.2-12.20210508.el9.armv6hl
DEBUG util.py:463:  pcre-8.44-4.el9.armv6hl
DEBUG util.py:463:  grep-3.6-5.el9.armv6hl
DEBUG util.py:463:  openssl-fips-provider-3.5.5-6.el9_8.armv6hl
DEBUG util.py:463:  openssl-libs-3.5.5-6.el9_8.armv6hl
DEBUG util.py:463:  coreutils-8.32-41.el9_8.armv6hl
DEBUG util.py:463:  ca-certificates-2025.2.80_v9.0.305-91.el9.noarch
DEBUG util.py:463:  libblkid-2.37.4-25.el9.armv6hl
DEBUG util.py:463:  systemd-libs-252-67.el9_8.4.redsleeve.armv6hl
DEBUG util.py:463:  libmount-2.37.4-25.el9.armv6hl
DEBUG util.py:463:  krb5-libs-1.21.1-10.el9_8.armv6hl
DEBUG util.py:463:  libfdisk-2.37.4-25.el9.armv6hl
DEBUG util.py:463:  gzip-1.12-1.el9.armv6hl
DEBUG util.py:463:  cracklib-2.9.6-28.el9.armv6hl
DEBUG util.py:463:  libarchive-3.5.3-9.el9.armv6hl
DEBUG util.py:463:  xz-5.2.5-8.el9.armv6hl
DEBUG util.py:463:  cracklib-dicts-2.9.6-28.el9.armv6hl
DEBUG util.py:463:  perl-Digest-1.19-4.el9.noarch
DEBUG util.py:463:  perl-Digest-MD5-2.58-4.el9.armv6hl
DEBUG util.py:463:  perl-B-1.80-483.el9.armv6hl
DEBUG util.py:463:  perl-FileHandle-2.03-483.el9.noarch
DEBUG util.py:463:  perl-Data-Dumper-2.174-462.el9.armv6hl
DEBUG util.py:463:  perl-libnet-3.13-4.el9.noarch
DEBUG util.py:463:  perl-AutoLoader-5.74-483.el9.noarch
DEBUG util.py:463:  perl-base-2.27-483.el9.noarch
DEBUG util.py:463:  perl-URI-5.09-3.el9.noarch
DEBUG util.py:463:  perl-if-0.60.800-483.el9.noarch
DEBUG util.py:463:  perl-IO-Socket-IP-0.41-5.el9.noarch
DEBUG util.py:463:  perl-Time-Local-1.300-7.el9.noarch
DEBUG util.py:463:  perl-File-Path-2.18-4.el9.noarch
DEBUG util.py:463:  perl-IO-Socket-SSL-2.073-2.el9.noarch
DEBUG util.py:463:  perl-Net-SSLeay-1.94-3.el9.armv6hl
DEBUG util.py:463:  perl-Pod-Escapes-1.07-460.el9.noarch
DEBUG util.py:463:  perl-Text-Tabs+Wrap-2013.0523-460.el9.noarch
DEBUG util.py:463:  perl-Mozilla-CA-20200520-6.el9.noarch
DEBUG util.py:463:  perl-Class-Struct-0.66-483.el9.noarch
DEBUG util.py:463:  perl-POSIX-1.94-483.el9.armv6hl
DEBUG util.py:463:  perl-Term-ANSIColor-5.01-461.el9.noarch
DEBUG util.py:463:  perl-IPC-Open3-1.21-483.el9.noarch
DEBUG util.py:463:  perl-subs-1.03-483.el9.noarch
DEBUG util.py:463:  perl-File-Temp-0.231.100-4.el9.noarch
DEBUG util.py:463:  perl-Term-Cap-1.17-460.el9.noarch
DEBUG util.py:463:  perl-Pod-Simple-3.42-4.el9.noarch
DEBUG util.py:463:  perl-HTTP-Tiny-0.076-462.el9.noarch
DEBUG util.py:463:  perl-Socket-2.031-4.el9.armv6hl
DEBUG util.py:463:  perl-SelectSaver-1.02-483.el9.noarch
DEBUG util.py:463:  perl-Symbol-1.08-483.el9.noarch
DEBUG util.py:463:  perl-File-stat-1.09-483.el9.noarch
DEBUG util.py:463:  perl-podlators-4.14-460.el9.noarch
DEBUG util.py:463:  perl-Pod-Perldoc-3.28.01-461.el9.noarch
DEBUG util.py:463:  perl-Fcntl-1.13-483.el9.armv6hl
DEBUG util.py:463:  perl-Text-ParseWords-3.30-460.el9.noarch
DEBUG util.py:463:  perl-mro-1.23-483.el9.armv6hl
DEBUG util.py:463:  perl-IO-1.43-483.el9.armv6hl
DEBUG util.py:463:  perl-overloading-0.02-483.el9.noarch
DEBUG util.py:463:  perl-Pod-Usage-2.01-4.el9.noarch
DEBUG util.py:463:  perl-Errno-1.30-483.el9.armv6hl
DEBUG util.py:463:  perl-File-Basename-2.85-483.el9.noarch
DEBUG util.py:463:  perl-Getopt-Std-1.12-483.el9.noarch
DEBUG util.py:463:  perl-MIME-Base64-3.16-4.el9.armv6hl
DEBUG util.py:463:  perl-Scalar-List-Utils-1.56-462.el9.armv6hl
DEBUG util.py:463:  perl-constant-1.33-461.el9.noarch
DEBUG util.py:463:  perl-Storable-3.21-460.el9.armv6hl
DEBUG util.py:463:  perl-overload-1.31-483.el9.noarch
DEBUG util.py:463:  perl-parent-0.238-460.el9.noarch
DEBUG util.py:463:  perl-vars-1.05-483.el9.noarch
DEBUG util.py:463:  perl-Getopt-Long-2.52-4.el9.noarch
DEBUG util.py:463:  perl-Carp-1.50-460.el9.noarch
DEBUG util.py:463:  perl-Exporter-5.74-461.el9.noarch
DEBUG util.py:463:  perl-NDBM_File-1.15-483.el9.armv6hl
DEBUG util.py:463:  perl-PathTools-3.78-461.el9.armv6hl
DEBUG util.py:463:  perl-Encode-3.08-462.el9.armv6hl
DEBUG util.py:463:  perl-libs-5.32.1-483.el9.armv6hl
DEBUG util.py:463:  perl-interpreter-5.32.1-483.el9.armv6hl
DEBUG util.py:463:  kernel-srpm-macros-1.0-14.el9.noarch
DEBUG util.py:463:  cyrus-sasl-lib-2.1.27-22.el9.armv6hl
DEBUG util.py:463:  libssh-0.10.4-18.el9.armv6hl
DEBUG util.py:463:  util-linux-core-2.37.4-25.el9.armv6hl
DEBUG util.py:463:  openssl-3.5.5-6.el9_8.armv6hl
DEBUG util.py:463:  libpwquality-1.4.4-8.el9.armv6hl
DEBUG util.py:463:  pam-1.5.1-28.el9.armv6hl
DEBUG util.py:463:  util-linux-2.37.4-25.el9.armv6hl
DEBUG util.py:463:  kmod-libs-28-11.el9.armv6hl
DEBUG util.py:463:  dbus-1.12.20-8.el9.armv6hl
DEBUG util.py:463:  systemd-pam-252-67.el9_8.4.redsleeve.armv6hl
DEBUG util.py:463:  systemd-252-67.el9_8.4.redsleeve.armv6hl
DEBUG util.py:463:  dbus-common-1.12.20-8.el9.noarch
DEBUG util.py:463:  dbus-broker-28-8.el9.armv6hl
DEBUG util.py:463:  elfutils-default-yama-scope-0.194-1.el9.rocky.0.1.noarch
DEBUG util.py:463:  elfutils-libs-0.194-1.el9.rocky.0.1.armv6hl
DEBUG util.py:463:  libevent-2.1.12-8.el9.armv6hl
DEBUG util.py:463:  openldap-2.6.8-4.el9.0.1.armv6hl
DEBUG util.py:463:  libcurl-7.76.1-40.el9.armv6hl
DEBUG util.py:463:  elfutils-debuginfod-client-0.194-1.el9.rocky.0.1.armv6hl
DEBUG util.py:463:  binutils-gold-2.35.2-72.el9.redsleeve.armv6hl
DEBUG util.py:463:  binutils-2.35.2-72.el9.redsleeve.armv6hl
DEBUG util.py:463:  elfutils-0.194-1.el9.rocky.0.1.armv6hl
DEBUG util.py:463:  gdb-minimal-16.3-3.el9.armv6hl
DEBUG util.py:463:  debugedit-5.0-11.el9.armv6hl
DEBUG util.py:463:  curl-7.76.1-40.el9.armv6hl
DEBUG util.py:463:  rpm-4.16.1.3-40.el9.armv6hl
DEBUG util.py:463:  rpm-libs-4.16.1.3-40.el9.armv6hl
DEBUG util.py:463:  efi-srpm-macros-6-4.el9.noarch
DEBUG util.py:463:  lua-srpm-macros-1-6.el9.noarch
DEBUG util.py:463:  rpm-build-libs-4.16.1.3-40.el9.armv6hl
DEBUG util.py:463:  fonts-srpm-macros-2.0.5-7.el9.1.noarch
DEBUG util.py:463:  go-srpm-macros-3.8.1-1.el9.redsleeve.noarch
DEBUG util.py:463:  python-srpm-macros-3.9-54.el9.noarch
DEBUG util.py:463:  redhat-rpm-config-210-1.el9.redsleeve.noarch
DEBUG util.py:463:  rpm-build-4.16.1.3-40.el9.armv6hl
DEBUG util.py:463:  pyproject-srpm-macros-1.18.5-1.el9.noarch
DEBUG util.py:463:  which-2.21-30.el9.armv6hl
DEBUG util.py:610:  Child return code was: 0
DEBUG util.py:185:  kill orphans in chroot /var/lib/mock/redsleeve-local-9-armv6hl/root
DEBUG util.py:185:  kill orphans in chroot /var/lib/mock/redsleeve-local-9-armv6hl-bootstrap/root/var/lib/mock/redsleeve-local-9-armv6hl/root
DEBUG util.py:636:  child environment: None
DEBUG util.py:558:  Executing command: ['/bin/umount', '-n', '-l', '/var/lib/mock/redsleeve-local-9-armv6hl-bootstrap/root/var/lib/mock/redsleeve-local-9-armv6hl/root'] with env {'TERM': 'vt100', 'SHELL': '/bin/sh', 'HOME': '/builddir', 'HOSTNAME': 'mock', 'PATH': '/usr/bin:/bin:/usr/sbin:/sbin', 'LANG': 'C.UTF-8'} and shell False
DEBUG util.py:610:  Child return code was: 0
DEBUG util.py:636:  child environment: None
DEBUG util.py:558:  Executing command: ['/bin/umount', '-n', '-l', '/var/lib/mock/redsleeve-local-9-armv6hl-bootstrap/root/var/lib/mock/redsleeve-local-9-armv6hl/root'] with env {'TERM': 'vt100', 'SHELL': '/bin/sh', 'HOME': '/builddir', 'HOSTNAME': 'mock', 'PATH': '/usr/bin:/bin:/usr/sbin:/sbin', 'LANG': 'C.UTF-8'} and shell False
DEBUG util.py:610:  Child return code was: 0
DEBUG util.py:636:  child environment: None
DEBUG util.py:553:  Using nspawn with args ['--capability=cap_ipc_lock', '--bind=/tmp/mock-resolv.ykjyeb13:/etc/resolv.conf', '--bind=/dev/btrfs-control', '--bind=/dev/mapper/control', '--bind=/dev/fuse', '--bind=/dev/loop-control', '--bind=/dev/loop0', '--bind=/dev/loop1', '--bind=/dev/loop2', '--bind=/dev/loop3', '--bind=/dev/loop4', '--bind=/dev/loop5', '--bind=/dev/loop6', '--bind=/dev/loop7', '--bind=/dev/loop8', '--bind=/dev/loop9', '--bind=/dev/loop10', '--bind=/dev/loop11']
DEBUG util.py:558:  Executing command: ['/usr/bin/systemd-nspawn', '-q', '-M', '5de5682ee6a441958b4de32d92821de5', '-D', '/var/lib/mock/redsleeve-local-9-armv6hl/root', '-a', '--capability=cap_ipc_lock', '--bind=/tmp/mock-resolv.ykjyeb13:/etc/resolv.conf', '--bind=/dev/btrfs-control', '--bind=/dev/mapper/control', '--bind=/dev/fuse', '--bind=/dev/loop-control', '--bind=/dev/loop0', '--bind=/dev/loop1', '--bind=/dev/loop2', '--bind=/dev/loop3', '--bind=/dev/loop4', '--bind=/dev/loop5', '--bind=/dev/loop6', '--bind=/dev/loop7', '--bind=/dev/loop8', '--bind=/dev/loop9', '--bind=/dev/loop10', '--bind=/dev/loop11', '--console=pipe', '--setenv=TERM=vt100', '--setenv=SHELL=/bin/bash', '--setenv=HOME=/builddir', '--setenv=HOSTNAME=mock', '--setenv=PATH=/usr/bin:/bin:/usr/sbin:/sbin', '--setenv=PROMPT_COMMAND=printf "\\033]0;<mock-chroot>\\007"', '--setenv=PS1=<mock-chroot> \\s-\\v\\$ ', '--setenv=LANG=C.UTF-8', '--resolv-conf=off', '/bin/sh', '-c', 'case $(rpmbuild --help) in *--noclean*) exit 0; esac; exit 1'] with env {'TERM': 'vt100', 'SHELL': '/bin/bash', 'HOME': '/builddir', 'HOSTNAME': 'mock', 'PATH': '/usr/bin:/bin:/usr/sbin:/sbin', 'PROMPT_COMMAND': 'printf "\\033]0;<mock-chroot>\\007"', 'PS1': '<mock-chroot> \\s-\\v\\$ ', 'LANG': 'C.UTF-8', 'SYSTEMD_NSPAWN_TMPFS_TMP': '0', 'SYSTEMD_SECCOMP': '0'} and shell False
DEBUG util.py:610:  Child return code was: 0
DEBUG util.py:636:  child environment: None
DEBUG file_util.py:17:  ensuring that dir exists: /var/lib/mock/redsleeve-local-9-armv6hl/root/proc
DEBUG util.py:636:  child environment: None
DEBUG util.py:558:  Executing command: ['/bin/mount', '-n', '-t', 'tmpfs', '-o', 'rprivate,mode=0755', 'tmpfs', '/var/lib/mock/redsleeve-local-9-armv6hl/root/proc'] with env {'TERM': 'vt100', 'SHELL': '/bin/sh', 'HOME': '/builddir', 'HOSTNAME': 'mock', 'PATH': '/usr/bin:/bin:/usr/sbin:/sbin', 'LANG': 'C.UTF-8'} and shell False
DEBUG util.py:610:  Child return code was: 0
DEBUG file_util.py:17:  ensuring that dir exists: /var/lib/mock/redsleeve-local-9-armv6hl/root/proc
DEBUG util.py:636:  child environment: None
DEBUG util.py:558:  Executing command: ['/bin/mount', '-n', '-o', 'rbind', '/proc', '/var/lib/mock/redsleeve-local-9-armv6hl/root/proc'] with env {'TERM': 'vt100', 'SHELL': '/bin/sh', 'HOME': '/builddir', 'HOSTNAME': 'mock', 'PATH': '/usr/bin:/bin:/usr/sbin:/sbin', 'LANG': 'C.UTF-8'} and shell False
DEBUG util.py:610:  Child return code was: 0
DEBUG util.py:636:  child environment: None
DEBUG util.py:558:  Executing command: ['/bin/mount', '-n', '-o', 'remount,nodev,noexec,nosuid,readonly,rprivate,rbind', '--target', '/var/lib/mock/redsleeve-local-9-armv6hl/root/proc'] with env {'TERM': 'vt100', 'SHELL': '/bin/sh', 'HOME': '/builddir', 'HOSTNAME': 'mock', 'PATH': '/usr/bin:/bin:/usr/sbin:/sbin', 'LANG': 'C.UTF-8'} and shell False
DEBUG util.py:610:  Child return code was: 0
DEBUG file_util.py:17:  ensuring that dir exists: /var/lib/mock/redsleeve-local-9-armv6hl/root/sys
DEBUG util.py:636:  child environment: None
DEBUG util.py:558:  Executing command: ['/bin/mount', '-n', '-t', 'tmpfs', '-o', 'rprivate,mode=0755', 'tmpfs', '/var/lib/mock/redsleeve-local-9-armv6hl/root/sys'] with env {'TERM': 'vt100', 'SHELL': '/bin/sh', 'HOME': '/builddir', 'HOSTNAME': 'mock', 'PATH': '/usr/bin:/bin:/usr/sbin:/sbin', 'LANG': 'C.UTF-8'} and shell False
DEBUG util.py:610:  Child return code was: 0
DEBUG file_util.py:17:  ensuring that dir exists: /var/lib/mock/redsleeve-local-9-armv6hl/root/sys
DEBUG util.py:636:  child environment: None
DEBUG util.py:558:  Executing command: ['/bin/mount', '-n', '-o', 'rbind', '/sys', '/var/lib/mock/redsleeve-local-9-armv6hl/root/sys'] with env {'TERM': 'vt100', 'SHELL': '/bin/sh', 'HOME': '/builddir', 'HOSTNAME': 'mock', 'PATH': '/usr/bin:/bin:/usr/sbin:/sbin', 'LANG': 'C.UTF-8'} and shell False
DEBUG util.py:610:  Child return code was: 0
DEBUG util.py:636:  child environment: None
DEBUG util.py:558:  Executing command: ['/bin/mount', '-n', '-o', 'remount,nodev,noexec,nosuid,readonly,rprivate,rbind', '--target', '/var/lib/mock/redsleeve-local-9-armv6hl/root/sys'] with env {'TERM': 'vt100', 'SHELL': '/bin/sh', 'HOME': '/builddir', 'HOSTNAME': 'mock', 'PATH': '/usr/bin:/bin:/usr/sbin:/sbin', 'LANG': 'C.UTF-8'} and shell False
DEBUG util.py:610:  Child return code was: 0
DEBUG file_util.py:17:  ensuring that dir exists: /var/lib/mock/redsleeve-local-9-armv6hl/root/dev/shm
DEBUG util.py:636:  child environment: None
DEBUG util.py:558:  Executing command: ['/bin/mount', '-n', '-t', 'tmpfs', 'tmpfs', '/var/lib/mock/redsleeve-local-9-armv6hl/root/dev/shm'] with env {'TERM': 'vt100', 'SHELL': '/bin/sh', 'HOME': '/builddir', 'HOSTNAME': 'mock', 'PATH': '/usr/bin:/bin:/usr/sbin:/sbin', 'LANG': 'C.UTF-8'} and shell False
DEBUG util.py:610:  Child return code was: 0
DEBUG file_util.py:17:  ensuring that dir exists: /var/lib/mock/redsleeve-local-9-armv6hl/root/dev/pts
DEBUG util.py:636:  child environment: None
DEBUG util.py:558:  Executing command: ['/bin/mount', '-n', '-t', 'devpts', '-o', 'gid=5,mode=0620,ptmxmode=0666,newinstance', 'devpts', '/var/lib/mock/redsleeve-local-9-armv6hl/root/dev/pts'] with env {'TERM': 'vt100', 'SHELL': '/bin/sh', 'HOME': '/builddir', 'HOSTNAME': 'mock', 'PATH': '/usr/bin:/bin:/usr/sbin:/sbin', 'LANG': 'C.UTF-8'} and shell False
DEBUG util.py:610:  Child return code was: 0
DEBUG file_util.py:17:  ensuring that dir exists: /var/lib/mock/redsleeve-local-9-armv6hl-bootstrap/root/var/lib/mock/redsleeve-local-9-armv6hl/root
DEBUG util.py:636:  child environment: None
DEBUG util.py:558:  Executing command: ['/bin/mount', '-n', '-t', 'tmpfs', '-o', 'private,mode=0755', 'tmpfs', '/var/lib/mock/redsleeve-local-9-armv6hl-bootstrap/root/var/lib/mock/redsleeve-local-9-armv6hl/root'] with env {'TERM': 'vt100', 'SHELL': '/bin/sh', 'HOME': '/builddir', 'HOSTNAME': 'mock', 'PATH': '/usr/bin:/bin:/usr/sbin:/sbin', 'LANG': 'C.UTF-8'} and shell False
DEBUG util.py:610:  Child return code was: 0
DEBUG file_util.py:17:  ensuring that dir exists: /var/lib/mock/redsleeve-local-9-armv6hl-bootstrap/root/var/lib/mock/redsleeve-local-9-armv6hl/root
DEBUG util.py:636:  child environment: None
DEBUG util.py:558:  Executing command: ['/bin/mount', '-n', '-o', 'rbind', '/var/lib/mock/redsleeve-local-9-armv6hl/root', '/var/lib/mock/redsleeve-local-9-armv6hl-bootstrap/root/var/lib/mock/redsleeve-local-9-armv6hl/root'] with env {'TERM': 'vt100', 'SHELL': '/bin/sh', 'HOME': '/builddir', 'HOSTNAME': 'mock', 'PATH': '/usr/bin:/bin:/usr/sbin:/sbin', 'LANG': 'C.UTF-8'} and shell False
DEBUG util.py:610:  Child return code was: 0
DEBUG util.py:636:  child environment: None
DEBUG util.py:558:  Executing command: ['/bin/mount', '-n', '-o', 'remount,private,rbind', '--target', '/var/lib/mock/redsleeve-local-9-armv6hl-bootstrap/root/var/lib/mock/redsleeve-local-9-armv6hl/root'] with env {'TERM': 'vt100', 'SHELL': '/bin/sh', 'HOME': '/builddir', 'HOSTNAME': 'mock', 'PATH': '/usr/bin:/bin:/usr/sbin:/sbin', 'LANG': 'C.UTF-8'} and shell False
DEBUG util.py:610:  Child return code was: 0
DEBUG file_util.py:17:  ensuring that dir exists: /var/lib/mock/redsleeve-local-9-armv6hl/root/installation-homedir
DEBUG package_manager.py:295:  ['/usr/bin/dnf-3', 'builddep', '--installroot', '/var/lib/mock/redsleeve-local-9-armv6hl/root/', '--releasever', '9', '--setopt=deltarpm=False', '--setopt=allow_vendor_change=yes', '--allowerasing', '--disableplugin=local', '--disableplugin=spacewalk', '--disableplugin=versionlock', '/var/lib/mock/redsleeve-local-9-armv6hl/root//builddir/build/SRPMS/raspberrypi4-6.12.96-v7l.1.el9.src.rpm']
DEBUG util.py:636:  child environment: None
DEBUG util.py:553:  Using nspawn with args ['--capability=cap_ipc_lock', '--bind=/tmp/mock-resolv.524gza7b:/etc/resolv.conf']
DEBUG util.py:558:  Executing command: ['/usr/bin/systemd-nspawn', '-q', '-M', 'e441b12dc3214ebabdacd43440c339f7', '-D', '/var/lib/mock/redsleeve-local-9-armv6hl-bootstrap/root', '-a', '--capability=cap_ipc_lock', '--bind=/tmp/mock-resolv.524gza7b:/etc/resolv.conf', '--console=pipe', '--setenv=TERM=vt100', '--setenv=SHELL=/bin/bash', '--setenv=HOME=/var/lib/mock/redsleeve-local-9-armv6hl/root/installation-homedir', '--setenv=HOSTNAME=mock', '--setenv=PATH=/usr/bin:/bin:/usr/sbin:/sbin', '--setenv=PROMPT_COMMAND=printf "\\033]0;<mock-chroot>\\007"', '--setenv=PS1=<mock-chroot> \\s-\\v\\$ ', '--setenv=LANG=C.UTF-8', '--setenv=LC_MESSAGES=C.UTF-8', '--resolv-conf=off', '/usr/bin/dnf-3', 'builddep', '--installroot', '/var/lib/mock/redsleeve-local-9-armv6hl/root/', '--releasever', '9', '--setopt=deltarpm=False', '--setopt=allow_vendor_change=yes', '--allowerasing', '--disableplugin=local', '--disableplugin=spacewalk', '--disableplugin=versionlock', '/var/lib/mock/redsleeve-local-9-armv6hl/root//builddir/build/SRPMS/raspberrypi4-6.12.96-v7l.1.el9.src.rpm'] with env {'TERM': 'vt100', 'SHELL': '/bin/bash', 'HOME': '/var/lib/mock/redsleeve-local-9-armv6hl/root/installation-homedir', 'HOSTNAME': 'mock', 'PATH': '/usr/bin:/bin:/usr/sbin:/sbin', 'PROMPT_COMMAND': 'printf "\\033]0;<mock-chroot>\\007"', 'PS1': '<mock-chroot> \\s-\\v\\$ ', 'LANG': 'C.UTF-8', 'LC_MESSAGES': 'C.UTF-8', 'SYSTEMD_NSPAWN_TMPFS_TMP': '0', 'SYSTEMD_SECCOMP': '0'} and shell False
DEBUG util.py:461:  No matches found for the following disable plugin patterns: local, spacewalk, versionlock
DEBUG util.py:463:  Last metadata expiration check: 0:02:07 ago on Sun Aug  9 20:42:48 2026.
DEBUG util.py:463:  Package bash-5.1.8-9.el9.armv6hl is already installed.
DEBUG util.py:463:  Package bzip2-1.0.8-11.el9.armv6hl is already installed.
DEBUG util.py:463:  Package coreutils-8.32-41.el9_8.armv6hl is already installed.
DEBUG util.py:463:  Package diffutils-3.7-12.el9.armv6hl is already installed.
DEBUG util.py:463:  Package findutils-1:4.8.0-7.el9.armv6hl is already installed.
DEBUG util.py:463:  Package gawk-5.1.0-6.el9.armv6hl is already installed.
DEBUG util.py:463:  Package gzip-1.12-1.el9.armv6hl is already installed.
DEBUG util.py:463:  Package patch-2.7.6-16.el9.armv6hl is already installed.
DEBUG util.py:463:  Package perl-Carp-1.50-460.el9.noarch is already installed.
DEBUG util.py:463:  Package redhat-rpm-config-210-1.el9.redsleeve.noarch is already installed.
DEBUG util.py:463:  Package tar-2:1.34-11.el9.armv6hl is already installed.
DEBUG util.py:463:  Package xz-5.2.5-8.el9.armv6hl is already installed.
DEBUG util.py:463:  Dependencies resolved.
DEBUG util.py:463:  ==========================================================================================================================================
DEBUG util.py:463:   Package                                Architecture      Version                                     Repository                     Size
DEBUG util.py:463:  ==========================================================================================================================================
DEBUG util.py:463:  Installing:
DEBUG util.py:463:   audit-libs-devel                       armv6hl           3.1.5-8.el9                                 Redsleeve_BaseOS               85 k
DEBUG util.py:463:   bc                                     armv6hl           1.07.1-14.el9                               Redsleeve_BaseOS              117 k
DEBUG util.py:463:   binutils-devel                         armv6hl           2.35.2-72.el9.redsleeve                     Redsleeve_BaseOS              4.1 M
DEBUG util.py:463:   bison                                  armv6hl           3.7.4-5.el9                                 Redsleeve_AppStream           913 k
DEBUG util.py:463:   elfutils-devel                         armv6hl           0.194-1.el9.rocky.0.1                       Redsleeve_BaseOS               49 k
DEBUG util.py:463:   flex                                   armv6hl           2.6.4-9.el9                                 Redsleeve_AppStream           299 k
DEBUG util.py:463:   gettext                                armv6hl           0.21-8.el9                                  Redsleeve_BaseOS              1.1 M
DEBUG util.py:463:   hostname                               armv6hl           3.23-6.el9                                  Redsleeve_BaseOS               27 k
DEBUG util.py:463:   kmod                                   armv6hl           28-11.el9                                   Redsleeve_BaseOS              116 k
DEBUG util.py:463:   libkcapi-hmaccalc                      armv6hl           1.4.0-2.el9                                 Redsleeve_BaseOS               23 k
DEBUG util.py:463:   m4                                     armv6hl           1.4.19-1.el9                                Redsleeve_AppStream           281 k
DEBUG util.py:463:   make                                   armv6hl           1:4.3-8.el9                                 Redsleeve_BaseOS              525 k
DEBUG util.py:463:   ncurses-devel                          armv6hl           6.2-12.20210508.el9                         Redsleeve_BaseOS              518 k
DEBUG util.py:463:   net-tools                              armv6hl           2.0-0.64.20160912git.el9                    Redsleeve_BaseOS              288 k
DEBUG util.py:463:   newt-devel                             armv6hl           0.52.21-11.el9                              Redsleeve_BaseOS               33 k
DEBUG util.py:463:   openssl-devel                          armv6hl           1:3.5.5-6.el9_8                             Redsleeve_BaseOS              3.4 M
DEBUG util.py:463:   pciutils-devel                         armv6hl           3.7.0-7.el9                                 Redsleeve_BaseOS               30 k
DEBUG util.py:463:   perl                                   armv6hl           4:5.32.1-483.el9                            Redsleeve_AppStream            11 k
DEBUG util.py:463:   perl-ExtUtils-Embed                    noarch            1.35-483.el9                                Redsleeve_AppStream            16 k
DEBUG util.py:463:   python3-devel                          armv6hl           3.9.25-7.el9_8.2.redsleeve                  Redsleeve_BaseOS              205 k
DEBUG util.py:463:   xz-devel                               armv6hl           5.2.5-8.el9                                 Redsleeve_BaseOS               52 k
DEBUG util.py:463:   zlib-devel                             armv6hl           1.2.11-40.el9                               Redsleeve_BaseOS               44 k
DEBUG util.py:463:  Installing dependencies:
DEBUG util.py:463:   annobin                                armv6hl           12.98-2.el9                                 Redsleeve_AppStream           1.1 M
DEBUG util.py:463:   cpp                                    armv6hl           11.5.0-14.el9.redsleeve                     Redsleeve_BaseOS              9.2 M
DEBUG util.py:463:   elfutils-libelf-devel                  armv6hl           0.194-1.el9.rocky.0.1                       Redsleeve_BaseOS               67 k
DEBUG util.py:463:   gcc                                    armv6hl           11.5.0-14.el9.redsleeve                     Redsleeve_BaseOS               28 M
DEBUG util.py:463:   gcc-c++                                armv6hl           11.5.0-14.el9.redsleeve                     Redsleeve_BaseOS               11 M
DEBUG util.py:463:   gcc-plugin-annobin                     armv6hl           11.5.0-14.el9.redsleeve                     Redsleeve_BaseOS               34 k
DEBUG util.py:463:   gettext-libs                           armv6hl           0.21-8.el9                                  Redsleeve_BaseOS              265 k
DEBUG util.py:463:   glibc-devel                            armv6hl           2.34-275.el9_8.redsleeve                    Redsleeve_BaseOS              449 k
DEBUG util.py:463:   gnupg2                                 armv6hl           2.3.3-5.el9                                 Redsleeve_BaseOS              2.4 M
DEBUG util.py:463:   gnutls                                 armv6hl           3.8.10-8.el9_8                              Redsleeve_BaseOS              1.0 M
DEBUG util.py:463:   hwdata                                 noarch            0.348-9.22.el9                              Redsleeve_BaseOS              1.7 M
DEBUG util.py:463:   kernel-headers                         armv6hl           5.14.0-687.29.1.el9_8.redsleeve             Redsleeve_BaseOS              2.5 M
DEBUG util.py:463:   libasan                                armv6hl           11.5.0-14.el9.redsleeve                     Redsleeve_BaseOS              403 k
DEBUG util.py:463:   libassuan                              armv6hl           2.5.5-3.el9                                 Redsleeve_BaseOS               62 k
DEBUG util.py:463:   libcap-ng-devel                        armv6hl           0.8.2-7.el9                                 Redsleeve_BaseOS               26 k
DEBUG util.py:463:   libdatrie                              armv6hl           0.2.13-4.el9                                Redsleeve_AppStream            30 k
DEBUG util.py:463:   libedit                                armv6hl           3.1-39.20210216cvs.el9                      Redsleeve_BaseOS               91 k
DEBUG util.py:463:   libkcapi                               armv6hl           1.4.0-2.el9                                 Redsleeve_BaseOS               41 k
DEBUG util.py:463:   libksba                                armv6hl           1.5.1-7.el9                                 Redsleeve_BaseOS              144 k
DEBUG util.py:463:   libmpc                                 armv6hl           1.2.1-4.el9                                 Redsleeve_AppStream            55 k
DEBUG util.py:463:   libstdc++-devel                        armv6hl           11.5.0-14.el9.redsleeve                     Redsleeve_BaseOS              2.2 M
DEBUG util.py:463:   libthai                                armv6hl           0.1.28-8.el9                                Redsleeve_AppStream           205 k
DEBUG util.py:463:   libubsan                               armv6hl           11.5.0-14.el9.redsleeve                     Redsleeve_BaseOS              167 k
DEBUG util.py:463:   libxcrypt-devel                        armv6hl           4.4.18-3.el9                                Redsleeve_BaseOS               28 k
DEBUG util.py:463:   libzstd-devel                          armv6hl           1.5.5-1.el9                                 Redsleeve_BaseOS               50 k
DEBUG util.py:463:   llvm-filesystem                        armv6hl           21.1.8-2.el9.redsleeve                      Redsleeve_AppStream            13 k
DEBUG util.py:463:   llvm-libs                              armv6hl           21.1.8-2.el9.redsleeve                      Redsleeve_AppStream            29 M
DEBUG util.py:463:   ncurses-c++-libs                       armv6hl           6.2-12.20210508.el9                         Redsleeve_BaseOS               33 k
DEBUG util.py:463:   nettle                                 armv6hl           3.10.1-1.el9                                Redsleeve_BaseOS              513 k
DEBUG util.py:463:   newt                                   armv6hl           0.52.21-11.el9                              Redsleeve_BaseOS               93 k
DEBUG util.py:463:   npth                                   armv6hl           1.6-8.el9                                   Redsleeve_BaseOS               23 k
DEBUG util.py:463:   pciutils                               armv6hl           3.7.0-7.el9                                 Redsleeve_BaseOS               88 k
DEBUG util.py:463:   pciutils-libs                          armv6hl           3.7.0-7.el9                                 Redsleeve_BaseOS               35 k
DEBUG util.py:463:   perl-Algorithm-Diff                    noarch            1.2010-4.el9                                Redsleeve_AppStream            47 k
DEBUG util.py:463:   perl-Archive-Tar                       noarch            2.38-6.el9_8.2                              Redsleeve_AppStream            71 k
DEBUG util.py:463:   perl-Archive-Zip                       noarch            1.68-6.el9                                  Redsleeve_AppStream           106 k
DEBUG util.py:463:   perl-Attribute-Handlers                noarch            1.01-483.el9                                Redsleeve_AppStream            26 k
DEBUG util.py:463:   perl-AutoSplit                         noarch            5.74-483.el9                                Redsleeve_AppStream            20 k
DEBUG util.py:463:   perl-Benchmark                         noarch            1.23-483.el9                                Redsleeve_AppStream            25 k
DEBUG util.py:463:   perl-CPAN                              noarch            2.29-5.el9                                  Redsleeve_AppStream           556 k
DEBUG util.py:463:   perl-CPAN-Meta                         noarch            2.150010-460.el9                            Redsleeve_AppStream           176 k
DEBUG util.py:463:   perl-CPAN-Meta-Requirements            noarch            2.140-461.el9                               Redsleeve_AppStream            31 k
DEBUG util.py:463:   perl-CPAN-Meta-YAML                    noarch            0.018-461.el9                               Redsleeve_AppStream            26 k
DEBUG util.py:463:   perl-Compress-Bzip2                    armv6hl           2.28-5.el9                                  Redsleeve_AppStream            66 k
DEBUG util.py:463:   perl-Compress-Raw-Bzip2                armv6hl           2.101-5.el9                                 Redsleeve_AppStream            32 k
DEBUG util.py:463:   perl-Compress-Raw-Lzma                 armv6hl           2.101-3.el9                                 Redsleeve_AppStream            48 k
DEBUG util.py:463:   perl-Compress-Raw-Zlib                 armv6hl           2.101-5.el9                                 Redsleeve_AppStream            58 k
DEBUG util.py:463:   perl-Config-Extensions                 noarch            0.03-483.el9                                Redsleeve_AppStream            11 k
DEBUG util.py:463:   perl-Config-Perl-V                     noarch            0.33-4.el9                                  Redsleeve_AppStream            21 k
DEBUG util.py:463:   perl-DBM_Filter                        noarch            0.06-483.el9                                Redsleeve_AppStream            30 k
DEBUG util.py:463:   perl-DB_File                           armv6hl           1.855-4.el9                                 Redsleeve_AppStream            79 k
DEBUG util.py:463:   perl-Data-OptList                      noarch            0.110-17.el9                                Redsleeve_AppStream            26 k
DEBUG util.py:463:   perl-Data-Section                      noarch            0.200007-14.el9                             Redsleeve_AppStream            24 k
DEBUG util.py:463:   perl-Devel-PPPort                      armv6hl           3.62-4.el9                                  Redsleeve_AppStream           207 k
DEBUG util.py:463:   perl-Devel-Peek                        armv6hl           1.28-483.el9                                Redsleeve_AppStream            30 k
DEBUG util.py:463:   perl-Devel-SelfStubber                 noarch            1.06-483.el9                                Redsleeve_AppStream            13 k
DEBUG util.py:463:   perl-Devel-Size                        armv6hl           0.83-10.el9                                 Redsleeve_AppStream            30 k
DEBUG util.py:463:   perl-Digest-SHA                        armv6hl           1:6.02-461.el9                              Redsleeve_AppStream            60 k
DEBUG util.py:463:   perl-Digest-SHA1                       armv6hl           2.13-34.el9                                 Redsleeve_AppStream            51 k
DEBUG util.py:463:   perl-DirHandle                         noarch            1.05-483.el9                                Redsleeve_AppStream            11 k
DEBUG util.py:463:   perl-Dumpvalue                         noarch            2.27-483.el9                                Redsleeve_AppStream            17 k
DEBUG util.py:463:   perl-DynaLoader                        armv6hl           1.47-483.el9                                Redsleeve_AppStream            24 k
DEBUG util.py:463:   perl-Encode-devel                      armv6hl           4:3.08-462.el9                              Redsleeve_AppStream            41 k
DEBUG util.py:463:   perl-English                           noarch            1.11-483.el9                                Redsleeve_AppStream            12 k
DEBUG util.py:463:   perl-Env                               noarch            1.04-460.el9                                Redsleeve_AppStream            19 k
DEBUG util.py:463:   perl-ExtUtils-CBuilder                 noarch            1:0.280236-5.el9                            Redsleeve_AppStream            45 k
DEBUG util.py:463:   perl-ExtUtils-Command                  noarch            2:7.60-3.el9                                Redsleeve_AppStream            14 k
DEBUG util.py:463:   perl-ExtUtils-Constant                 noarch            0.25-483.el9                                Redsleeve_AppStream            45 k
DEBUG util.py:463:   perl-ExtUtils-Install                  noarch            2.20-4.el9                                  Redsleeve_AppStream            44 k
DEBUG util.py:463:   perl-ExtUtils-MM-Utils                 noarch            2:7.60-3.el9                                Redsleeve_AppStream            12 k
DEBUG util.py:463:   perl-ExtUtils-MakeMaker                noarch            2:7.60-3.el9                                Redsleeve_AppStream           289 k
DEBUG util.py:463:   perl-ExtUtils-Manifest                 noarch            1:1.73-4.el9                                Redsleeve_AppStream            34 k
DEBUG util.py:463:   perl-ExtUtils-Miniperl                 noarch            1.09-483.el9                                Redsleeve_AppStream            14 k
DEBUG util.py:463:   perl-ExtUtils-ParseXS                  noarch            1:3.40-460.el9                              Redsleeve_AppStream           181 k
DEBUG util.py:463:   perl-File-Compare                      noarch            1.100.600-483.el9                           Redsleeve_AppStream            12 k
DEBUG util.py:463:   perl-File-Copy                         noarch            2.34-483.el9                                Redsleeve_AppStream            18 k
DEBUG util.py:463:   perl-File-DosGlob                      armv6hl           1.12-483.el9                                Redsleeve_AppStream            18 k
DEBUG util.py:463:   perl-File-Fetch                        noarch            1.00-4.el9                                  Redsleeve_AppStream            30 k
DEBUG util.py:463:   perl-File-Find                         noarch            1.37-483.el9                                Redsleeve_AppStream            24 k
DEBUG util.py:463:   perl-File-HomeDir                      noarch            1.006-4.el9                                 Redsleeve_AppStream            57 k
DEBUG util.py:463:   perl-File-Which                        noarch            1.23-10.el9                                 Redsleeve_AppStream            21 k
DEBUG util.py:463:   perl-FileCache                         noarch            1.10-483.el9                                Redsleeve_AppStream            13 k
DEBUG util.py:463:   perl-Filter                            armv6hl           2:1.60-4.el9                                Redsleeve_AppStream            80 k
DEBUG util.py:463:   perl-Filter-Simple                     noarch            0.96-460.el9                                Redsleeve_AppStream            27 k
DEBUG util.py:463:   perl-FindBin                           noarch            1.51-483.el9                                Redsleeve_AppStream            12 k
DEBUG util.py:463:   perl-GDBM_File                         armv6hl           1.18-483.el9                                Redsleeve_AppStream            20 k
DEBUG util.py:463:   perl-Hash-Util                         armv6hl           0.23-483.el9                                Redsleeve_AppStream            33 k
DEBUG util.py:463:   perl-Hash-Util-FieldHash               armv6hl           1.20-483.el9                                Redsleeve_AppStream            36 k
DEBUG util.py:463:   perl-I18N-Collate                      noarch            1.02-483.el9                                Redsleeve_AppStream            13 k
DEBUG util.py:463:   perl-I18N-LangTags                     noarch            0.44-483.el9                                Redsleeve_AppStream            53 k
DEBUG util.py:463:   perl-I18N-Langinfo                     armv6hl           0.19-483.el9                                Redsleeve_AppStream            21 k
DEBUG util.py:463:   perl-IO-Compress                       noarch            2.102-4.el9_8.1                             Redsleeve_AppStream           254 k
DEBUG util.py:463:   perl-IO-Compress-Lzma                  noarch            2.101-4.el9                                 Redsleeve_AppStream            74 k
DEBUG util.py:463:   perl-IO-Zlib                           noarch            1:1.11-4.el9                                Redsleeve_AppStream            19 k
DEBUG util.py:463:   perl-IPC-Cmd                           noarch            2:1.04-461.el9                              Redsleeve_AppStream            39 k
DEBUG util.py:463:   perl-IPC-SysV                          armv6hl           2.09-4.el9                                  Redsleeve_AppStream            41 k
DEBUG util.py:463:   perl-IPC-System-Simple                 noarch            1.30-6.el9                                  Redsleeve_AppStream            40 k
DEBUG util.py:463:   perl-Importer                          noarch            0.026-4.el9                                 Redsleeve_AppStream            39 k
DEBUG util.py:463:   perl-JSON-PP                           noarch            1:4.06-4.el9                                Redsleeve_AppStream            65 k
DEBUG util.py:463:   perl-Locale-Maketext                   noarch            1.29-461.el9                                Redsleeve_AppStream            94 k
DEBUG util.py:463:   perl-Locale-Maketext-Simple            noarch            1:0.21-483.el9                              Redsleeve_AppStream            16 k
DEBUG util.py:463:   perl-MIME-Charset                      noarch            1.012.2-15.el9                              Redsleeve_AppStream            48 k
DEBUG util.py:463:   perl-MRO-Compat                        noarch            0.13-15.el9                                 Redsleeve_AppStream            19 k
DEBUG util.py:463:   perl-Math-BigInt                       noarch            1:1.9998.18-460.el9                         Redsleeve_AppStream           188 k
DEBUG util.py:463:   perl-Math-BigInt-FastCalc              armv6hl           0.500.900-460.el9                           Redsleeve_AppStream            27 k
DEBUG util.py:463:   perl-Math-BigRat                       noarch            0.2614-460.el9                              Redsleeve_AppStream            38 k
DEBUG util.py:463:   perl-Math-Complex                      noarch            1.59-483.el9                                Redsleeve_AppStream            45 k
DEBUG util.py:463:   perl-Memoize                           noarch            1.03-483.el9                                Redsleeve_AppStream            55 k
DEBUG util.py:463:   perl-Module-Build                      noarch            2:0.42.31-9.el9                             Redsleeve_AppStream           254 k
DEBUG util.py:463:   perl-Module-CoreList                   noarch            1:5.20240609-1.el9                          Redsleeve_AppStream            87 k
DEBUG util.py:463:   perl-Module-CoreList-tools             noarch            1:5.20240609-1.el9                          Redsleeve_AppStream            16 k
DEBUG util.py:463:   perl-Module-Load                       noarch            1:0.36-4.el9                                Redsleeve_AppStream            17 k
DEBUG util.py:463:   perl-Module-Load-Conditional           noarch            0.74-4.el9                                  Redsleeve_AppStream            22 k
DEBUG util.py:463:   perl-Module-Loaded                     noarch            1:0.08-483.el9                              Redsleeve_AppStream            12 k
DEBUG util.py:463:   perl-Module-Metadata                   noarch            1.000037-460.el9                            Redsleeve_AppStream            35 k
DEBUG util.py:463:   perl-Module-Signature                  noarch            0.88-1.el9                                  Redsleeve_AppStream            83 k
DEBUG util.py:463:   perl-NEXT                              noarch            0.67-483.el9                                Redsleeve_AppStream            19 k
DEBUG util.py:463:   perl-Net                               noarch            1.02-483.el9                                Redsleeve_AppStream            24 k
DEBUG util.py:463:   perl-Net-Ping                          noarch            2.74-5.el9                                  Redsleeve_AppStream            49 k
DEBUG util.py:463:   perl-ODBM_File                         armv6hl           1.16-483.el9                                Redsleeve_AppStream            20 k
DEBUG util.py:463:   perl-Object-HashBase                   noarch            0.009-7.el9                                 Redsleeve_AppStream            25 k
DEBUG util.py:463:   perl-Opcode                            armv6hl           1.48-483.el9                                Redsleeve_AppStream            34 k
DEBUG util.py:463:   perl-Package-Generator                 noarch            1.106-23.el9                                Redsleeve_AppStream            23 k
DEBUG util.py:463:   perl-Params-Check                      noarch            1:0.38-461.el9                              Redsleeve_AppStream            22 k
DEBUG util.py:463:   perl-Params-Util                       armv6hl           1.102-5.el9                                 Redsleeve_AppStream            32 k
DEBUG util.py:463:   perl-Perl-OSType                       noarch            1.010-461.el9                               Redsleeve_AppStream            22 k
DEBUG util.py:463:   perl-PerlIO-via-QuotedPrint            noarch            0.09-4.el9                                  Redsleeve_AppStream            21 k
DEBUG util.py:463:   perl-Pod-Checker                       noarch            4:1.74-4.el9                                Redsleeve_AppStream            31 k
DEBUG util.py:463:   perl-Pod-Functions                     noarch            1.13-483.el9                                Redsleeve_AppStream            12 k
DEBUG util.py:463:   perl-Pod-Html                          noarch            1.25-483.el9                                Redsleeve_AppStream            25 k
DEBUG util.py:463:   perl-Safe                              noarch            2.41-483.el9                                Redsleeve_AppStream            23 k
DEBUG util.py:463:   perl-Search-Dict                       noarch            1.07-483.el9                                Redsleeve_AppStream            11 k
DEBUG util.py:463:   perl-SelfLoader                        noarch            1.26-483.el9                                Redsleeve_AppStream            20 k
DEBUG util.py:463:   perl-Software-License                  noarch            0.103014-12.el9                             Redsleeve_AppStream           127 k
DEBUG util.py:463:   perl-Sub-Exporter                      noarch            0.987-27.el9                                Redsleeve_AppStream            66 k
DEBUG util.py:463:   perl-Sub-Install                       noarch            0.928-28.el9                                Redsleeve_AppStream            22 k
DEBUG util.py:463:   perl-Sys-Hostname                      armv6hl           1.23-483.el9                                Redsleeve_AppStream            15 k
DEBUG util.py:463:   perl-Sys-Syslog                        armv6hl           0.36-461.el9                                Redsleeve_AppStream            46 k
DEBUG util.py:463:   perl-Term-Complete                     noarch            1.403-483.el9                               Redsleeve_AppStream            11 k
DEBUG util.py:463:   perl-Term-ReadLine                     noarch            1.17-483.el9                                Redsleeve_AppStream            17 k
DEBUG util.py:463:   perl-Term-Size-Perl                    armv6hl           0.031-12.el9                                Redsleeve_AppStream            21 k
DEBUG util.py:463:   perl-Term-Table                        noarch            0.015-8.el9                                 Redsleeve_AppStream            35 k
DEBUG util.py:463:   perl-Test                              noarch            1.31-483.el9                                Redsleeve_AppStream            27 k
DEBUG util.py:463:   perl-Test-Harness                      noarch            1:3.42-461.el9                              Redsleeve_AppStream           267 k
DEBUG util.py:463:   perl-Test-Simple                       noarch            3:1.302183-4.el9                            Redsleeve_AppStream           525 k
DEBUG util.py:463:   perl-Text-Abbrev                       noarch            1.02-483.el9                                Redsleeve_AppStream            11 k
DEBUG util.py:463:   perl-Text-Balanced                     noarch            2.04-4.el9                                  Redsleeve_AppStream            47 k
DEBUG util.py:463:   perl-Text-Diff                         noarch            1.45-13.el9                                 Redsleeve_AppStream            40 k
DEBUG util.py:463:   perl-Text-Glob                         noarch            0.11-15.el9                                 Redsleeve_AppStream            13 k
DEBUG util.py:463:   perl-Text-Template                     noarch            1.59-5.el9                                  Redsleeve_AppStream            60 k
DEBUG util.py:463:   perl-Thread                            noarch            3.05-483.el9                                Redsleeve_AppStream            16 k
DEBUG util.py:463:   perl-Thread-Queue                      noarch            3.14-460.el9                                Redsleeve_AppStream            21 k
DEBUG util.py:463:   perl-Thread-Semaphore                  noarch            2.13-483.el9                                Redsleeve_AppStream            14 k
DEBUG util.py:463:   perl-Tie                               noarch            4.6-483.el9                                 Redsleeve_AppStream            30 k
DEBUG util.py:463:   perl-Tie-File                          noarch            1.06-483.el9                                Redsleeve_AppStream            42 k
DEBUG util.py:463:   perl-Tie-Memoize                       noarch            1.1-483.el9                                 Redsleeve_AppStream            13 k
DEBUG util.py:463:   perl-Tie-RefHash                       noarch            1.40-4.el9                                  Redsleeve_AppStream            22 k
DEBUG util.py:463:   perl-Time                              noarch            1.03-483.el9                                Redsleeve_AppStream            17 k
DEBUG util.py:463:   perl-Time-HiRes                        armv6hl           4:1.9764-462.el9                            Redsleeve_AppStream            57 k
DEBUG util.py:463:   perl-Time-Piece                        armv6hl           1.3401-483.el9                              Redsleeve_AppStream            38 k
DEBUG util.py:463:   perl-Unicode-Collate                   armv6hl           1.29-4.el9                                  Redsleeve_AppStream           659 k
DEBUG util.py:463:   perl-Unicode-Normalize                 armv6hl           1.27-461.el9                                Redsleeve_AppStream            78 k
DEBUG util.py:463:   perl-Unicode-UCD                       noarch            0.75-483.el9                                Redsleeve_AppStream            77 k
DEBUG util.py:463:   perl-User-pwent                        noarch            1.03-483.el9                                Redsleeve_AppStream            19 k
DEBUG util.py:463:   perl-autodie                           noarch            2.34-4.el9                                  Redsleeve_AppStream            94 k
DEBUG util.py:463:   perl-autouse                           noarch            1.11-483.el9                                Redsleeve_AppStream            12 k
DEBUG util.py:463:   perl-bignum                            noarch            0.51-460.el9                                Redsleeve_AppStream            42 k
DEBUG util.py:463:   perl-blib                              noarch            1.07-483.el9                                Redsleeve_AppStream            11 k
DEBUG util.py:463:   perl-debugger                          noarch            1.56-483.el9                                Redsleeve_AppStream           132 k
DEBUG util.py:463:   perl-deprecate                         noarch            0.04-483.el9                                Redsleeve_AppStream            13 k
DEBUG util.py:463:   perl-devel                             armv6hl           4:5.32.1-483.el9                            Redsleeve_AppStream           658 k
DEBUG util.py:463:   perl-diagnostics                       noarch            1.37-483.el9                                Redsleeve_AppStream           209 k
DEBUG util.py:463:   perl-doc                               noarch            5.32.1-483.el9                              Redsleeve_AppStream           4.5 M
DEBUG util.py:463:   perl-encoding                          armv6hl           4:3.00-462.el9                              Redsleeve_AppStream            62 k
DEBUG util.py:463:   perl-encoding-warnings                 noarch            0.13-483.el9                                Redsleeve_AppStream            15 k
DEBUG util.py:463:   perl-experimental                      noarch            0.022-6.el9                                 Redsleeve_AppStream            21 k
DEBUG util.py:463:   perl-fields                            noarch            2.27-483.el9                                Redsleeve_AppStream            15 k
DEBUG util.py:463:   perl-filetest                          noarch            1.03-483.el9                                Redsleeve_AppStream            13 k
DEBUG util.py:463:   perl-inc-latest                        noarch            2:0.500-20.el9                              Redsleeve_AppStream            23 k
DEBUG util.py:463:   perl-less                              noarch            0.03-483.el9                                Redsleeve_AppStream            12 k
DEBUG util.py:463:   perl-lib                               armv6hl           0.65-483.el9                                Redsleeve_AppStream            13 k
DEBUG util.py:463:   perl-libnetcfg                         noarch            4:5.32.1-483.el9                            Redsleeve_AppStream            15 k
DEBUG util.py:463:   perl-local-lib                         noarch            2.000024-13.el9                             Redsleeve_AppStream            67 k
DEBUG util.py:463:   perl-locale                            noarch            1.09-483.el9                                Redsleeve_AppStream            12 k
DEBUG util.py:463:   perl-macros                            noarch            4:5.32.1-483.el9                            Redsleeve_AppStream           9.1 k
DEBUG util.py:463:   perl-meta-notation                     noarch            5.32.1-483.el9                              Redsleeve_AppStream           8.1 k
DEBUG util.py:463:   perl-open                              noarch            1.12-483.el9                                Redsleeve_AppStream            15 k
DEBUG util.py:463:   perl-perlfaq                           noarch            5.20210520-1.el9                            Redsleeve_AppStream           372 k
DEBUG util.py:463:   perl-ph                                armv6hl           5.32.1-483.el9                              Redsleeve_AppStream            37 k
DEBUG util.py:463:   perl-sigtrap                           noarch            1.09-483.el9                                Redsleeve_AppStream            14 k
DEBUG util.py:463:   perl-sort                              noarch            2.04-483.el9                                Redsleeve_AppStream            12 k
DEBUG util.py:463:   perl-threads                           armv6hl           1:2.25-460.el9                              Redsleeve_AppStream            56 k
DEBUG util.py:463:   perl-threads-shared                    armv6hl           1.61-460.el9.0.1                            Redsleeve_AppStream            42 k
DEBUG util.py:463:   perl-utils                             noarch            5.32.1-483.el9                              Redsleeve_AppStream            53 k
DEBUG util.py:463:   perl-version                           armv6hl           7:0.99.28-4.el9                             Redsleeve_AppStream            61 k
DEBUG util.py:463:   perl-vmsish                            noarch            1.04-483.el9                                Redsleeve_AppStream            13 k
DEBUG util.py:463:   python-rpm-macros                      noarch            3.9-54.el9                                  Redsleeve_AppStream            13 k
DEBUG util.py:463:   python3                                armv6hl           3.9.25-7.el9_8.2.redsleeve                  Redsleeve_BaseOS               26 k
DEBUG util.py:463:   python3-libs                           armv6hl           3.9.25-7.el9_8.2.redsleeve                  Redsleeve_BaseOS              7.3 M
DEBUG util.py:463:   python3-packaging                      noarch            20.9-5.el9                                  Redsleeve_AppStream            68 k
DEBUG util.py:463:   python3-pip-wheel                      noarch            21.3.1-2.el9_8.rocky.0.1                    Redsleeve_BaseOS              1.1 M
DEBUG util.py:463:   python3-pyparsing                      noarch            2.4.7-9.el9                                 Redsleeve_BaseOS              149 k
DEBUG util.py:463:   python3-rpm-generators                 noarch            12-9.el9                                    Redsleeve_AppStream            26 k
DEBUG util.py:463:   python3-rpm-macros                     noarch            3.9-54.el9                                  Redsleeve_AppStream           9.0 k
DEBUG util.py:463:   python3-setuptools                     noarch            53.0.0-15.el9                               Redsleeve_BaseOS              831 k
DEBUG util.py:463:   python3-setuptools-wheel               noarch            53.0.0-15.el9                               Redsleeve_BaseOS              467 k
DEBUG util.py:463:   slang                                  armv6hl           2.3.2-11.el9                                Redsleeve_BaseOS              349 k
DEBUG util.py:463:   slang-devel                            armv6hl           2.3.2-11.el9                                Redsleeve_BaseOS              192 k
DEBUG util.py:463:   sombok                                 armv6hl           2.4.0-16.el9                                Redsleeve_AppStream            44 k
DEBUG util.py:463:   systemtap-sdt-devel                    armv6hl           5.4-4.el9                                   Redsleeve_AppStream            68 k
DEBUG util.py:463:   systemtap-sdt-dtrace                   armv6hl           5.4-4.el9                                   Redsleeve_AppStream            69 k
DEBUG util.py:463:  Installing weak dependencies:
DEBUG util.py:463:   perl-CPAN-DistnameInfo                 noarch            0.12-23.el9                                 Redsleeve_AppStream            14 k
DEBUG util.py:463:   perl-Encode-Locale                     noarch            1.05-21.el9                                 Redsleeve_AppStream            18 k
DEBUG util.py:463:   perl-Term-Size-Any                     noarch            0.002-35.el9                                Redsleeve_AppStream            13 k
DEBUG util.py:463:   perl-TermReadKey                       armv6hl           2.38-11.el9                                 Redsleeve_AppStream            35 k
DEBUG util.py:463:   perl-Unicode-LineBreak                 armv6hl           2019.001-11.el9                             Redsleeve_AppStream           117 k
DEBUG util.py:463:   python-unversioned-command             noarch            3.9.25-7.el9_8.2.redsleeve                  Redsleeve_BaseOS              9.5 k
DEBUG util.py:463:   python3-pip                            noarch            21.3.1-2.el9_8.rocky.0.1                    Redsleeve_BaseOS              1.7 M
DEBUG util.py:463:  Transaction Summary
DEBUG util.py:463:  ==========================================================================================================================================
DEBUG util.py:463:  Install  240 Packages
DEBUG util.py:463:  Total download size: 130 M
DEBUG util.py:463:  Installed size: 415 M
DEBUG util.py:463:  Downloading Packages:
DEBUG util.py:463:  (1/240): audit-libs-devel-3.1.5-8.el9.armv6hl.rpm                                                         1.4 MB/s |  85 kB     00:00    
DEBUG util.py:463:  (2/240): bc-1.07.1-14.el9.armv6hl.rpm                                                                     1.4 MB/s | 117 kB     00:00    
DEBUG util.py:463:  (3/240): elfutils-devel-0.194-1.el9.rocky.0.1.armv6hl.rpm                                                 1.2 MB/s |  49 kB     00:00    
DEBUG util.py:463:  (4/240): elfutils-libelf-devel-0.194-1.el9.rocky.0.1.armv6hl.rpm                                          1.2 MB/s |  67 kB     00:00    
DEBUG util.py:463:  (5/240): binutils-devel-2.35.2-72.el9.redsleeve.armv6hl.rpm                                               3.4 MB/s | 4.1 MB     00:01    
DEBUG util.py:463:  (6/240): cpp-11.5.0-14.el9.redsleeve.armv6hl.rpm                                                          3.4 MB/s | 9.2 MB     00:02    
DEBUG util.py:463:  (7/240): gcc-plugin-annobin-11.5.0-14.el9.redsleeve.armv6hl.rpm                                           975 kB/s |  34 kB     00:00    
DEBUG util.py:463:  (8/240): gettext-0.21-8.el9.armv6hl.rpm                                                                   3.1 MB/s | 1.1 MB     00:00    
DEBUG util.py:463:  (9/240): gettext-libs-0.21-8.el9.armv6hl.rpm                                                              2.2 MB/s | 265 kB     00:00    
DEBUG util.py:463:  (10/240): glibc-devel-2.34-275.el9_8.redsleeve.armv6hl.rpm                                                2.7 MB/s | 449 kB     00:00    
DEBUG util.py:463:  (11/240): gnupg2-2.3.3-5.el9.armv6hl.rpm                                                                  3.2 MB/s | 2.4 MB     00:00    
DEBUG util.py:463:  (12/240): gcc-c++-11.5.0-14.el9.redsleeve.armv6hl.rpm                                                     3.3 MB/s |  11 MB     00:03    
DEBUG util.py:463:  (13/240): hostname-3.23-6.el9.armv6hl.rpm                                                                 1.1 MB/s |  27 kB     00:00    
DEBUG util.py:463:  (14/240): gnutls-3.8.10-8.el9_8.armv6hl.rpm                                                               2.2 MB/s | 1.0 MB     00:00    
DEBUG util.py:463:  (15/240): hwdata-0.348-9.22.el9.noarch.rpm                                                                3.0 MB/s | 1.7 MB     00:00    
DEBUG util.py:463:  (16/240): kmod-28-11.el9.armv6hl.rpm                                                                      1.8 MB/s | 116 kB     00:00    
DEBUG util.py:463:  (17/240): libasan-11.5.0-14.el9.redsleeve.armv6hl.rpm                                                     2.7 MB/s | 403 kB     00:00    
DEBUG util.py:463:  (18/240): kernel-headers-5.14.0-687.29.1.el9_8.redsleeve.armv6hl.rpm                                      3.1 MB/s | 2.5 MB     00:00    
DEBUG util.py:463:  (19/240): libassuan-2.5.5-3.el9.armv6hl.rpm                                                               614 kB/s |  62 kB     00:00    
DEBUG util.py:463:  (20/240): libcap-ng-devel-0.8.2-7.el9.armv6hl.rpm                                                         1.1 MB/s |  26 kB     00:00    
DEBUG util.py:463:  (21/240): libedit-3.1-39.20210216cvs.el9.armv6hl.rpm                                                      1.8 MB/s |  91 kB     00:00    
DEBUG util.py:463:  (22/240): libkcapi-1.4.0-2.el9.armv6hl.rpm                                                                809 kB/s |  41 kB     00:00    
DEBUG util.py:463:  (23/240): libkcapi-hmaccalc-1.4.0-2.el9.armv6hl.rpm                                                       1.1 MB/s |  23 kB     00:00    
DEBUG util.py:463:  (24/240): libksba-1.5.1-7.el9.armv6hl.rpm                                                                 1.8 MB/s | 144 kB     00:00    
DEBUG util.py:463:  (25/240): libubsan-11.5.0-14.el9.redsleeve.armv6hl.rpm                                                    2.3 MB/s | 167 kB     00:00    
DEBUG util.py:463:  (26/240): libxcrypt-devel-4.4.18-3.el9.armv6hl.rpm                                                        636 kB/s |  28 kB     00:00    
DEBUG util.py:463:  (27/240): libzstd-devel-1.5.5-1.el9.armv6hl.rpm                                                           1.2 MB/s |  50 kB     00:00    
DEBUG util.py:463:  (28/240): make-4.3-8.el9.armv6hl.rpm                                                                      2.7 MB/s | 525 kB     00:00    
DEBUG util.py:463:  (29/240): ncurses-c++-libs-6.2-12.20210508.el9.armv6hl.rpm                                                943 kB/s |  33 kB     00:00    
DEBUG util.py:463:  (30/240): libstdc++-devel-11.5.0-14.el9.redsleeve.armv6hl.rpm                                             3.5 MB/s | 2.2 MB     00:00    
DEBUG util.py:463:  (31/240): ncurses-devel-6.2-12.20210508.el9.armv6hl.rpm                                                   2.4 MB/s | 518 kB     00:00    
DEBUG util.py:463:  (32/240): net-tools-2.0-0.64.20160912git.el9.armv6hl.rpm                                                  2.7 MB/s | 288 kB     00:00    
DEBUG util.py:463:  (33/240): newt-0.52.21-11.el9.armv6hl.rpm                                                                 1.5 MB/s |  93 kB     00:00    
DEBUG util.py:463:  (34/240): nettle-3.10.1-1.el9.armv6hl.rpm                                                                 3.2 MB/s | 513 kB     00:00    
DEBUG util.py:463:  (35/240): newt-devel-0.52.21-11.el9.armv6hl.rpm                                                           891 kB/s |  33 kB     00:00    
DEBUG util.py:463:  (36/240): npth-1.6-8.el9.armv6hl.rpm                                                                      979 kB/s |  23 kB     00:00    
DEBUG util.py:463:  (37/240): pciutils-3.7.0-7.el9.armv6hl.rpm                                                                1.5 MB/s |  88 kB     00:00    
DEBUG util.py:463:  (38/240): pciutils-devel-3.7.0-7.el9.armv6hl.rpm                                                          638 kB/s |  30 kB     00:00    
DEBUG util.py:463:  (39/240): pciutils-libs-3.7.0-7.el9.armv6hl.rpm                                                           861 kB/s |  35 kB     00:00    
DEBUG util.py:463:  (40/240): python-unversioned-command-3.9.25-7.el9_8.2.redsleeve.noarch.rpm                                285 kB/s | 9.5 kB     00:00    
DEBUG util.py:463:  (41/240): python3-3.9.25-7.el9_8.2.redsleeve.armv6hl.rpm                                                  793 kB/s |  26 kB     00:00    
DEBUG util.py:463:  (42/240): python3-devel-3.9.25-7.el9_8.2.redsleeve.armv6hl.rpm                                            1.8 MB/s | 205 kB     00:00    
DEBUG util.py:463:  (43/240): openssl-devel-3.5.5-6.el9_8.armv6hl.rpm                                                         910 kB/s | 3.4 MB     00:03    
DEBUG util.py:463:  (44/240): gcc-11.5.0-14.el9.redsleeve.armv6hl.rpm                                                         2.4 MB/s |  28 MB     00:11    
DEBUG util.py:463:  (45/240): python3-pip-21.3.1-2.el9_8.rocky.0.1.noarch.rpm                                                 948 kB/s | 1.7 MB     00:01    
DEBUG util.py:463:  (46/240): python3-pyparsing-2.4.7-9.el9.noarch.rpm                                                        1.9 MB/s | 149 kB     00:00    
DEBUG util.py:463:  (47/240): python3-pip-wheel-21.3.1-2.el9_8.rocky.0.1.noarch.rpm                                           3.1 MB/s | 1.1 MB     00:00    
DEBUG util.py:463:  (48/240): python3-setuptools-wheel-53.0.0-15.el9.noarch.rpm                                               2.6 MB/s | 467 kB     00:00    
DEBUG util.py:463:  (49/240): python3-setuptools-53.0.0-15.el9.noarch.rpm                                                     2.9 MB/s | 831 kB     00:00    
DEBUG util.py:463:  (50/240): slang-2.3.2-11.el9.armv6hl.rpm                                                                  3.2 MB/s | 349 kB     00:00    
DEBUG util.py:463:  (51/240): slang-devel-2.3.2-11.el9.armv6hl.rpm                                                            2.1 MB/s | 192 kB     00:00    
DEBUG util.py:463:  (52/240): xz-devel-5.2.5-8.el9.armv6hl.rpm                                                                1.3 MB/s |  52 kB     00:00    
DEBUG util.py:463:  (53/240): zlib-devel-1.2.11-40.el9.armv6hl.rpm                                                            1.9 MB/s |  44 kB     00:00    
DEBUG util.py:463:  (54/240): python3-libs-3.9.25-7.el9_8.2.redsleeve.armv6hl.rpm                                             1.2 MB/s | 7.3 MB     00:06    
DEBUG util.py:463:  (55/240): annobin-12.98-2.el9.armv6hl.rpm                                                                 2.4 MB/s | 1.1 MB     00:00    
DEBUG util.py:463:  (56/240): bison-3.7.4-5.el9.armv6hl.rpm                                                                   1.9 MB/s | 913 kB     00:00    
DEBUG util.py:463:  (57/240): libdatrie-0.2.13-4.el9.armv6hl.rpm                                                              555 kB/s |  30 kB     00:00    
DEBUG util.py:463:  (58/240): libmpc-1.2.1-4.el9.armv6hl.rpm                                                                  2.1 MB/s |  55 kB     00:00    
DEBUG util.py:463:  (59/240): flex-2.6.4-9.el9.armv6hl.rpm                                                                    2.2 MB/s | 299 kB     00:00    
DEBUG util.py:463:  (60/240): llvm-filesystem-21.1.8-2.el9.redsleeve.armv6hl.rpm                                              481 kB/s |  13 kB     00:00    
DEBUG util.py:463:  (61/240): libthai-0.1.28-8.el9.armv6hl.rpm                                                                3.6 MB/s | 205 kB     00:00    
DEBUG util.py:463:  (62/240): perl-5.32.1-483.el9.armv6hl.rpm                                                                 246 kB/s |  11 kB     00:00    
DEBUG util.py:463:  (63/240): m4-1.4.19-1.el9.armv6hl.rpm                                                                     3.4 MB/s | 281 kB     00:00    
DEBUG util.py:463:  (64/240): perl-Algorithm-Diff-1.2010-4.el9.noarch.rpm                                                     1.8 MB/s |  47 kB     00:00    
DEBUG util.py:463:  (65/240): perl-Archive-Tar-2.38-6.el9_8.2.noarch.rpm                                                      1.5 MB/s |  71 kB     00:00    
DEBUG util.py:463:  (66/240): perl-Archive-Zip-1.68-6.el9.noarch.rpm                                                          1.6 MB/s | 106 kB     00:00    
DEBUG util.py:463:  (67/240): perl-Attribute-Handlers-1.01-483.el9.noarch.rpm                                                 672 kB/s |  26 kB     00:00    
DEBUG util.py:463:  (68/240): perl-AutoSplit-5.74-483.el9.noarch.rpm                                                          580 kB/s |  20 kB     00:00    
DEBUG util.py:463:  (69/240): perl-Benchmark-1.23-483.el9.noarch.rpm                                                          809 kB/s |  25 kB     00:00    
DEBUG util.py:463:  (70/240): perl-CPAN-DistnameInfo-0.12-23.el9.noarch.rpm                                                   222 kB/s |  14 kB     00:00    
DEBUG util.py:463:  (71/240): perl-CPAN-2.29-5.el9.noarch.rpm                                                                 3.4 MB/s | 556 kB     00:00    
DEBUG util.py:463:  (72/240): perl-CPAN-Meta-2.150010-460.el9.noarch.rpm                                                      1.7 MB/s | 176 kB     00:00    
DEBUG util.py:463:  (73/240): perl-CPAN-Meta-Requirements-2.140-461.el9.noarch.rpm                                            1.3 MB/s |  31 kB     00:00    
DEBUG util.py:463:  (74/240): perl-CPAN-Meta-YAML-0.018-461.el9.noarch.rpm                                                    1.0 MB/s |  26 kB     00:00    
DEBUG util.py:463:  (75/240): perl-Compress-Bzip2-2.28-5.el9.armv6hl.rpm                                                      1.8 MB/s |  66 kB     00:00    
DEBUG util.py:463:  (76/240): perl-Compress-Raw-Bzip2-2.101-5.el9.armv6hl.rpm                                                 869 kB/s |  32 kB     00:00    
DEBUG util.py:463:  (77/240): perl-Compress-Raw-Lzma-2.101-3.el9.armv6hl.rpm                                                  923 kB/s |  48 kB     00:00    
DEBUG util.py:463:  (78/240): perl-Compress-Raw-Zlib-2.101-5.el9.armv6hl.rpm                                                  1.1 MB/s |  58 kB     00:00    
DEBUG util.py:463:  (79/240): perl-Config-Extensions-0.03-483.el9.noarch.rpm                                                  319 kB/s |  11 kB     00:00    
DEBUG util.py:463:  (80/240): perl-Config-Perl-V-0.33-4.el9.noarch.rpm                                                        638 kB/s |  21 kB     00:00    
DEBUG util.py:463:  (81/240): perl-DBM_Filter-0.06-483.el9.noarch.rpm                                                         1.1 MB/s |  30 kB     00:00    
DEBUG util.py:463:  (82/240): perl-Data-OptList-0.110-17.el9.noarch.rpm                                                       896 kB/s |  26 kB     00:00    
DEBUG util.py:463:  (83/240): perl-DB_File-1.855-4.el9.armv6hl.rpm                                                            1.4 MB/s |  79 kB     00:00    
DEBUG util.py:463:  (84/240): perl-Data-Section-0.200007-14.el9.noarch.rpm                                                    642 kB/s |  24 kB     00:00    
DEBUG util.py:463:  (85/240): perl-Devel-PPPort-3.62-4.el9.armv6hl.rpm                                                        3.0 MB/s | 207 kB     00:00    
DEBUG util.py:463:  (86/240): perl-Devel-Peek-1.28-483.el9.armv6hl.rpm                                                        686 kB/s |  30 kB     00:00    
DEBUG util.py:463:  (87/240): perl-Devel-SelfStubber-1.06-483.el9.noarch.rpm                                                  398 kB/s |  13 kB     00:00    
DEBUG util.py:463:  (88/240): perl-Devel-Size-0.83-10.el9.armv6hl.rpm                                                         891 kB/s |  30 kB     00:00    
DEBUG util.py:463:  (89/240): perl-Digest-SHA-6.02-461.el9.armv6hl.rpm                                                        1.9 MB/s |  60 kB     00:00    
DEBUG util.py:463:  (90/240): perl-Digest-SHA1-2.13-34.el9.armv6hl.rpm                                                        1.2 MB/s |  51 kB     00:00    
DEBUG util.py:463:  (91/240): perl-DirHandle-1.05-483.el9.noarch.rpm                                                          443 kB/s |  11 kB     00:00    
DEBUG util.py:463:  (92/240): perl-Dumpvalue-2.27-483.el9.noarch.rpm                                                          482 kB/s |  17 kB     00:00    
DEBUG util.py:463:  (93/240): perl-DynaLoader-1.47-483.el9.armv6hl.rpm                                                        731 kB/s |  24 kB     00:00    
DEBUG util.py:463:  (94/240): perl-Encode-Locale-1.05-21.el9.noarch.rpm                                                       541 kB/s |  18 kB     00:00    
DEBUG util.py:463:  (95/240): perl-Encode-devel-3.08-462.el9.armv6hl.rpm                                                      1.0 MB/s |  41 kB     00:00    
DEBUG util.py:463:  (96/240): perl-English-1.11-483.el9.noarch.rpm                                                            343 kB/s |  12 kB     00:00    
DEBUG util.py:463:  (97/240): perl-Env-1.04-460.el9.noarch.rpm                                                                546 kB/s |  19 kB     00:00    
DEBUG util.py:463:  (98/240): perl-ExtUtils-CBuilder-0.280236-5.el9.noarch.rpm                                                985 kB/s |  45 kB     00:00    
DEBUG util.py:463:  (99/240): perl-ExtUtils-Command-7.60-3.el9.noarch.rpm                                                     334 kB/s |  14 kB     00:00    
DEBUG util.py:463:  (100/240): perl-ExtUtils-Constant-0.25-483.el9.noarch.rpm                                                 1.9 MB/s |  45 kB     00:00    
DEBUG util.py:463:  (101/240): perl-ExtUtils-Embed-1.35-483.el9.noarch.rpm                                                    553 kB/s |  16 kB     00:00    
DEBUG util.py:463:  (102/240): perl-ExtUtils-Install-2.20-4.el9.noarch.rpm                                                    1.4 MB/s |  44 kB     00:00    
DEBUG util.py:463:  (103/240): perl-ExtUtils-MM-Utils-7.60-3.el9.noarch.rpm                                                   406 kB/s |  12 kB     00:00    
DEBUG util.py:463:  (104/240): perl-ExtUtils-Manifest-1.73-4.el9.noarch.rpm                                                   807 kB/s |  34 kB     00:00    
DEBUG util.py:463:  (105/240): perl-ExtUtils-Miniperl-1.09-483.el9.noarch.rpm                                                 452 kB/s |  14 kB     00:00    
DEBUG util.py:463:  (106/240): perl-ExtUtils-MakeMaker-7.60-3.el9.noarch.rpm                                                  2.8 MB/s | 289 kB     00:00    
DEBUG util.py:463:  (107/240): perl-ExtUtils-ParseXS-3.40-460.el9.noarch.rpm                                                  3.6 MB/s | 181 kB     00:00    
DEBUG util.py:463:  (108/240): perl-File-Compare-1.100.600-483.el9.noarch.rpm                                                 284 kB/s |  12 kB     00:00    
DEBUG util.py:463:  (109/240): perl-File-Copy-2.34-483.el9.noarch.rpm                                                         550 kB/s |  18 kB     00:00    
DEBUG util.py:463:  (110/240): perl-File-DosGlob-1.12-483.el9.armv6hl.rpm                                                     495 kB/s |  18 kB     00:00    
DEBUG util.py:463:  (111/240): perl-File-Fetch-1.00-4.el9.noarch.rpm                                                          1.0 MB/s |  30 kB     00:00    
DEBUG util.py:463:  (112/240): perl-File-Find-1.37-483.el9.noarch.rpm                                                         858 kB/s |  24 kB     00:00    
DEBUG util.py:463:  (113/240): perl-File-Which-1.23-10.el9.noarch.rpm                                                         711 kB/s |  21 kB     00:00    
DEBUG util.py:463:  (114/240): perl-File-HomeDir-1.006-4.el9.noarch.rpm                                                       1.2 MB/s |  57 kB     00:00    
DEBUG util.py:463:  (115/240): perl-FileCache-1.10-483.el9.noarch.rpm                                                         565 kB/s |  13 kB     00:00    
DEBUG util.py:463:  (116/240): perl-Filter-Simple-0.96-460.el9.noarch.rpm                                                     998 kB/s |  27 kB     00:00    
DEBUG util.py:463:  (117/240): perl-Filter-1.60-4.el9.armv6hl.rpm                                                             1.5 MB/s |  80 kB     00:00    
DEBUG util.py:463:  (118/240): perl-FindBin-1.51-483.el9.noarch.rpm                                                           512 kB/s |  12 kB     00:00    
DEBUG util.py:463:  (119/240): perl-GDBM_File-1.18-483.el9.armv6hl.rpm                                                        604 kB/s |  20 kB     00:00    
DEBUG util.py:463:  (120/240): perl-Hash-Util-0.23-483.el9.armv6hl.rpm                                                        1.1 MB/s |  33 kB     00:00    
DEBUG util.py:463:  (121/240): perl-Hash-Util-FieldHash-1.20-483.el9.armv6hl.rpm                                              1.0 MB/s |  36 kB     00:00    
DEBUG util.py:463:  (122/240): perl-I18N-Collate-1.02-483.el9.noarch.rpm                                                      387 kB/s |  13 kB     00:00    
DEBUG util.py:463:  (123/240): perl-I18N-Langinfo-0.19-483.el9.armv6hl.rpm                                                    647 kB/s |  21 kB     00:00    
DEBUG util.py:463:  (124/240): perl-I18N-LangTags-0.44-483.el9.noarch.rpm                                                     950 kB/s |  53 kB     00:00    
DEBUG util.py:463:  (125/240): perl-IO-Compress-Lzma-2.101-4.el9.noarch.rpm                                                   1.2 MB/s |  74 kB     00:00    
DEBUG util.py:463:  (126/240): perl-IO-Compress-2.102-4.el9_8.1.noarch.rpm                                                    2.3 MB/s | 254 kB     00:00    
DEBUG util.py:463:  (127/240): perl-IO-Zlib-1.11-4.el9.noarch.rpm                                                             538 kB/s |  19 kB     00:00    
DEBUG util.py:463:  (128/240): perl-IPC-Cmd-1.04-461.el9.noarch.rpm                                                           966 kB/s |  39 kB     00:00    
DEBUG util.py:463:  (129/240): perl-IPC-SysV-2.09-4.el9.armv6hl.rpm                                                           1.0 MB/s |  41 kB     00:00    
DEBUG util.py:463:  (130/240): perl-IPC-System-Simple-1.30-6.el9.noarch.rpm                                                   1.3 MB/s |  40 kB     00:00    
DEBUG util.py:463:  (131/240): perl-Importer-0.026-4.el9.noarch.rpm                                                           1.1 MB/s |  39 kB     00:00    
DEBUG util.py:463:  (132/240): perl-JSON-PP-4.06-4.el9.noarch.rpm                                                             1.2 MB/s |  65 kB     00:00    
DEBUG util.py:463:  (133/240): perl-Locale-Maketext-1.29-461.el9.noarch.rpm                                                   1.7 MB/s |  94 kB     00:00    
DEBUG util.py:463:  (134/240): perl-Locale-Maketext-Simple-0.21-483.el9.noarch.rpm                                            458 kB/s |  16 kB     00:00    
DEBUG util.py:463:  (135/240): perl-MIME-Charset-1.012.2-15.el9.noarch.rpm                                                    1.4 MB/s |  48 kB     00:00    
DEBUG util.py:463:  (136/240): perl-MRO-Compat-0.13-15.el9.noarch.rpm                                                         787 kB/s |  19 kB     00:00    
DEBUG util.py:463:  (137/240): perl-Math-BigInt-FastCalc-0.500.900-460.el9.armv6hl.rpm                                        890 kB/s |  27 kB     00:00    
DEBUG util.py:463:  (138/240): perl-Math-BigInt-1.9998.18-460.el9.noarch.rpm                                                  2.7 MB/s | 188 kB     00:00    
DEBUG util.py:463:  (139/240): perl-Math-BigRat-0.2614-460.el9.noarch.rpm                                                     1.1 MB/s |  38 kB     00:00    
DEBUG util.py:463:  (140/240): perl-Math-Complex-1.59-483.el9.noarch.rpm                                                      1.0 MB/s |  45 kB     00:00    
DEBUG util.py:463:  (141/240): perl-Memoize-1.03-483.el9.noarch.rpm                                                           1.2 MB/s |  55 kB     00:00    
DEBUG util.py:463:  (142/240): perl-Module-CoreList-5.20240609-1.el9.noarch.rpm                                               1.6 MB/s |  87 kB     00:00    
DEBUG util.py:463:  (143/240): perl-Module-Build-0.42.31-9.el9.noarch.rpm                                                     3.0 MB/s | 254 kB     00:00    
DEBUG util.py:463:  (144/240): perl-Module-CoreList-tools-5.20240609-1.el9.noarch.rpm                                         623 kB/s |  16 kB     00:00    
DEBUG util.py:463:  (145/240): perl-Module-Load-0.36-4.el9.noarch.rpm                                                         728 kB/s |  17 kB     00:00    
DEBUG util.py:463:  (146/240): perl-Module-Load-Conditional-0.74-4.el9.noarch.rpm                                             854 kB/s |  22 kB     00:00    
DEBUG util.py:463:  (147/240): perl-Module-Loaded-0.08-483.el9.noarch.rpm                                                     503 kB/s |  12 kB     00:00    
DEBUG util.py:463:  (148/240): perl-Module-Metadata-1.000037-460.el9.noarch.rpm                                               1.0 MB/s |  35 kB     00:00    
DEBUG util.py:463:  (149/240): perl-Module-Signature-0.88-1.el9.noarch.rpm                                                    1.7 MB/s |  83 kB     00:00    
DEBUG util.py:463:  (150/240): perl-NEXT-0.67-483.el9.noarch.rpm                                                              607 kB/s |  19 kB     00:00    
DEBUG util.py:463:  (151/240): perl-Net-1.02-483.el9.noarch.rpm                                                               912 kB/s |  24 kB     00:00    
DEBUG util.py:463:  (152/240): perl-Net-Ping-2.74-5.el9.noarch.rpm                                                            1.2 MB/s |  49 kB     00:00    
DEBUG util.py:463:  (153/240): perl-ODBM_File-1.16-483.el9.armv6hl.rpm                                                        722 kB/s |  20 kB     00:00    
DEBUG util.py:463:  (154/240): perl-Object-HashBase-0.009-7.el9.noarch.rpm                                                    1.1 MB/s |  25 kB     00:00    
DEBUG util.py:463:  (155/240): perl-Opcode-1.48-483.el9.armv6hl.rpm                                                           1.0 MB/s |  34 kB     00:00    
DEBUG util.py:463:  (156/240): perl-Package-Generator-1.106-23.el9.noarch.rpm                                                 853 kB/s |  23 kB     00:00    
DEBUG util.py:463:  (157/240): perl-Params-Check-0.38-461.el9.noarch.rpm                                                      617 kB/s |  22 kB     00:00    
DEBUG util.py:463:  (158/240): perl-Params-Util-1.102-5.el9.armv6hl.rpm                                                       848 kB/s |  32 kB     00:00    
DEBUG util.py:463:  (159/240): perl-Perl-OSType-1.010-461.el9.noarch.rpm                                                      857 kB/s |  22 kB     00:00    
DEBUG util.py:463:  (160/240): perl-PerlIO-via-QuotedPrint-0.09-4.el9.noarch.rpm                                              541 kB/s |  21 kB     00:00    
DEBUG util.py:463:  (161/240): perl-Pod-Checker-1.74-4.el9.noarch.rpm                                                         933 kB/s |  31 kB     00:00    
DEBUG util.py:463:  (162/240): perl-Pod-Functions-1.13-483.el9.noarch.rpm                                                     468 kB/s |  12 kB     00:00    
DEBUG util.py:463:  (163/240): perl-Pod-Html-1.25-483.el9.noarch.rpm                                                          787 kB/s |  25 kB     00:00    
DEBUG util.py:463:  (164/240): perl-Safe-2.41-483.el9.noarch.rpm                                                              923 kB/s |  23 kB     00:00    
DEBUG util.py:463:  (165/240): perl-Search-Dict-1.07-483.el9.noarch.rpm                                                       471 kB/s |  11 kB     00:00    
DEBUG util.py:463:  (166/240): perl-SelfLoader-1.26-483.el9.noarch.rpm                                                        506 kB/s |  20 kB     00:00    
DEBUG util.py:463:  (167/240): perl-Software-License-0.103014-12.el9.noarch.rpm                                               2.3 MB/s | 127 kB     00:00    
DEBUG util.py:463:  (168/240): perl-Sub-Exporter-0.987-27.el9.noarch.rpm                                                      1.7 MB/s |  66 kB     00:00    
DEBUG util.py:463:  (169/240): perl-Sub-Install-0.928-28.el9.noarch.rpm                                                       942 kB/s |  22 kB     00:00    
DEBUG util.py:463:  (170/240): perl-Sys-Hostname-1.23-483.el9.armv6hl.rpm                                                     458 kB/s |  15 kB     00:00    
DEBUG util.py:463:  (171/240): perl-Sys-Syslog-0.36-461.el9.armv6hl.rpm                                                       1.5 MB/s |  46 kB     00:00    
DEBUG util.py:463:  (172/240): perl-Term-Complete-1.403-483.el9.noarch.rpm                                                    423 kB/s |  11 kB     00:00    
DEBUG util.py:463:  (173/240): perl-Term-ReadLine-1.17-483.el9.noarch.rpm                                                     574 kB/s |  17 kB     00:00    
DEBUG util.py:463:  (174/240): perl-Term-Size-Any-0.002-35.el9.noarch.rpm                                                     516 kB/s |  13 kB     00:00    
DEBUG util.py:463:  (175/240): perl-Term-Size-Perl-0.031-12.el9.armv6hl.rpm                                                   570 kB/s |  21 kB     00:00    
DEBUG util.py:463:  (176/240): perl-Term-Table-0.015-8.el9.noarch.rpm                                                         1.1 MB/s |  35 kB     00:00    
DEBUG util.py:463:  (177/240): perl-TermReadKey-2.38-11.el9.armv6hl.rpm                                                       1.4 MB/s |  35 kB     00:00    
DEBUG util.py:463:  (178/240): perl-Test-1.31-483.el9.noarch.rpm                                                              881 kB/s |  27 kB     00:00    
DEBUG util.py:463:  (179/240): perl-Test-Harness-3.42-461.el9.noarch.rpm                                                      2.4 MB/s | 267 kB     00:00    
DEBUG util.py:463:  (180/240): perl-Text-Abbrev-1.02-483.el9.noarch.rpm                                                       317 kB/s |  11 kB     00:00    
DEBUG util.py:463:  (181/240): perl-Test-Simple-1.302183-4.el9.noarch.rpm                                                     3.2 MB/s | 525 kB     00:00    
DEBUG util.py:463:  (182/240): perl-Text-Balanced-2.04-4.el9.noarch.rpm                                                       1.0 MB/s |  47 kB     00:00    
DEBUG util.py:463:  (183/240): perl-Text-Diff-1.45-13.el9.noarch.rpm                                                          1.0 MB/s |  40 kB     00:00    
DEBUG util.py:463:  (184/240): perl-Text-Glob-0.11-15.el9.noarch.rpm                                                          362 kB/s |  13 kB     00:00    
DEBUG util.py:463:  (185/240): perl-Text-Template-1.59-5.el9.noarch.rpm                                                       1.1 MB/s |  60 kB     00:00    
DEBUG util.py:463:  (186/240): perl-Thread-3.05-483.el9.noarch.rpm                                                            318 kB/s |  16 kB     00:00    
DEBUG util.py:463:  (187/240): perl-Thread-Queue-3.14-460.el9.noarch.rpm                                                      633 kB/s |  21 kB     00:00    
DEBUG util.py:463:  (188/240): perl-Thread-Semaphore-2.13-483.el9.noarch.rpm                                                  441 kB/s |  14 kB     00:00    
DEBUG util.py:463:  (189/240): perl-Tie-4.6-483.el9.noarch.rpm                                                                1.3 MB/s |  30 kB     00:00    
DEBUG util.py:463:  (190/240): perl-Tie-File-1.06-483.el9.noarch.rpm                                                          1.2 MB/s |  42 kB     00:00    
DEBUG util.py:463:  (191/240): perl-Tie-Memoize-1.1-483.el9.noarch.rpm                                                        429 kB/s |  13 kB     00:00    
DEBUG util.py:463:  (192/240): perl-Tie-RefHash-1.40-4.el9.noarch.rpm                                                         590 kB/s |  22 kB     00:00    
DEBUG util.py:463:  (193/240): perl-Time-1.03-483.el9.noarch.rpm                                                              475 kB/s |  17 kB     00:00    
DEBUG util.py:463:  (194/240): perl-Time-HiRes-1.9764-462.el9.armv6hl.rpm                                                     1.8 MB/s |  57 kB     00:00    
DEBUG util.py:463:  (195/240): perl-Time-Piece-1.3401-483.el9.armv6hl.rpm                                                     1.1 MB/s |  38 kB     00:00    
DEBUG util.py:463:  (196/240): perl-Unicode-LineBreak-2019.001-11.el9.armv6hl.rpm                                             1.3 MB/s | 117 kB     00:00    
DEBUG util.py:463:  (197/240): perl-Unicode-Normalize-1.27-461.el9.armv6hl.rpm                                                1.5 MB/s |  78 kB     00:00    
DEBUG util.py:463:  (198/240): perl-Unicode-Collate-1.29-4.el9.armv6hl.rpm                                                    3.3 MB/s | 659 kB     00:00    
DEBUG util.py:463:  (199/240): perl-Unicode-UCD-0.75-483.el9.noarch.rpm                                                       1.4 MB/s |  77 kB     00:00    
DEBUG util.py:463:  (200/240): perl-User-pwent-1.03-483.el9.noarch.rpm                                                        550 kB/s |  19 kB     00:00    
DEBUG util.py:463:  (201/240): perl-autodie-2.34-4.el9.noarch.rpm                                                             2.0 MB/s |  94 kB     00:00    
DEBUG util.py:463:  (202/240): perl-autouse-1.11-483.el9.noarch.rpm                                                           400 kB/s |  12 kB     00:00    
DEBUG util.py:463:  (203/240): perl-blib-1.07-483.el9.noarch.rpm                                                              378 kB/s |  11 kB     00:00    
DEBUG util.py:463:  (204/240): perl-bignum-0.51-460.el9.noarch.rpm                                                            955 kB/s |  42 kB     00:00    
DEBUG util.py:463:  (205/240): perl-deprecate-0.04-483.el9.noarch.rpm                                                         451 kB/s |  13 kB     00:00    
DEBUG util.py:463:  (206/240): perl-debugger-1.56-483.el9.noarch.rpm                                                          2.3 MB/s | 132 kB     00:00    
DEBUG util.py:463:  (207/240): perl-diagnostics-1.37-483.el9.noarch.rpm                                                       1.9 MB/s | 209 kB     00:00    
DEBUG util.py:463:  (208/240): perl-devel-5.32.1-483.el9.armv6hl.rpm                                                          3.4 MB/s | 658 kB     00:00    
DEBUG util.py:463:  (209/240): perl-encoding-3.00-462.el9.armv6hl.rpm                                                         1.4 MB/s |  62 kB     00:00    
DEBUG util.py:463:  (210/240): perl-encoding-warnings-0.13-483.el9.noarch.rpm                                                 403 kB/s |  15 kB     00:00    
DEBUG util.py:463:  (211/240): perl-experimental-0.022-6.el9.noarch.rpm                                                       530 kB/s |  21 kB     00:00    
DEBUG util.py:463:  (212/240): perl-fields-2.27-483.el9.noarch.rpm                                                            308 kB/s |  15 kB     00:00    
DEBUG util.py:463:  (213/240): perl-filetest-1.03-483.el9.noarch.rpm                                                          393 kB/s |  13 kB     00:00    
DEBUG util.py:463:  (214/240): perl-inc-latest-0.500-20.el9.noarch.rpm                                                        1.0 MB/s |  23 kB     00:00    
DEBUG util.py:463:  (215/240): perl-less-0.03-483.el9.noarch.rpm                                                              484 kB/s |  12 kB     00:00    
DEBUG util.py:463:  (216/240): perl-lib-0.65-483.el9.armv6hl.rpm                                                              527 kB/s |  13 kB     00:00    
DEBUG util.py:463:  (217/240): perl-libnetcfg-5.32.1-483.el9.noarch.rpm                                                       458 kB/s |  15 kB     00:00    
DEBUG util.py:463:  (218/240): perl-local-lib-2.000024-13.el9.noarch.rpm                                                      923 kB/s |  67 kB     00:00    
DEBUG util.py:463:  (219/240): llvm-libs-21.1.8-2.el9.redsleeve.armv6hl.rpm                                                   6.4 MB/s |  29 MB     00:04    
DEBUG util.py:463:  (220/240): perl-locale-1.09-483.el9.noarch.rpm                                                             14 kB/s |  12 kB     00:00    
DEBUG util.py:463:  (221/240): perl-macros-5.32.1-483.el9.noarch.rpm                                                          483 kB/s | 9.1 kB     00:00    
DEBUG util.py:463:  (222/240): perl-meta-notation-5.32.1-483.el9.noarch.rpm                                                   472 kB/s | 8.1 kB     00:00    
DEBUG util.py:463:  (223/240): perl-open-1.12-483.el9.noarch.rpm                                                              995 kB/s |  15 kB     00:00    
DEBUG util.py:463:  (224/240): perl-ph-5.32.1-483.el9.armv6hl.rpm                                                             961 kB/s |  37 kB     00:00    
DEBUG util.py:463:  (225/240): perl-perlfaq-5.20210520-1.el9.noarch.rpm                                                       5.2 MB/s | 372 kB     00:00    
DEBUG util.py:463:  (226/240): perl-sigtrap-1.09-483.el9.noarch.rpm                                                           501 kB/s |  14 kB     00:00    
DEBUG util.py:463:  (227/240): perl-sort-2.04-483.el9.noarch.rpm                                                              800 kB/s |  12 kB     00:00    
DEBUG util.py:463:  (228/240): perl-threads-2.25-460.el9.armv6hl.rpm                                                          3.4 MB/s |  56 kB     00:00    
DEBUG util.py:463:  (229/240): perl-threads-shared-1.61-460.el9.0.1.armv6hl.rpm                                               1.6 MB/s |  42 kB     00:00    
DEBUG util.py:463:  (230/240): perl-utils-5.32.1-483.el9.noarch.rpm                                                           2.2 MB/s |  53 kB     00:00    
DEBUG util.py:463:  (231/240): perl-version-0.99.28-4.el9.armv6hl.rpm                                                         3.5 MB/s |  61 kB     00:00    
DEBUG util.py:463:  (232/240): perl-vmsish-1.04-483.el9.noarch.rpm                                                            738 kB/s |  13 kB     00:00    
DEBUG util.py:463:  (233/240): python-rpm-macros-3.9-54.el9.noarch.rpm                                                        771 kB/s |  13 kB     00:00    
DEBUG util.py:463:  (234/240): python3-packaging-20.9-5.el9.noarch.rpm                                                        2.9 MB/s |  68 kB     00:00    
DEBUG util.py:463:  (235/240): python3-rpm-generators-12-9.el9.noarch.rpm                                                     1.3 MB/s |  26 kB     00:00    
DEBUG util.py:463:  (236/240): python3-rpm-macros-3.9-54.el9.noarch.rpm                                                       697 kB/s | 9.0 kB     00:00    
DEBUG util.py:463:  (237/240): sombok-2.4.0-16.el9.armv6hl.rpm                                                                1.9 MB/s |  44 kB     00:00    
DEBUG util.py:463:  (238/240): perl-doc-5.32.1-483.el9.noarch.rpm                                                             2.7 MB/s | 4.5 MB     00:01    
DEBUG util.py:463:  (239/240): systemtap-sdt-devel-5.4-4.el9.armv6hl.rpm                                                      555 kB/s |  68 kB     00:00    
DEBUG util.py:463:  (240/240): systemtap-sdt-dtrace-5.4-4.el9.armv6hl.rpm                                                     588 kB/s |  69 kB     00:00    
DEBUG util.py:463:  ------------------------------------------------------------------------------------------------------------------------------------------
DEBUG util.py:463:  Total                                                                                                     7.1 MB/s | 130 MB     00:18     
DEBUG util.py:463:  Running transaction check
DEBUG util.py:463:  Transaction check succeeded.
DEBUG util.py:463:  Running transaction test
DEBUG util.py:463:  Transaction test succeeded.
DEBUG util.py:463:  Running transaction
DEBUG util.py:463:    Preparing        :                                                                                                                  1/1 
DEBUG util.py:463:    Installing       : perl-File-Find-1.37-483.el9.noarch                                                                             1/240 
DEBUG util.py:463:    Installing       : perl-File-Copy-2.34-483.el9.noarch                                                                             2/240 
DEBUG util.py:463:    Installing       : perl-ExtUtils-Manifest-1:1.73-4.el9.noarch                                                                     3/240 
DEBUG util.py:463:    Installing       : perl-DynaLoader-1.47-483.el9.armv6hl                                                                           4/240 
DEBUG util.py:463:    Installing       : perl-lib-0.65-483.el9.armv6hl                                                                                  5/240 
DEBUG util.py:463:    Installing       : perl-File-Compare-1.100.600-483.el9.noarch                                                                     6/240 
DEBUG util.py:463:    Installing       : perl-ExtUtils-ParseXS-1:3.40-460.el9.noarch                                                                    7/240 
DEBUG util.py:463:    Installing       : zlib-devel-1.2.11-40.el9.armv6hl                                                                               8/240 
DEBUG util.py:463:    Installing       : perl-meta-notation-5.32.1-483.el9.noarch                                                                       9/240 
DEBUG util.py:463:    Installing       : perl-locale-1.09-483.el9.noarch                                                                               10/240 
DEBUG util.py:463:    Installing       : perl-Tie-4.6-483.el9.noarch                                                                                   11/240 
DEBUG util.py:463:    Installing       : perl-Term-ReadLine-1.17-483.el9.noarch                                                                        12/240 
DEBUG util.py:463:    Installing       : perl-Perl-OSType-1.010-461.el9.noarch                                                                         13/240 
DEBUG util.py:463:    Installing       : perl-Module-Load-1:0.36-4.el9.noarch                                                                          14/240 
DEBUG util.py:463:    Installing       : kernel-headers-5.14.0-687.29.1.el9_8.redsleeve.armv6hl                                                        15/240 
DEBUG util.py:463:    Installing       : libxcrypt-devel-4.4.18-3.el9.armv6hl                                                                          16/240 
DEBUG util.py:463:    Installing       : glibc-devel-2.34-275.el9_8.redsleeve.armv6hl                                                                  17/240 
DEBUG util.py:463:    Installing       : perl-Pod-Html-1.25-483.el9.noarch                                                                             18/240 
DEBUG util.py:463:    Installing       : perl-ExtUtils-Command-2:7.60-3.el9.noarch                                                                     19/240 
DEBUG util.py:463:    Installing       : python-rpm-macros-3.9-54.el9.noarch                                                                           20/240 
DEBUG util.py:463:    Installing       : perl-doc-5.32.1-483.el9.noarch                                                                                21/240 
DEBUG util.py:463:    Installing       : perl-autouse-1.11-483.el9.noarch                                                                              22/240 
DEBUG util.py:463:    Installing       : perl-User-pwent-1.03-483.el9.noarch                                                                           23/240 
DEBUG util.py:463:    Installing       : perl-Tie-RefHash-1.40-4.el9.noarch                                                                            24/240 
DEBUG util.py:463:    Installing       : perl-Text-Balanced-2.04-4.el9.noarch                                                                          25/240 
DEBUG util.py:463:    Installing       : perl-Sub-Install-0.928-28.el9.noarch                                                                          26/240 
DEBUG util.py:463:    Installing       : perl-SelfLoader-1.26-483.el9.noarch                                                                           27/240 
DEBUG util.py:463:    Installing       : perl-Math-Complex-1.59-483.el9.noarch                                                                         28/240 
DEBUG util.py:463:    Installing       : perl-Math-BigInt-1:1.9998.18-460.el9.noarch                                                                   29/240 
DEBUG util.py:463:    Installing       : perl-JSON-PP-1:4.06-4.el9.noarch                                                                              30/240 
DEBUG util.py:463:    Installing       : perl-Math-BigRat-0.2614-460.el9.noarch                                                                        31/240 
DEBUG util.py:463:    Installing       : perl-I18N-LangTags-0.44-483.el9.noarch                                                                        32/240 
DEBUG util.py:463:    Installing       : perl-Locale-Maketext-1.29-461.el9.noarch                                                                      33/240 
DEBUG util.py:463:    Installing       : perl-Locale-Maketext-Simple-1:0.21-483.el9.noarch                                                             34/240 
DEBUG util.py:463:    Installing       : perl-Params-Check-1:0.38-461.el9.noarch                                                                       35/240 
DEBUG util.py:463:    Installing       : perl-ExtUtils-MM-Utils-2:7.60-3.el9.noarch                                                                    36/240 
DEBUG util.py:463:    Installing       : perl-ExtUtils-Constant-0.25-483.el9.noarch                                                                    37/240 
DEBUG util.py:463:    Installing       : perl-DirHandle-1.05-483.el9.noarch                                                                            38/240 
DEBUG util.py:463:    Installing       : perl-CPAN-Meta-YAML-0.018-461.el9.noarch                                                                      39/240 
DEBUG util.py:463:    Installing       : perl-Benchmark-1.23-483.el9.noarch                                                                            40/240 
DEBUG util.py:463:    Installing       : perl-AutoSplit-5.74-483.el9.noarch                                                                            41/240 
DEBUG util.py:463:    Installing       : libzstd-devel-1.5.5-1.el9.armv6hl                                                                             42/240 
DEBUG util.py:463:    Installing       : elfutils-libelf-devel-0.194-1.el9.rocky.0.1.armv6hl                                                           43/240 
DEBUG util.py:463:    Installing       : perl-bignum-0.51-460.el9.noarch                                                                               44/240 
DEBUG util.py:463:    Installing       : perl-Devel-SelfStubber-1.06-483.el9.noarch                                                                    45/240 
DEBUG util.py:463:    Installing       : python3-rpm-macros-3.9-54.el9.noarch                                                                          46/240 
DEBUG util.py:463:    Installing       : libcap-ng-devel-0.8.2-7.el9.armv6hl                                                                           47/240 
DEBUG util.py:463:    Installing       : perl-Env-1.04-460.el9.noarch                                                                                  48/240 
DEBUG util.py:463:    Installing       : perl-sigtrap-1.09-483.el9.noarch                                                                              49/240 
DEBUG util.py:463:    Installing       : perl-vmsish-1.04-483.el9.noarch                                                                               50/240 
DEBUG util.py:463:    Installing       : perl-utils-5.32.1-483.el9.noarch                                                                              51/240 
DEBUG util.py:463:    Installing       : perl-sort-2.04-483.el9.noarch                                                                                 52/240 
DEBUG util.py:463:    Installing       : perl-ph-5.32.1-483.el9.armv6hl                                                                                53/240 
DEBUG util.py:463:    Installing       : perl-perlfaq-5.20210520-1.el9.noarch                                                                          54/240 
DEBUG util.py:463:    Installing       : perl-macros-4:5.32.1-483.el9.noarch                                                                           55/240 
DEBUG util.py:463:    Installing       : perl-local-lib-2.000024-13.el9.noarch                                                                         56/240 
DEBUG util.py:463:    Installing       : perl-less-0.03-483.el9.noarch                                                                                 57/240 
DEBUG util.py:463:    Installing       : perl-filetest-1.03-483.el9.noarch                                                                             58/240 
DEBUG util.py:463:    Installing       : perl-encoding-warnings-0.13-483.el9.noarch                                                                    59/240 
DEBUG util.py:463:    Installing       : perl-diagnostics-1.37-483.el9.noarch                                                                          60/240 
DEBUG util.py:463:    Installing       : perl-deprecate-0.04-483.el9.noarch                                                                            61/240 
DEBUG util.py:463:    Installing       : perl-blib-1.07-483.el9.noarch                                                                                 62/240 
DEBUG util.py:463:    Installing       : perl-Time-1.03-483.el9.noarch                                                                                 63/240 
DEBUG util.py:463:    Installing       : perl-Tie-Memoize-1.1-483.el9.noarch                                                                           64/240 
DEBUG util.py:463:    Installing       : perl-Tie-File-1.06-483.el9.noarch                                                                             65/240 
DEBUG util.py:463:    Installing       : perl-Text-Template-1.59-5.el9.noarch                                                                          66/240 
DEBUG util.py:463:    Installing       : perl-Text-Glob-0.11-15.el9.noarch                                                                             67/240 
DEBUG util.py:463:    Installing       : perl-Text-Abbrev-1.02-483.el9.noarch                                                                          68/240 
DEBUG util.py:463:    Installing       : perl-Test-1.31-483.el9.noarch                                                                                 69/240 
DEBUG util.py:463:    Installing       : perl-Term-Size-Perl-0.031-12.el9.armv6hl                                                                      70/240 
DEBUG util.py:463:    Installing       : perl-Term-Size-Any-0.002-35.el9.noarch                                                                        71/240 
DEBUG util.py:463:    Installing       : perl-Term-Complete-1.403-483.el9.noarch                                                                       72/240 
DEBUG util.py:463:    Installing       : perl-Search-Dict-1.07-483.el9.noarch                                                                          73/240 
DEBUG util.py:463:    Installing       : perl-Pod-Functions-1.13-483.el9.noarch                                                                        74/240 
DEBUG util.py:463:    Installing       : perl-Pod-Checker-4:1.74-4.el9.noarch                                                                          75/240 
DEBUG util.py:463:    Installing       : perl-PerlIO-via-QuotedPrint-0.09-4.el9.noarch                                                                 76/240 
DEBUG util.py:463:    Installing       : perl-Package-Generator-1.106-23.el9.noarch                                                                    77/240 
DEBUG util.py:463:    Installing       : perl-Object-HashBase-0.009-7.el9.noarch                                                                       78/240 
DEBUG util.py:463:    Installing       : perl-Net-1.02-483.el9.noarch                                                                                  79/240 
DEBUG util.py:463:    Installing       : perl-NEXT-0.67-483.el9.noarch                                                                                 80/240 
DEBUG util.py:463:    Installing       : perl-Module-Loaded-1:0.08-483.el9.noarch                                                                      81/240 
DEBUG util.py:463:    Installing       : perl-Memoize-1.03-483.el9.noarch                                                                              82/240 
DEBUG util.py:463:    Installing       : perl-MRO-Compat-0.13-15.el9.noarch                                                                            83/240 
DEBUG util.py:463:    Installing       : perl-MIME-Charset-1.012.2-15.el9.noarch                                                                       84/240 
DEBUG util.py:463:    Installing       : perl-Importer-0.026-4.el9.noarch                                                                              85/240 
DEBUG util.py:463:    Installing       : perl-IPC-System-Simple-1.30-6.el9.noarch                                                                      86/240 
DEBUG util.py:463:    Installing       : perl-autodie-2.34-4.el9.noarch                                                                                87/240 
DEBUG util.py:463:    Installing       : perl-I18N-Collate-1.02-483.el9.noarch                                                                         88/240 
DEBUG util.py:463:    Installing       : perl-FindBin-1.51-483.el9.noarch                                                                              89/240 
DEBUG util.py:463:    Installing       : perl-FileCache-1.10-483.el9.noarch                                                                            90/240 
DEBUG util.py:463:    Installing       : perl-File-Which-1.23-10.el9.noarch                                                                            91/240 
DEBUG util.py:463:    Installing       : perl-File-HomeDir-1.006-4.el9.noarch                                                                          92/240 
DEBUG util.py:463:    Installing       : perl-English-1.11-483.el9.noarch                                                                              93/240 
DEBUG util.py:463:    Installing       : perl-Config-Perl-V-0.33-4.el9.noarch                                                                          94/240 
DEBUG util.py:463:    Installing       : perl-Config-Extensions-0.03-483.el9.noarch                                                                    95/240 
DEBUG util.py:463:    Installing       : perl-CPAN-DistnameInfo-0.12-23.el9.noarch                                                                     96/240 
DEBUG util.py:463:    Installing       : perl-Attribute-Handlers-1.01-483.el9.noarch                                                                   97/240 
DEBUG util.py:463:    Installing       : perl-Algorithm-Diff-1.2010-4.el9.noarch                                                                       98/240 
DEBUG util.py:463:    Installing       : perl-Text-Diff-1.45-13.el9.noarch                                                                             99/240 
DEBUG util.py:463:    Installing       : llvm-filesystem-21.1.8-2.el9.redsleeve.armv6hl                                                               100/240 
DEBUG util.py:463:    Installing       : xz-devel-5.2.5-8.el9.armv6hl                                                                                 101/240 
DEBUG util.py:463:    Installing       : python3-setuptools-wheel-53.0.0-15.el9.noarch                                                                102/240 
DEBUG util.py:463:    Installing       : python3-pip-wheel-21.3.1-2.el9_8.rocky.0.1.noarch                                                            103/240 
DEBUG util.py:463:    Installing       : libstdc++-devel-11.5.0-14.el9.redsleeve.armv6hl                                                              104/240 
DEBUG util.py:463:    Installing       : hwdata-0.348-9.22.el9.noarch                                                                                 105/240 
DEBUG util.py:463:    Installing       : perl-version-7:0.99.28-4.el9.armv6hl                                                                         106/240 
DEBUG util.py:463:    Installing       : perl-Time-HiRes-4:1.9764-462.el9.armv6hl                                                                     107/240 
DEBUG util.py:463:    Installing       : perl-CPAN-Meta-Requirements-2.140-461.el9.noarch                                                             108/240 
DEBUG util.py:463:    Installing       : perl-CPAN-Meta-2.150010-460.el9.noarch                                                                       109/240 
DEBUG util.py:463:    Installing       : perl-threads-1:2.25-460.el9.armv6hl                                                                          110/240 
DEBUG util.py:463:    Installing       : perl-threads-shared-1.61-460.el9.0.1.armv6hl                                                                 111/240 
DEBUG util.py:463:    Installing       : perl-Compress-Raw-Zlib-2.101-5.el9.armv6hl                                                                   112/240 
DEBUG util.py:463:    Installing       : perl-Test-Harness-1:3.42-461.el9.noarch                                                                      113/240 
DEBUG util.py:463:    Installing       : perl-Module-CoreList-1:5.20240609-1.el9.noarch                                                               114/240 
DEBUG util.py:463:    Installing       : perl-Module-Metadata-1.000037-460.el9.noarch                                                                 115/240 
DEBUG util.py:463:    Installing       : perl-Module-Load-Conditional-0.74-4.el9.noarch                                                               116/240 
DEBUG util.py:463:    Installing       : perl-IPC-Cmd-2:1.04-461.el9.noarch                                                                           117/240 
DEBUG util.py:463:    Installing       : perl-Unicode-Normalize-1.27-461.el9.armv6hl                                                                  118/240 
DEBUG util.py:463:    Installing       : perl-Digest-SHA-1:6.02-461.el9.armv6hl                                                                       119/240 
DEBUG util.py:463:    Installing       : perl-Devel-Peek-1.28-483.el9.armv6hl                                                                         120/240 
DEBUG util.py:463:    Installing       : m4-1.4.19-1.el9.armv6hl                                                                                      121/240 
DEBUG util.py:463:    Installing       : libmpc-1.2.1-4.el9.armv6hl                                                                                   122/240 
DEBUG util.py:463:    Installing       : perl-Dumpvalue-2.27-483.el9.noarch                                                                           123/240 
DEBUG util.py:463:    Installing       : perl-Net-Ping-2.74-5.el9.noarch                                                                              124/240 
DEBUG util.py:463:    Installing       : python3-libs-3.9.25-7.el9_8.2.redsleeve.armv6hl                                                              125/240 
DEBUG util.py:463:    Installing       : python3-3.9.25-7.el9_8.2.redsleeve.armv6hl                                                                   126/240 
DEBUG util.py:463:    Installing       : python-unversioned-command-3.9.25-7.el9_8.2.redsleeve.noarch                                                 127/240 
DEBUG util.py:463:    Installing       : python3-pyparsing-2.4.7-9.el9.noarch                                                                         128/240 
DEBUG util.py:463:    Installing       : python3-setuptools-53.0.0-15.el9.noarch                                                                      129/240 
DEBUG util.py:463:    Installing       : perl-TermReadKey-2.38-11.el9.armv6hl                                                                         130/240 
DEBUG util.py:463:    Installing       : perl-Sys-Hostname-1.23-483.el9.armv6hl                                                                       131/240 
DEBUG util.py:463:    Installing       : perl-Params-Util-1.102-5.el9.armv6hl                                                                         132/240 
DEBUG util.py:463:    Installing       : perl-Opcode-1.48-483.el9.armv6hl                                                                             133/240 
DEBUG util.py:463:    Installing       : perl-Safe-2.41-483.el9.noarch                                                                                134/240 
DEBUG util.py:463:    Installing       : perl-I18N-Langinfo-0.19-483.el9.armv6hl                                                                      135/240 
DEBUG util.py:463:    Installing       : perl-Hash-Util-FieldHash-1.20-483.el9.armv6hl                                                                136/240 
DEBUG util.py:463:    Installing       : perl-Hash-Util-0.23-483.el9.armv6hl                                                                          137/240 
DEBUG util.py:463:    Installing       : perl-Devel-PPPort-3.62-4.el9.armv6hl                                                                         138/240 
DEBUG util.py:463:    Installing       : perl-Compress-Raw-Bzip2-2.101-5.el9.armv6hl                                                                  139/240 
DEBUG util.py:463:    Installing       : perl-IO-Compress-2.102-4.el9_8.1.noarch                                                                      140/240 
DEBUG util.py:463:    Installing       : perl-IO-Zlib-1:1.11-4.el9.noarch                                                                             141/240 
DEBUG util.py:463:    Installing       : slang-2.3.2-11.el9.armv6hl                                                                                   142/240 
DEBUG util.py:463:    Installing       : pciutils-libs-3.7.0-7.el9.armv6hl                                                                            143/240 
DEBUG util.py:463:    Installing       : make-1:4.3-8.el9.armv6hl                                                                                     144/240 
DEBUG util.py:463:    Installing       : slang-devel-2.3.2-11.el9.armv6hl                                                                             145/240 
DEBUG util.py:463:    Installing       : perl-DBM_Filter-0.06-483.el9.noarch                                                                          146/240 
DEBUG util.py:463:    Installing       : perl-fields-2.27-483.el9.noarch                                                                              147/240 
DEBUG util.py:463:    Installing       : perl-Encode-Locale-1.05-21.el9.noarch                                                                        148/240 
DEBUG util.py:463:    Installing       : perl-Data-OptList-0.110-17.el9.noarch                                                                        149/240 
DEBUG util.py:463:    Installing       : perl-Sub-Exporter-0.987-27.el9.noarch                                                                        150/240 
DEBUG util.py:463:    Installing       : perl-Data-Section-0.200007-14.el9.noarch                                                                     151/240 
DEBUG util.py:463:    Installing       : perl-Software-License-0.103014-12.el9.noarch                                                                 152/240 
DEBUG util.py:463:    Installing       : python3-pip-21.3.1-2.el9_8.rocky.0.1.noarch                                                                  153/240 
DEBUG util.py:463:    Installing       : python3-packaging-20.9-5.el9.noarch                                                                          154/240 
DEBUG util.py:463:    Installing       : python3-rpm-generators-12-9.el9.noarch                                                                       155/240 
DEBUG util.py:463:    Installing       : systemtap-sdt-dtrace-5.4-4.el9.armv6hl                                                                       156/240 
DEBUG util.py:463:    Installing       : systemtap-sdt-devel-5.4-4.el9.armv6hl                                                                        157/240 
DEBUG util.py:463:    Installing       : perl-debugger-1.56-483.el9.noarch                                                                            158/240 
DEBUG util.py:463:    Installing       : perl-Unicode-UCD-0.75-483.el9.noarch                                                                         159/240 
DEBUG util.py:463:    Installing       : perl-File-Fetch-1.00-4.el9.noarch                                                                            160/240 
DEBUG util.py:463:    Installing       : perl-Module-CoreList-tools-1:5.20240609-1.el9.noarch                                                         161/240 
DEBUG util.py:463:    Installing       : perl-Archive-Zip-1.68-6.el9.noarch                                                                           162/240 
DEBUG util.py:463:    Installing       : perl-Thread-3.05-483.el9.noarch                                                                              163/240 
DEBUG util.py:463:    Installing       : perl-Thread-Queue-3.14-460.el9.noarch                                                                        164/240 
DEBUG util.py:463:    Installing       : perl-Thread-Semaphore-2.13-483.el9.noarch                                                                    165/240 
DEBUG util.py:463:    Installing       : perl-experimental-0.022-6.el9.noarch                                                                         166/240 
DEBUG util.py:463:    Installing       : pciutils-3.7.0-7.el9.armv6hl                                                                                 167/240 
DEBUG util.py:463:    Installing       : newt-0.52.21-11.el9.armv6hl                                                                                  168/240 
DEBUG util.py:463:    Installing       : cpp-11.5.0-14.el9.redsleeve.armv6hl                                                                          169/240 
DEBUG util.py:463:    Installing       : perl-Unicode-Collate-1.29-4.el9.armv6hl                                                                      170/240 
DEBUG util.py:463:    Installing       : perl-Math-BigInt-FastCalc-0.500.900-460.el9.armv6hl                                                          171/240 
DEBUG util.py:463:    Installing       : perl-Digest-SHA1-2.13-34.el9.armv6hl                                                                         172/240 
DEBUG util.py:463:    Installing       : perl-Time-Piece-1.3401-483.el9.armv6hl                                                                       173/240 
DEBUG util.py:463:    Installing       : perl-Sys-Syslog-0.36-461.el9.armv6hl                                                                         174/240 
DEBUG util.py:463:    Installing       : perl-ODBM_File-1.16-483.el9.armv6hl                                                                          175/240 
DEBUG util.py:463:    Installing       : perl-IPC-SysV-2.09-4.el9.armv6hl                                                                             176/240 
DEBUG util.py:463:    Installing       : perl-GDBM_File-1.18-483.el9.armv6hl                                                                          177/240 
DEBUG util.py:463:    Installing       : perl-File-DosGlob-1.12-483.el9.armv6hl                                                                       178/240 
DEBUG util.py:463:    Installing       : perl-Devel-Size-0.83-10.el9.armv6hl                                                                          179/240 
DEBUG util.py:463:    Installing       : perl-DB_File-1.855-4.el9.armv6hl                                                                             180/240 
DEBUG util.py:463:    Installing       : perl-Compress-Raw-Lzma-2.101-3.el9.armv6hl                                                                   181/240 
DEBUG util.py:463:    Installing       : perl-IO-Compress-Lzma-2.101-4.el9.noarch                                                                     182/240 
DEBUG util.py:463:    Installing       : perl-Archive-Tar-2.38-6.el9_8.2.noarch                                                                       183/240 
DEBUG util.py:463:    Installing       : perl-Compress-Bzip2-2.28-5.el9.armv6hl                                                                       184/240 
DEBUG util.py:463:    Installing       : libdatrie-0.2.13-4.el9.armv6hl                                                                               185/240 
DEBUG util.py:463:    Installing       : libthai-0.1.28-8.el9.armv6hl                                                                                 186/240 
DEBUG util.py:463:    Installing       : sombok-2.4.0-16.el9.armv6hl                                                                                  187/240 
DEBUG util.py:463:    Installing       : perl-Unicode-LineBreak-2019.001-11.el9.armv6hl                                                               188/240 
DEBUG util.py:463:    Installing       : perl-Term-Table-0.015-8.el9.noarch                                                                           189/240 
DEBUG util.py:463:    Installing       : perl-Test-Simple-3:1.302183-4.el9.noarch                                                                     190/240 
DEBUG util.py:463:    Installing       : npth-1.6-8.el9.armv6hl                                                                                       191/240 
DEBUG util.py:463:    Installing       : nettle-3.10.1-1.el9.armv6hl                                                                                  192/240 
DEBUG util.py:463:    Installing       : gnutls-3.8.10-8.el9_8.armv6hl                                                                                193/240 
DEBUG util.py:463:    Installing       : ncurses-c++-libs-6.2-12.20210508.el9.armv6hl                                                                 194/240 
DEBUG util.py:463:    Installing       : libubsan-11.5.0-14.el9.redsleeve.armv6hl                                                                     195/240 
DEBUG util.py:463:    Installing       : libksba-1.5.1-7.el9.armv6hl                                                                                  196/240 
DEBUG util.py:463:    Installing       : libkcapi-1.4.0-2.el9.armv6hl                                                                                 197/240 
DEBUG util.py:463:    Installing       : libedit-3.1-39.20210216cvs.el9.armv6hl                                                                       198/240 
DEBUG util.py:463:    Installing       : llvm-libs-21.1.8-2.el9.redsleeve.armv6hl                                                                     199/240 
DEBUG util.py:463:    Installing       : libassuan-2.5.5-3.el9.armv6hl                                                                                200/240 
DEBUG util.py:463:    Installing       : gnupg2-2.3.3-5.el9.armv6hl                                                                                   201/240 
DEBUG util.py:463:    Installing       : perl-Module-Signature-0.88-1.el9.noarch                                                                      202/240 
DEBUG util.py:463:    Installing       : libasan-11.5.0-14.el9.redsleeve.armv6hl                                                                      203/240 
DEBUG util.py:463:    Installing       : gcc-11.5.0-14.el9.redsleeve.armv6hl                                                                          204/240 
DEBUG util.py:463:    Running scriptlet: gcc-11.5.0-14.el9.redsleeve.armv6hl                                                                          204/240 
DEBUG util.py:463:    Installing       : perl-devel-4:5.32.1-483.el9.armv6hl                                                                          205/240 
DEBUG util.py:463:    Installing       : perl-ExtUtils-Install-2.20-4.el9.noarch                                                                      206/240 
DEBUG util.py:463:    Installing       : perl-ExtUtils-MakeMaker-2:7.60-3.el9.noarch                                                                  207/240 
DEBUG util.py:463:    Installing       : perl-Filter-2:1.60-4.el9.armv6hl                                                                             208/240 
DEBUG util.py:463:    Installing       : perl-encoding-4:3.00-462.el9.armv6hl                                                                         209/240 
DEBUG util.py:463:    Installing       : perl-ExtUtils-Embed-1.35-483.el9.noarch                                                                      210/240 
DEBUG util.py:463:    Installing       : perl-ExtUtils-Miniperl-1.09-483.el9.noarch                                                                   211/240 
DEBUG util.py:463:    Installing       : perl-open-1.12-483.el9.noarch                                                                                212/240 
DEBUG util.py:463:    Installing       : perl-Filter-Simple-0.96-460.el9.noarch                                                                       213/240 
DEBUG util.py:463:    Installing       : perl-libnetcfg-4:5.32.1-483.el9.noarch                                                                       214/240 
DEBUG util.py:463:    Installing       : perl-inc-latest-2:0.500-20.el9.noarch                                                                        215/240 
DEBUG util.py:463:    Installing       : perl-Encode-devel-4:3.08-462.el9.armv6hl                                                                     216/240 
DEBUG util.py:463:    Installing       : gcc-c++-11.5.0-14.el9.redsleeve.armv6hl                                                                      217/240 
DEBUG util.py:463:    Installing       : perl-ExtUtils-CBuilder-1:0.280236-5.el9.noarch                                                               218/240 
DEBUG util.py:463:    Installing       : perl-Module-Build-2:0.42.31-9.el9.noarch                                                                     219/240 
DEBUG util.py:463:    Installing       : perl-CPAN-2.29-5.el9.noarch                                                                                  220/240 
DEBUG util.py:463:    Installing       : perl-4:5.32.1-483.el9.armv6hl                                                                                221/240 
DEBUG util.py:463:    Installing       : gettext-libs-0.21-8.el9.armv6hl                                                                              222/240 
DEBUG util.py:463:    Installing       : ncurses-devel-6.2-12.20210508.el9.armv6hl                                                                    223/240 
DEBUG util.py:463:    Installing       : newt-devel-0.52.21-11.el9.armv6hl                                                                            224/240 
DEBUG util.py:463:    Installing       : pciutils-devel-3.7.0-7.el9.armv6hl                                                                           225/240 
DEBUG util.py:463:    Installing       : python3-devel-3.9.25-7.el9_8.2.redsleeve.armv6hl                                                             226/240 
DEBUG util.py:463:    Installing       : elfutils-devel-0.194-1.el9.rocky.0.1.armv6hl                                                                 227/240 
DEBUG util.py:463:    Installing       : audit-libs-devel-3.1.5-8.el9.armv6hl                                                                         228/240 
DEBUG util.py:463:    Installing       : binutils-devel-2.35.2-72.el9.redsleeve.armv6hl                                                               229/240 
DEBUG util.py:463:    Installing       : openssl-devel-1:3.5.5-6.el9_8.armv6hl                                                                        230/240 
DEBUG util.py:463:    Installing       : gettext-0.21-8.el9.armv6hl                                                                                   231/240 
DEBUG util.py:463:    Installing       : gcc-plugin-annobin-11.5.0-14.el9.redsleeve.armv6hl                                                           232/240 
DEBUG util.py:463:    Running scriptlet: gcc-plugin-annobin-11.5.0-14.el9.redsleeve.armv6hl                                                           232/240 
DEBUG util.py:463:    Installing       : annobin-12.98-2.el9.armv6hl                                                                                  233/240 
DEBUG util.py:463:    Running scriptlet: annobin-12.98-2.el9.armv6hl                                                                                  233/240 
DEBUG util.py:463:    Installing       : libkcapi-hmaccalc-1.4.0-2.el9.armv6hl                                                                        234/240 
DEBUG util.py:463:    Installing       : bison-3.7.4-5.el9.armv6hl                                                                                    235/240 
DEBUG util.py:463:    Installing       : flex-2.6.4-9.el9.armv6hl                                                                                     236/240 
DEBUG util.py:463:    Installing       : net-tools-2.0-0.64.20160912git.el9.armv6hl                                                                   237/240 
DEBUG util.py:463:    Running scriptlet: net-tools-2.0-0.64.20160912git.el9.armv6hl                                                                   237/240 
DEBUG util.py:463:  Created symlink /etc/systemd/system/multi-user.target.wants/arp-ethers.service → /usr/lib/systemd/system/arp-ethers.service.
DEBUG util.py:463:    Installing       : kmod-28-11.el9.armv6hl                                                                                       238/240 
DEBUG util.py:463:    Installing       : hostname-3.23-6.el9.armv6hl                                                                                  239/240 
DEBUG util.py:463:    Running scriptlet: hostname-3.23-6.el9.armv6hl                                                                                  239/240 
DEBUG util.py:463:    Installing       : bc-1.07.1-14.el9.armv6hl                                                                                     240/240 
DEBUG util.py:463:    Running scriptlet: bc-1.07.1-14.el9.armv6hl                                                                                     240/240 
DEBUG util.py:463:    Verifying        : audit-libs-devel-3.1.5-8.el9.armv6hl                                                                           1/240 
DEBUG util.py:463:    Verifying        : bc-1.07.1-14.el9.armv6hl                                                                                       2/240 
DEBUG util.py:463:    Verifying        : binutils-devel-2.35.2-72.el9.redsleeve.armv6hl                                                                 3/240 
DEBUG util.py:463:    Verifying        : cpp-11.5.0-14.el9.redsleeve.armv6hl                                                                            4/240 
DEBUG util.py:463:    Verifying        : elfutils-devel-0.194-1.el9.rocky.0.1.armv6hl                                                                   5/240 
DEBUG util.py:463:    Verifying        : elfutils-libelf-devel-0.194-1.el9.rocky.0.1.armv6hl                                                            6/240 
DEBUG util.py:463:    Verifying        : gcc-11.5.0-14.el9.redsleeve.armv6hl                                                                            7/240 
DEBUG util.py:463:    Verifying        : gcc-c++-11.5.0-14.el9.redsleeve.armv6hl                                                                        8/240 
DEBUG util.py:463:    Verifying        : gcc-plugin-annobin-11.5.0-14.el9.redsleeve.armv6hl                                                             9/240 
DEBUG util.py:463:    Verifying        : gettext-0.21-8.el9.armv6hl                                                                                    10/240 
DEBUG util.py:463:    Verifying        : gettext-libs-0.21-8.el9.armv6hl                                                                               11/240 
DEBUG util.py:463:    Verifying        : glibc-devel-2.34-275.el9_8.redsleeve.armv6hl                                                                  12/240 
DEBUG util.py:463:    Verifying        : gnupg2-2.3.3-5.el9.armv6hl                                                                                    13/240 
DEBUG util.py:463:    Verifying        : gnutls-3.8.10-8.el9_8.armv6hl                                                                                 14/240 
DEBUG util.py:463:    Verifying        : hostname-3.23-6.el9.armv6hl                                                                                   15/240 
DEBUG util.py:463:    Verifying        : hwdata-0.348-9.22.el9.noarch                                                                                  16/240 
DEBUG util.py:463:    Verifying        : kernel-headers-5.14.0-687.29.1.el9_8.redsleeve.armv6hl                                                        17/240 
DEBUG util.py:463:    Verifying        : kmod-28-11.el9.armv6hl                                                                                        18/240 
DEBUG util.py:463:    Verifying        : libasan-11.5.0-14.el9.redsleeve.armv6hl                                                                       19/240 
DEBUG util.py:463:    Verifying        : libassuan-2.5.5-3.el9.armv6hl                                                                                 20/240 
DEBUG util.py:463:    Verifying        : libcap-ng-devel-0.8.2-7.el9.armv6hl                                                                           21/240 
DEBUG util.py:463:    Verifying        : libedit-3.1-39.20210216cvs.el9.armv6hl                                                                        22/240 
DEBUG util.py:463:    Verifying        : libkcapi-1.4.0-2.el9.armv6hl                                                                                  23/240 
DEBUG util.py:463:    Verifying        : libkcapi-hmaccalc-1.4.0-2.el9.armv6hl                                                                         24/240 
DEBUG util.py:463:    Verifying        : libksba-1.5.1-7.el9.armv6hl                                                                                   25/240 
DEBUG util.py:463:    Verifying        : libstdc++-devel-11.5.0-14.el9.redsleeve.armv6hl                                                               26/240 
DEBUG util.py:463:    Verifying        : libubsan-11.5.0-14.el9.redsleeve.armv6hl                                                                      27/240 
DEBUG util.py:463:    Verifying        : libxcrypt-devel-4.4.18-3.el9.armv6hl                                                                          28/240 
DEBUG util.py:463:    Verifying        : libzstd-devel-1.5.5-1.el9.armv6hl                                                                             29/240 
DEBUG util.py:463:    Verifying        : make-1:4.3-8.el9.armv6hl                                                                                      30/240 
DEBUG util.py:463:    Verifying        : ncurses-c++-libs-6.2-12.20210508.el9.armv6hl                                                                  31/240 
DEBUG util.py:463:    Verifying        : ncurses-devel-6.2-12.20210508.el9.armv6hl                                                                     32/240 
DEBUG util.py:463:    Verifying        : net-tools-2.0-0.64.20160912git.el9.armv6hl                                                                    33/240 
DEBUG util.py:463:    Verifying        : nettle-3.10.1-1.el9.armv6hl                                                                                   34/240 
DEBUG util.py:463:    Verifying        : newt-0.52.21-11.el9.armv6hl                                                                                   35/240 
DEBUG util.py:463:    Verifying        : newt-devel-0.52.21-11.el9.armv6hl                                                                             36/240 
DEBUG util.py:463:    Verifying        : npth-1.6-8.el9.armv6hl                                                                                        37/240 
DEBUG util.py:463:    Verifying        : openssl-devel-1:3.5.5-6.el9_8.armv6hl                                                                         38/240 
DEBUG util.py:463:    Verifying        : pciutils-3.7.0-7.el9.armv6hl                                                                                  39/240 
DEBUG util.py:463:    Verifying        : pciutils-devel-3.7.0-7.el9.armv6hl                                                                            40/240 
DEBUG util.py:463:    Verifying        : pciutils-libs-3.7.0-7.el9.armv6hl                                                                             41/240 
DEBUG util.py:463:    Verifying        : python-unversioned-command-3.9.25-7.el9_8.2.redsleeve.noarch                                                  42/240 
DEBUG util.py:463:    Verifying        : python3-3.9.25-7.el9_8.2.redsleeve.armv6hl                                                                    43/240 
DEBUG util.py:463:    Verifying        : python3-devel-3.9.25-7.el9_8.2.redsleeve.armv6hl                                                              44/240 
DEBUG util.py:463:    Verifying        : python3-libs-3.9.25-7.el9_8.2.redsleeve.armv6hl                                                               45/240 
DEBUG util.py:463:    Verifying        : python3-pip-21.3.1-2.el9_8.rocky.0.1.noarch                                                                   46/240 
DEBUG util.py:463:    Verifying        : python3-pip-wheel-21.3.1-2.el9_8.rocky.0.1.noarch                                                             47/240 
DEBUG util.py:463:    Verifying        : python3-pyparsing-2.4.7-9.el9.noarch                                                                          48/240 
DEBUG util.py:463:    Verifying        : python3-setuptools-53.0.0-15.el9.noarch                                                                       49/240 
DEBUG util.py:463:    Verifying        : python3-setuptools-wheel-53.0.0-15.el9.noarch                                                                 50/240 
DEBUG util.py:463:    Verifying        : slang-2.3.2-11.el9.armv6hl                                                                                    51/240 
DEBUG util.py:463:    Verifying        : slang-devel-2.3.2-11.el9.armv6hl                                                                              52/240 
DEBUG util.py:463:    Verifying        : xz-devel-5.2.5-8.el9.armv6hl                                                                                  53/240 
DEBUG util.py:463:    Verifying        : zlib-devel-1.2.11-40.el9.armv6hl                                                                              54/240 
DEBUG util.py:463:    Verifying        : annobin-12.98-2.el9.armv6hl                                                                                   55/240 
DEBUG util.py:463:    Verifying        : bison-3.7.4-5.el9.armv6hl                                                                                     56/240 
DEBUG util.py:463:    Verifying        : flex-2.6.4-9.el9.armv6hl                                                                                      57/240 
DEBUG util.py:463:    Verifying        : libdatrie-0.2.13-4.el9.armv6hl                                                                                58/240 
DEBUG util.py:463:    Verifying        : libmpc-1.2.1-4.el9.armv6hl                                                                                    59/240 
DEBUG util.py:463:    Verifying        : libthai-0.1.28-8.el9.armv6hl                                                                                  60/240 
DEBUG util.py:463:    Verifying        : llvm-filesystem-21.1.8-2.el9.redsleeve.armv6hl                                                                61/240 
DEBUG util.py:463:    Verifying        : llvm-libs-21.1.8-2.el9.redsleeve.armv6hl                                                                      62/240 
DEBUG util.py:463:    Verifying        : m4-1.4.19-1.el9.armv6hl                                                                                       63/240 
DEBUG util.py:463:    Verifying        : perl-4:5.32.1-483.el9.armv6hl                                                                                 64/240 
DEBUG util.py:463:    Verifying        : perl-Algorithm-Diff-1.2010-4.el9.noarch                                                                       65/240 
DEBUG util.py:463:    Verifying        : perl-Archive-Tar-2.38-6.el9_8.2.noarch                                                                        66/240 
DEBUG util.py:463:    Verifying        : perl-Archive-Zip-1.68-6.el9.noarch                                                                            67/240 
DEBUG util.py:463:    Verifying        : perl-Attribute-Handlers-1.01-483.el9.noarch                                                                   68/240 
DEBUG util.py:463:    Verifying        : perl-AutoSplit-5.74-483.el9.noarch                                                                            69/240 
DEBUG util.py:463:    Verifying        : perl-Benchmark-1.23-483.el9.noarch                                                                            70/240 
DEBUG util.py:463:    Verifying        : perl-CPAN-2.29-5.el9.noarch                                                                                   71/240 
DEBUG util.py:463:    Verifying        : perl-CPAN-DistnameInfo-0.12-23.el9.noarch                                                                     72/240 
DEBUG util.py:463:    Verifying        : perl-CPAN-Meta-2.150010-460.el9.noarch                                                                        73/240 
DEBUG util.py:463:    Verifying        : perl-CPAN-Meta-Requirements-2.140-461.el9.noarch                                                              74/240 
DEBUG util.py:463:    Verifying        : perl-CPAN-Meta-YAML-0.018-461.el9.noarch                                                                      75/240 
DEBUG util.py:463:    Verifying        : perl-Compress-Bzip2-2.28-5.el9.armv6hl                                                                        76/240 
DEBUG util.py:463:    Verifying        : perl-Compress-Raw-Bzip2-2.101-5.el9.armv6hl                                                                   77/240 
DEBUG util.py:463:    Verifying        : perl-Compress-Raw-Lzma-2.101-3.el9.armv6hl                                                                    78/240 
DEBUG util.py:463:    Verifying        : perl-Compress-Raw-Zlib-2.101-5.el9.armv6hl                                                                    79/240 
DEBUG util.py:463:    Verifying        : perl-Config-Extensions-0.03-483.el9.noarch                                                                    80/240 
DEBUG util.py:463:    Verifying        : perl-Config-Perl-V-0.33-4.el9.noarch                                                                          81/240 
DEBUG util.py:463:    Verifying        : perl-DBM_Filter-0.06-483.el9.noarch                                                                           82/240 
DEBUG util.py:463:    Verifying        : perl-DB_File-1.855-4.el9.armv6hl                                                                              83/240 
DEBUG util.py:463:    Verifying        : perl-Data-OptList-0.110-17.el9.noarch                                                                         84/240 
DEBUG util.py:463:    Verifying        : perl-Data-Section-0.200007-14.el9.noarch                                                                      85/240 
DEBUG util.py:463:    Verifying        : perl-Devel-PPPort-3.62-4.el9.armv6hl                                                                          86/240 
DEBUG util.py:463:    Verifying        : perl-Devel-Peek-1.28-483.el9.armv6hl                                                                          87/240 
DEBUG util.py:463:    Verifying        : perl-Devel-SelfStubber-1.06-483.el9.noarch                                                                    88/240 
DEBUG util.py:463:    Verifying        : perl-Devel-Size-0.83-10.el9.armv6hl                                                                           89/240 
DEBUG util.py:463:    Verifying        : perl-Digest-SHA-1:6.02-461.el9.armv6hl                                                                        90/240 
DEBUG util.py:463:    Verifying        : perl-Digest-SHA1-2.13-34.el9.armv6hl                                                                          91/240 
DEBUG util.py:463:    Verifying        : perl-DirHandle-1.05-483.el9.noarch                                                                            92/240 
DEBUG util.py:463:    Verifying        : perl-Dumpvalue-2.27-483.el9.noarch                                                                            93/240 
DEBUG util.py:463:    Verifying        : perl-DynaLoader-1.47-483.el9.armv6hl                                                                          94/240 
DEBUG util.py:463:    Verifying        : perl-Encode-Locale-1.05-21.el9.noarch                                                                         95/240 
DEBUG util.py:463:    Verifying        : perl-Encode-devel-4:3.08-462.el9.armv6hl                                                                      96/240 
DEBUG util.py:463:    Verifying        : perl-English-1.11-483.el9.noarch                                                                              97/240 
DEBUG util.py:463:    Verifying        : perl-Env-1.04-460.el9.noarch                                                                                  98/240 
DEBUG util.py:463:    Verifying        : perl-ExtUtils-CBuilder-1:0.280236-5.el9.noarch                                                                99/240 
DEBUG util.py:463:    Verifying        : perl-ExtUtils-Command-2:7.60-3.el9.noarch                                                                    100/240 
DEBUG util.py:463:    Verifying        : perl-ExtUtils-Constant-0.25-483.el9.noarch                                                                   101/240 
DEBUG util.py:463:    Verifying        : perl-ExtUtils-Embed-1.35-483.el9.noarch                                                                      102/240 
DEBUG util.py:463:    Verifying        : perl-ExtUtils-Install-2.20-4.el9.noarch                                                                      103/240 
DEBUG util.py:463:    Verifying        : perl-ExtUtils-MM-Utils-2:7.60-3.el9.noarch                                                                   104/240 
DEBUG util.py:463:    Verifying        : perl-ExtUtils-MakeMaker-2:7.60-3.el9.noarch                                                                  105/240 
DEBUG util.py:463:    Verifying        : perl-ExtUtils-Manifest-1:1.73-4.el9.noarch                                                                   106/240 
DEBUG util.py:463:    Verifying        : perl-ExtUtils-Miniperl-1.09-483.el9.noarch                                                                   107/240 
DEBUG util.py:463:    Verifying        : perl-ExtUtils-ParseXS-1:3.40-460.el9.noarch                                                                  108/240 
DEBUG util.py:463:    Verifying        : perl-File-Compare-1.100.600-483.el9.noarch                                                                   109/240 
DEBUG util.py:463:    Verifying        : perl-File-Copy-2.34-483.el9.noarch                                                                           110/240 
DEBUG util.py:463:    Verifying        : perl-File-DosGlob-1.12-483.el9.armv6hl                                                                       111/240 
DEBUG util.py:463:    Verifying        : perl-File-Fetch-1.00-4.el9.noarch                                                                            112/240 
DEBUG util.py:463:    Verifying        : perl-File-Find-1.37-483.el9.noarch                                                                           113/240 
DEBUG util.py:463:    Verifying        : perl-File-HomeDir-1.006-4.el9.noarch                                                                         114/240 
DEBUG util.py:463:    Verifying        : perl-File-Which-1.23-10.el9.noarch                                                                           115/240 
DEBUG util.py:463:    Verifying        : perl-FileCache-1.10-483.el9.noarch                                                                           116/240 
DEBUG util.py:463:    Verifying        : perl-Filter-2:1.60-4.el9.armv6hl                                                                             117/240 
DEBUG util.py:463:    Verifying        : perl-Filter-Simple-0.96-460.el9.noarch                                                                       118/240 
DEBUG util.py:463:    Verifying        : perl-FindBin-1.51-483.el9.noarch                                                                             119/240 
DEBUG util.py:463:    Verifying        : perl-GDBM_File-1.18-483.el9.armv6hl                                                                          120/240 
DEBUG util.py:463:    Verifying        : perl-Hash-Util-0.23-483.el9.armv6hl                                                                          121/240 
DEBUG util.py:463:    Verifying        : perl-Hash-Util-FieldHash-1.20-483.el9.armv6hl                                                                122/240 
DEBUG util.py:463:    Verifying        : perl-I18N-Collate-1.02-483.el9.noarch                                                                        123/240 
DEBUG util.py:463:    Verifying        : perl-I18N-LangTags-0.44-483.el9.noarch                                                                       124/240 
DEBUG util.py:463:    Verifying        : perl-I18N-Langinfo-0.19-483.el9.armv6hl                                                                      125/240 
DEBUG util.py:463:    Verifying        : perl-IO-Compress-2.102-4.el9_8.1.noarch                                                                      126/240 
DEBUG util.py:463:    Verifying        : perl-IO-Compress-Lzma-2.101-4.el9.noarch                                                                     127/240 
DEBUG util.py:463:    Verifying        : perl-IO-Zlib-1:1.11-4.el9.noarch                                                                             128/240 
DEBUG util.py:463:    Verifying        : perl-IPC-Cmd-2:1.04-461.el9.noarch                                                                           129/240 
DEBUG util.py:463:    Verifying        : perl-IPC-SysV-2.09-4.el9.armv6hl                                                                             130/240 
DEBUG util.py:463:    Verifying        : perl-IPC-System-Simple-1.30-6.el9.noarch                                                                     131/240 
DEBUG util.py:463:    Verifying        : perl-Importer-0.026-4.el9.noarch                                                                             132/240 
DEBUG util.py:463:    Verifying        : perl-JSON-PP-1:4.06-4.el9.noarch                                                                             133/240 
DEBUG util.py:463:    Verifying        : perl-Locale-Maketext-1.29-461.el9.noarch                                                                     134/240 
DEBUG util.py:463:    Verifying        : perl-Locale-Maketext-Simple-1:0.21-483.el9.noarch                                                            135/240 
DEBUG util.py:463:    Verifying        : perl-MIME-Charset-1.012.2-15.el9.noarch                                                                      136/240 
DEBUG util.py:463:    Verifying        : perl-MRO-Compat-0.13-15.el9.noarch                                                                           137/240 
DEBUG util.py:463:    Verifying        : perl-Math-BigInt-1:1.9998.18-460.el9.noarch                                                                  138/240 
DEBUG util.py:463:    Verifying        : perl-Math-BigInt-FastCalc-0.500.900-460.el9.armv6hl                                                          139/240 
DEBUG util.py:463:    Verifying        : perl-Math-BigRat-0.2614-460.el9.noarch                                                                       140/240 
DEBUG util.py:463:    Verifying        : perl-Math-Complex-1.59-483.el9.noarch                                                                        141/240 
DEBUG util.py:463:    Verifying        : perl-Memoize-1.03-483.el9.noarch                                                                             142/240 
DEBUG util.py:463:    Verifying        : perl-Module-Build-2:0.42.31-9.el9.noarch                                                                     143/240 
DEBUG util.py:463:    Verifying        : perl-Module-CoreList-1:5.20240609-1.el9.noarch                                                               144/240 
DEBUG util.py:463:    Verifying        : perl-Module-CoreList-tools-1:5.20240609-1.el9.noarch                                                         145/240 
DEBUG util.py:463:    Verifying        : perl-Module-Load-1:0.36-4.el9.noarch                                                                         146/240 
DEBUG util.py:463:    Verifying        : perl-Module-Load-Conditional-0.74-4.el9.noarch                                                               147/240 
DEBUG util.py:463:    Verifying        : perl-Module-Loaded-1:0.08-483.el9.noarch                                                                     148/240 
DEBUG util.py:463:    Verifying        : perl-Module-Metadata-1.000037-460.el9.noarch                                                                 149/240 
DEBUG util.py:463:    Verifying        : perl-Module-Signature-0.88-1.el9.noarch                                                                      150/240 
DEBUG util.py:463:    Verifying        : perl-NEXT-0.67-483.el9.noarch                                                                                151/240 
DEBUG util.py:463:    Verifying        : perl-Net-1.02-483.el9.noarch                                                                                 152/240 
DEBUG util.py:463:    Verifying        : perl-Net-Ping-2.74-5.el9.noarch                                                                              153/240 
DEBUG util.py:463:    Verifying        : perl-ODBM_File-1.16-483.el9.armv6hl                                                                          154/240 
DEBUG util.py:463:    Verifying        : perl-Object-HashBase-0.009-7.el9.noarch                                                                      155/240 
DEBUG util.py:463:    Verifying        : perl-Opcode-1.48-483.el9.armv6hl                                                                             156/240 
DEBUG util.py:463:    Verifying        : perl-Package-Generator-1.106-23.el9.noarch                                                                   157/240 
DEBUG util.py:463:    Verifying        : perl-Params-Check-1:0.38-461.el9.noarch                                                                      158/240 
DEBUG util.py:463:    Verifying        : perl-Params-Util-1.102-5.el9.armv6hl                                                                         159/240 
DEBUG util.py:463:    Verifying        : perl-Perl-OSType-1.010-461.el9.noarch                                                                        160/240 
DEBUG util.py:463:    Verifying        : perl-PerlIO-via-QuotedPrint-0.09-4.el9.noarch                                                                161/240 
DEBUG util.py:463:    Verifying        : perl-Pod-Checker-4:1.74-4.el9.noarch                                                                         162/240 
DEBUG util.py:463:    Verifying        : perl-Pod-Functions-1.13-483.el9.noarch                                                                       163/240 
DEBUG util.py:463:    Verifying        : perl-Pod-Html-1.25-483.el9.noarch                                                                            164/240 
DEBUG util.py:463:    Verifying        : perl-Safe-2.41-483.el9.noarch                                                                                165/240 
DEBUG util.py:463:    Verifying        : perl-Search-Dict-1.07-483.el9.noarch                                                                         166/240 
DEBUG util.py:463:    Verifying        : perl-SelfLoader-1.26-483.el9.noarch                                                                          167/240 
DEBUG util.py:463:    Verifying        : perl-Software-License-0.103014-12.el9.noarch                                                                 168/240 
DEBUG util.py:463:    Verifying        : perl-Sub-Exporter-0.987-27.el9.noarch                                                                        169/240 
DEBUG util.py:463:    Verifying        : perl-Sub-Install-0.928-28.el9.noarch                                                                         170/240 
DEBUG util.py:463:    Verifying        : perl-Sys-Hostname-1.23-483.el9.armv6hl                                                                       171/240 
DEBUG util.py:463:    Verifying        : perl-Sys-Syslog-0.36-461.el9.armv6hl                                                                         172/240 
DEBUG util.py:463:    Verifying        : perl-Term-Complete-1.403-483.el9.noarch                                                                      173/240 
DEBUG util.py:463:    Verifying        : perl-Term-ReadLine-1.17-483.el9.noarch                                                                       174/240 
DEBUG util.py:463:    Verifying        : perl-Term-Size-Any-0.002-35.el9.noarch                                                                       175/240 
DEBUG util.py:463:    Verifying        : perl-Term-Size-Perl-0.031-12.el9.armv6hl                                                                     176/240 
DEBUG util.py:463:    Verifying        : perl-Term-Table-0.015-8.el9.noarch                                                                           177/240 
DEBUG util.py:463:    Verifying        : perl-TermReadKey-2.38-11.el9.armv6hl                                                                         178/240 
DEBUG util.py:463:    Verifying        : perl-Test-1.31-483.el9.noarch                                                                                179/240 
DEBUG util.py:463:    Verifying        : perl-Test-Harness-1:3.42-461.el9.noarch                                                                      180/240 
DEBUG util.py:463:    Verifying        : perl-Test-Simple-3:1.302183-4.el9.noarch                                                                     181/240 
DEBUG util.py:463:    Verifying        : perl-Text-Abbrev-1.02-483.el9.noarch                                                                         182/240 
DEBUG util.py:463:    Verifying        : perl-Text-Balanced-2.04-4.el9.noarch                                                                         183/240 
DEBUG util.py:463:    Verifying        : perl-Text-Diff-1.45-13.el9.noarch                                                                            184/240 
DEBUG util.py:463:    Verifying        : perl-Text-Glob-0.11-15.el9.noarch                                                                            185/240 
DEBUG util.py:463:    Verifying        : perl-Text-Template-1.59-5.el9.noarch                                                                         186/240 
DEBUG util.py:463:    Verifying        : perl-Thread-3.05-483.el9.noarch                                                                              187/240 
DEBUG util.py:463:    Verifying        : perl-Thread-Queue-3.14-460.el9.noarch                                                                        188/240 
DEBUG util.py:463:    Verifying        : perl-Thread-Semaphore-2.13-483.el9.noarch                                                                    189/240 
DEBUG util.py:463:    Verifying        : perl-Tie-4.6-483.el9.noarch                                                                                  190/240 
DEBUG util.py:463:    Verifying        : perl-Tie-File-1.06-483.el9.noarch                                                                            191/240 
DEBUG util.py:463:    Verifying        : perl-Tie-Memoize-1.1-483.el9.noarch                                                                          192/240 
DEBUG util.py:463:    Verifying        : perl-Tie-RefHash-1.40-4.el9.noarch                                                                           193/240 
DEBUG util.py:463:    Verifying        : perl-Time-1.03-483.el9.noarch                                                                                194/240 
DEBUG util.py:463:    Verifying        : perl-Time-HiRes-4:1.9764-462.el9.armv6hl                                                                     195/240 
DEBUG util.py:463:    Verifying        : perl-Time-Piece-1.3401-483.el9.armv6hl                                                                       196/240 
DEBUG util.py:463:    Verifying        : perl-Unicode-Collate-1.29-4.el9.armv6hl                                                                      197/240 
DEBUG util.py:463:    Verifying        : perl-Unicode-LineBreak-2019.001-11.el9.armv6hl                                                               198/240 
DEBUG util.py:463:    Verifying        : perl-Unicode-Normalize-1.27-461.el9.armv6hl                                                                  199/240 
DEBUG util.py:463:    Verifying        : perl-Unicode-UCD-0.75-483.el9.noarch                                                                         200/240 
DEBUG util.py:463:    Verifying        : perl-User-pwent-1.03-483.el9.noarch                                                                          201/240 
DEBUG util.py:463:    Verifying        : perl-autodie-2.34-4.el9.noarch                                                                               202/240 
DEBUG util.py:463:    Verifying        : perl-autouse-1.11-483.el9.noarch                                                                             203/240 
DEBUG util.py:463:    Verifying        : perl-bignum-0.51-460.el9.noarch                                                                              204/240 
DEBUG util.py:463:    Verifying        : perl-blib-1.07-483.el9.noarch                                                                                205/240 
DEBUG util.py:463:    Verifying        : perl-debugger-1.56-483.el9.noarch                                                                            206/240 
DEBUG util.py:463:    Verifying        : perl-deprecate-0.04-483.el9.noarch                                                                           207/240 
DEBUG util.py:463:    Verifying        : perl-devel-4:5.32.1-483.el9.armv6hl                                                                          208/240 
DEBUG util.py:463:    Verifying        : perl-diagnostics-1.37-483.el9.noarch                                                                         209/240 
DEBUG util.py:463:    Verifying        : perl-doc-5.32.1-483.el9.noarch                                                                               210/240 
DEBUG util.py:463:    Verifying        : perl-encoding-4:3.00-462.el9.armv6hl                                                                         211/240 
DEBUG util.py:463:    Verifying        : perl-encoding-warnings-0.13-483.el9.noarch                                                                   212/240 
DEBUG util.py:463:    Verifying        : perl-experimental-0.022-6.el9.noarch                                                                         213/240 
DEBUG util.py:463:    Verifying        : perl-fields-2.27-483.el9.noarch                                                                              214/240 
DEBUG util.py:463:    Verifying        : perl-filetest-1.03-483.el9.noarch                                                                            215/240 
DEBUG util.py:463:    Verifying        : perl-inc-latest-2:0.500-20.el9.noarch                                                                        216/240 
DEBUG util.py:463:    Verifying        : perl-less-0.03-483.el9.noarch                                                                                217/240 
DEBUG util.py:463:    Verifying        : perl-lib-0.65-483.el9.armv6hl                                                                                218/240 
DEBUG util.py:463:    Verifying        : perl-libnetcfg-4:5.32.1-483.el9.noarch                                                                       219/240 
DEBUG util.py:463:    Verifying        : perl-local-lib-2.000024-13.el9.noarch                                                                        220/240 
DEBUG util.py:463:    Verifying        : perl-locale-1.09-483.el9.noarch                                                                              221/240 
DEBUG util.py:463:    Verifying        : perl-macros-4:5.32.1-483.el9.noarch                                                                          222/240 
DEBUG util.py:463:    Verifying        : perl-meta-notation-5.32.1-483.el9.noarch                                                                     223/240 
DEBUG util.py:463:    Verifying        : perl-open-1.12-483.el9.noarch                                                                                224/240 
DEBUG util.py:463:    Verifying        : perl-perlfaq-5.20210520-1.el9.noarch                                                                         225/240 
DEBUG util.py:463:    Verifying        : perl-ph-5.32.1-483.el9.armv6hl                                                                               226/240 
DEBUG util.py:463:    Verifying        : perl-sigtrap-1.09-483.el9.noarch                                                                             227/240 
DEBUG util.py:463:    Verifying        : perl-sort-2.04-483.el9.noarch                                                                                228/240 
DEBUG util.py:463:    Verifying        : perl-threads-1:2.25-460.el9.armv6hl                                                                          229/240 
DEBUG util.py:463:    Verifying        : perl-threads-shared-1.61-460.el9.0.1.armv6hl                                                                 230/240 
DEBUG util.py:463:    Verifying        : perl-utils-5.32.1-483.el9.noarch                                                                             231/240 
DEBUG util.py:463:    Verifying        : perl-version-7:0.99.28-4.el9.armv6hl                                                                         232/240 
DEBUG util.py:463:    Verifying        : perl-vmsish-1.04-483.el9.noarch                                                                              233/240 
DEBUG util.py:463:    Verifying        : python-rpm-macros-3.9-54.el9.noarch                                                                          234/240 
DEBUG util.py:463:    Verifying        : python3-packaging-20.9-5.el9.noarch                                                                          235/240 
DEBUG util.py:463:    Verifying        : python3-rpm-generators-12-9.el9.noarch                                                                       236/240 
DEBUG util.py:463:    Verifying        : python3-rpm-macros-3.9-54.el9.noarch                                                                         237/240 
DEBUG util.py:463:    Verifying        : sombok-2.4.0-16.el9.armv6hl                                                                                  238/240 
DEBUG util.py:463:    Verifying        : systemtap-sdt-devel-5.4-4.el9.armv6hl                                                                        239/240 
DEBUG util.py:463:    Verifying        : systemtap-sdt-dtrace-5.4-4.el9.armv6hl                                                                       240/240 
DEBUG util.py:463:  Installed:
DEBUG util.py:463:    annobin-12.98-2.el9.armv6hl                                   audit-libs-devel-3.1.5-8.el9.armv6hl                                     
DEBUG util.py:463:    bc-1.07.1-14.el9.armv6hl                                      binutils-devel-2.35.2-72.el9.redsleeve.armv6hl                           
DEBUG util.py:463:    bison-3.7.4-5.el9.armv6hl                                     cpp-11.5.0-14.el9.redsleeve.armv6hl                                      
DEBUG util.py:463:    elfutils-devel-0.194-1.el9.rocky.0.1.armv6hl                  elfutils-libelf-devel-0.194-1.el9.rocky.0.1.armv6hl                      
DEBUG util.py:463:    flex-2.6.4-9.el9.armv6hl                                      gcc-11.5.0-14.el9.redsleeve.armv6hl                                      
DEBUG util.py:463:    gcc-c++-11.5.0-14.el9.redsleeve.armv6hl                       gcc-plugin-annobin-11.5.0-14.el9.redsleeve.armv6hl                       
DEBUG util.py:463:    gettext-0.21-8.el9.armv6hl                                    gettext-libs-0.21-8.el9.armv6hl                                          
DEBUG util.py:463:    glibc-devel-2.34-275.el9_8.redsleeve.armv6hl                  gnupg2-2.3.3-5.el9.armv6hl                                               
DEBUG util.py:463:    gnutls-3.8.10-8.el9_8.armv6hl                                 hostname-3.23-6.el9.armv6hl                                              
DEBUG util.py:463:    hwdata-0.348-9.22.el9.noarch                                  kernel-headers-5.14.0-687.29.1.el9_8.redsleeve.armv6hl                   
DEBUG util.py:463:    kmod-28-11.el9.armv6hl                                        libasan-11.5.0-14.el9.redsleeve.armv6hl                                  
DEBUG util.py:463:    libassuan-2.5.5-3.el9.armv6hl                                 libcap-ng-devel-0.8.2-7.el9.armv6hl                                      
DEBUG util.py:463:    libdatrie-0.2.13-4.el9.armv6hl                                libedit-3.1-39.20210216cvs.el9.armv6hl                                   
DEBUG util.py:463:    libkcapi-1.4.0-2.el9.armv6hl                                  libkcapi-hmaccalc-1.4.0-2.el9.armv6hl                                    
DEBUG util.py:463:    libksba-1.5.1-7.el9.armv6hl                                   libmpc-1.2.1-4.el9.armv6hl                                               
DEBUG util.py:463:    libstdc++-devel-11.5.0-14.el9.redsleeve.armv6hl               libthai-0.1.28-8.el9.armv6hl                                             
DEBUG util.py:463:    libubsan-11.5.0-14.el9.redsleeve.armv6hl                      libxcrypt-devel-4.4.18-3.el9.armv6hl                                     
DEBUG util.py:463:    libzstd-devel-1.5.5-1.el9.armv6hl                             llvm-filesystem-21.1.8-2.el9.redsleeve.armv6hl                           
DEBUG util.py:463:    llvm-libs-21.1.8-2.el9.redsleeve.armv6hl                      m4-1.4.19-1.el9.armv6hl                                                  
DEBUG util.py:463:    make-1:4.3-8.el9.armv6hl                                      ncurses-c++-libs-6.2-12.20210508.el9.armv6hl                             
DEBUG util.py:463:    ncurses-devel-6.2-12.20210508.el9.armv6hl                     net-tools-2.0-0.64.20160912git.el9.armv6hl                               
DEBUG util.py:463:    nettle-3.10.1-1.el9.armv6hl                                   newt-0.52.21-11.el9.armv6hl                                              
DEBUG util.py:463:    newt-devel-0.52.21-11.el9.armv6hl                             npth-1.6-8.el9.armv6hl                                                   
DEBUG util.py:463:    openssl-devel-1:3.5.5-6.el9_8.armv6hl                         pciutils-3.7.0-7.el9.armv6hl                                             
DEBUG util.py:463:    pciutils-devel-3.7.0-7.el9.armv6hl                            pciutils-libs-3.7.0-7.el9.armv6hl                                        
DEBUG util.py:463:    perl-4:5.32.1-483.el9.armv6hl                                 perl-Algorithm-Diff-1.2010-4.el9.noarch                                  
DEBUG util.py:463:    perl-Archive-Tar-2.38-6.el9_8.2.noarch                        perl-Archive-Zip-1.68-6.el9.noarch                                       
DEBUG util.py:463:    perl-Attribute-Handlers-1.01-483.el9.noarch                   perl-AutoSplit-5.74-483.el9.noarch                                       
DEBUG util.py:463:    perl-Benchmark-1.23-483.el9.noarch                            perl-CPAN-2.29-5.el9.noarch                                              
DEBUG util.py:463:    perl-CPAN-DistnameInfo-0.12-23.el9.noarch                     perl-CPAN-Meta-2.150010-460.el9.noarch                                   
DEBUG util.py:463:    perl-CPAN-Meta-Requirements-2.140-461.el9.noarch              perl-CPAN-Meta-YAML-0.018-461.el9.noarch                                 
DEBUG util.py:463:    perl-Compress-Bzip2-2.28-5.el9.armv6hl                        perl-Compress-Raw-Bzip2-2.101-5.el9.armv6hl                              
DEBUG util.py:463:    perl-Compress-Raw-Lzma-2.101-3.el9.armv6hl                    perl-Compress-Raw-Zlib-2.101-5.el9.armv6hl                               
DEBUG util.py:463:    perl-Config-Extensions-0.03-483.el9.noarch                    perl-Config-Perl-V-0.33-4.el9.noarch                                     
DEBUG util.py:463:    perl-DBM_Filter-0.06-483.el9.noarch                           perl-DB_File-1.855-4.el9.armv6hl                                         
DEBUG util.py:463:    perl-Data-OptList-0.110-17.el9.noarch                         perl-Data-Section-0.200007-14.el9.noarch                                 
DEBUG util.py:463:    perl-Devel-PPPort-3.62-4.el9.armv6hl                          perl-Devel-Peek-1.28-483.el9.armv6hl                                     
DEBUG util.py:463:    perl-Devel-SelfStubber-1.06-483.el9.noarch                    perl-Devel-Size-0.83-10.el9.armv6hl                                      
DEBUG util.py:463:    perl-Digest-SHA-1:6.02-461.el9.armv6hl                        perl-Digest-SHA1-2.13-34.el9.armv6hl                                     
DEBUG util.py:463:    perl-DirHandle-1.05-483.el9.noarch                            perl-Dumpvalue-2.27-483.el9.noarch                                       
DEBUG util.py:463:    perl-DynaLoader-1.47-483.el9.armv6hl                          perl-Encode-Locale-1.05-21.el9.noarch                                    
DEBUG util.py:463:    perl-Encode-devel-4:3.08-462.el9.armv6hl                      perl-English-1.11-483.el9.noarch                                         
DEBUG util.py:463:    perl-Env-1.04-460.el9.noarch                                  perl-ExtUtils-CBuilder-1:0.280236-5.el9.noarch                           
DEBUG util.py:463:    perl-ExtUtils-Command-2:7.60-3.el9.noarch                     perl-ExtUtils-Constant-0.25-483.el9.noarch                               
DEBUG util.py:463:    perl-ExtUtils-Embed-1.35-483.el9.noarch                       perl-ExtUtils-Install-2.20-4.el9.noarch                                  
DEBUG util.py:463:    perl-ExtUtils-MM-Utils-2:7.60-3.el9.noarch                    perl-ExtUtils-MakeMaker-2:7.60-3.el9.noarch                              
DEBUG util.py:463:    perl-ExtUtils-Manifest-1:1.73-4.el9.noarch                    perl-ExtUtils-Miniperl-1.09-483.el9.noarch                               
DEBUG util.py:463:    perl-ExtUtils-ParseXS-1:3.40-460.el9.noarch                   perl-File-Compare-1.100.600-483.el9.noarch                               
DEBUG util.py:463:    perl-File-Copy-2.34-483.el9.noarch                            perl-File-DosGlob-1.12-483.el9.armv6hl                                   
DEBUG util.py:463:    perl-File-Fetch-1.00-4.el9.noarch                             perl-File-Find-1.37-483.el9.noarch                                       
DEBUG util.py:463:    perl-File-HomeDir-1.006-4.el9.noarch                          perl-File-Which-1.23-10.el9.noarch                                       
DEBUG util.py:463:    perl-FileCache-1.10-483.el9.noarch                            perl-Filter-2:1.60-4.el9.armv6hl                                         
DEBUG util.py:463:    perl-Filter-Simple-0.96-460.el9.noarch                        perl-FindBin-1.51-483.el9.noarch                                         
DEBUG util.py:463:    perl-GDBM_File-1.18-483.el9.armv6hl                           perl-Hash-Util-0.23-483.el9.armv6hl                                      
DEBUG util.py:463:    perl-Hash-Util-FieldHash-1.20-483.el9.armv6hl                 perl-I18N-Collate-1.02-483.el9.noarch                                    
DEBUG util.py:463:    perl-I18N-LangTags-0.44-483.el9.noarch                        perl-I18N-Langinfo-0.19-483.el9.armv6hl                                  
DEBUG util.py:463:    perl-IO-Compress-2.102-4.el9_8.1.noarch                       perl-IO-Compress-Lzma-2.101-4.el9.noarch                                 
DEBUG util.py:463:    perl-IO-Zlib-1:1.11-4.el9.noarch                              perl-IPC-Cmd-2:1.04-461.el9.noarch                                       
DEBUG util.py:463:    perl-IPC-SysV-2.09-4.el9.armv6hl                              perl-IPC-System-Simple-1.30-6.el9.noarch                                 
DEBUG util.py:463:    perl-Importer-0.026-4.el9.noarch                              perl-JSON-PP-1:4.06-4.el9.noarch                                         
DEBUG util.py:463:    perl-Locale-Maketext-1.29-461.el9.noarch                      perl-Locale-Maketext-Simple-1:0.21-483.el9.noarch                        
DEBUG util.py:463:    perl-MIME-Charset-1.012.2-15.el9.noarch                       perl-MRO-Compat-0.13-15.el9.noarch                                       
DEBUG util.py:463:    perl-Math-BigInt-1:1.9998.18-460.el9.noarch                   perl-Math-BigInt-FastCalc-0.500.900-460.el9.armv6hl                      
DEBUG util.py:463:    perl-Math-BigRat-0.2614-460.el9.noarch                        perl-Math-Complex-1.59-483.el9.noarch                                    
DEBUG util.py:463:    perl-Memoize-1.03-483.el9.noarch                              perl-Module-Build-2:0.42.31-9.el9.noarch                                 
DEBUG util.py:463:    perl-Module-CoreList-1:5.20240609-1.el9.noarch                perl-Module-CoreList-tools-1:5.20240609-1.el9.noarch                     
DEBUG util.py:463:    perl-Module-Load-1:0.36-4.el9.noarch                          perl-Module-Load-Conditional-0.74-4.el9.noarch                           
DEBUG util.py:463:    perl-Module-Loaded-1:0.08-483.el9.noarch                      perl-Module-Metadata-1.000037-460.el9.noarch                             
DEBUG util.py:463:    perl-Module-Signature-0.88-1.el9.noarch                       perl-NEXT-0.67-483.el9.noarch                                            
DEBUG util.py:463:    perl-Net-1.02-483.el9.noarch                                  perl-Net-Ping-2.74-5.el9.noarch                                          
DEBUG util.py:463:    perl-ODBM_File-1.16-483.el9.armv6hl                           perl-Object-HashBase-0.009-7.el9.noarch                                  
DEBUG util.py:463:    perl-Opcode-1.48-483.el9.armv6hl                              perl-Package-Generator-1.106-23.el9.noarch                               
DEBUG util.py:463:    perl-Params-Check-1:0.38-461.el9.noarch                       perl-Params-Util-1.102-5.el9.armv6hl                                     
DEBUG util.py:463:    perl-Perl-OSType-1.010-461.el9.noarch                         perl-PerlIO-via-QuotedPrint-0.09-4.el9.noarch                            
DEBUG util.py:463:    perl-Pod-Checker-4:1.74-4.el9.noarch                          perl-Pod-Functions-1.13-483.el9.noarch                                   
DEBUG util.py:463:    perl-Pod-Html-1.25-483.el9.noarch                             perl-Safe-2.41-483.el9.noarch                                            
DEBUG util.py:463:    perl-Search-Dict-1.07-483.el9.noarch                          perl-SelfLoader-1.26-483.el9.noarch                                      
DEBUG util.py:463:    perl-Software-License-0.103014-12.el9.noarch                  perl-Sub-Exporter-0.987-27.el9.noarch                                    
DEBUG util.py:463:    perl-Sub-Install-0.928-28.el9.noarch                          perl-Sys-Hostname-1.23-483.el9.armv6hl                                   
DEBUG util.py:463:    perl-Sys-Syslog-0.36-461.el9.armv6hl                          perl-Term-Complete-1.403-483.el9.noarch                                  
DEBUG util.py:463:    perl-Term-ReadLine-1.17-483.el9.noarch                        perl-Term-Size-Any-0.002-35.el9.noarch                                   
DEBUG util.py:463:    perl-Term-Size-Perl-0.031-12.el9.armv6hl                      perl-Term-Table-0.015-8.el9.noarch                                       
DEBUG util.py:463:    perl-TermReadKey-2.38-11.el9.armv6hl                          perl-Test-1.31-483.el9.noarch                                            
DEBUG util.py:463:    perl-Test-Harness-1:3.42-461.el9.noarch                       perl-Test-Simple-3:1.302183-4.el9.noarch                                 
DEBUG util.py:463:    perl-Text-Abbrev-1.02-483.el9.noarch                          perl-Text-Balanced-2.04-4.el9.noarch                                     
DEBUG util.py:463:    perl-Text-Diff-1.45-13.el9.noarch                             perl-Text-Glob-0.11-15.el9.noarch                                        
DEBUG util.py:463:    perl-Text-Template-1.59-5.el9.noarch                          perl-Thread-3.05-483.el9.noarch                                          
DEBUG util.py:463:    perl-Thread-Queue-3.14-460.el9.noarch                         perl-Thread-Semaphore-2.13-483.el9.noarch                                
DEBUG util.py:463:    perl-Tie-4.6-483.el9.noarch                                   perl-Tie-File-1.06-483.el9.noarch                                        
DEBUG util.py:463:    perl-Tie-Memoize-1.1-483.el9.noarch                           perl-Tie-RefHash-1.40-4.el9.noarch                                       
DEBUG util.py:463:    perl-Time-1.03-483.el9.noarch                                 perl-Time-HiRes-4:1.9764-462.el9.armv6hl                                 
DEBUG util.py:463:    perl-Time-Piece-1.3401-483.el9.armv6hl                        perl-Unicode-Collate-1.29-4.el9.armv6hl                                  
DEBUG util.py:463:    perl-Unicode-LineBreak-2019.001-11.el9.armv6hl                perl-Unicode-Normalize-1.27-461.el9.armv6hl                              
DEBUG util.py:463:    perl-Unicode-UCD-0.75-483.el9.noarch                          perl-User-pwent-1.03-483.el9.noarch                                      
DEBUG util.py:463:    perl-autodie-2.34-4.el9.noarch                                perl-autouse-1.11-483.el9.noarch                                         
DEBUG util.py:463:    perl-bignum-0.51-460.el9.noarch                               perl-blib-1.07-483.el9.noarch                                            
DEBUG util.py:463:    perl-debugger-1.56-483.el9.noarch                             perl-deprecate-0.04-483.el9.noarch                                       
DEBUG util.py:463:    perl-devel-4:5.32.1-483.el9.armv6hl                           perl-diagnostics-1.37-483.el9.noarch                                     
DEBUG util.py:463:    perl-doc-5.32.1-483.el9.noarch                                perl-encoding-4:3.00-462.el9.armv6hl                                     
DEBUG util.py:463:    perl-encoding-warnings-0.13-483.el9.noarch                    perl-experimental-0.022-6.el9.noarch                                     
DEBUG util.py:463:    perl-fields-2.27-483.el9.noarch                               perl-filetest-1.03-483.el9.noarch                                        
DEBUG util.py:463:    perl-inc-latest-2:0.500-20.el9.noarch                         perl-less-0.03-483.el9.noarch                                            
DEBUG util.py:463:    perl-lib-0.65-483.el9.armv6hl                                 perl-libnetcfg-4:5.32.1-483.el9.noarch                                   
DEBUG util.py:463:    perl-local-lib-2.000024-13.el9.noarch                         perl-locale-1.09-483.el9.noarch                                          
DEBUG util.py:463:    perl-macros-4:5.32.1-483.el9.noarch                           perl-meta-notation-5.32.1-483.el9.noarch                                 
DEBUG util.py:463:    perl-open-1.12-483.el9.noarch                                 perl-perlfaq-5.20210520-1.el9.noarch                                     
DEBUG util.py:463:    perl-ph-5.32.1-483.el9.armv6hl                                perl-sigtrap-1.09-483.el9.noarch                                         
DEBUG util.py:463:    perl-sort-2.04-483.el9.noarch                                 perl-threads-1:2.25-460.el9.armv6hl                                      
DEBUG util.py:463:    perl-threads-shared-1.61-460.el9.0.1.armv6hl                  perl-utils-5.32.1-483.el9.noarch                                         
DEBUG util.py:463:    perl-version-7:0.99.28-4.el9.armv6hl                          perl-vmsish-1.04-483.el9.noarch                                          
DEBUG util.py:463:    python-rpm-macros-3.9-54.el9.noarch                           python-unversioned-command-3.9.25-7.el9_8.2.redsleeve.noarch             
DEBUG util.py:463:    python3-3.9.25-7.el9_8.2.redsleeve.armv6hl                    python3-devel-3.9.25-7.el9_8.2.redsleeve.armv6hl                         
DEBUG util.py:463:    python3-libs-3.9.25-7.el9_8.2.redsleeve.armv6hl               python3-packaging-20.9-5.el9.noarch                                      
DEBUG util.py:463:    python3-pip-21.3.1-2.el9_8.rocky.0.1.noarch                   python3-pip-wheel-21.3.1-2.el9_8.rocky.0.1.noarch                        
DEBUG util.py:463:    python3-pyparsing-2.4.7-9.el9.noarch                          python3-rpm-generators-12-9.el9.noarch                                   
DEBUG util.py:463:    python3-rpm-macros-3.9-54.el9.noarch                          python3-setuptools-53.0.0-15.el9.noarch                                  
DEBUG util.py:463:    python3-setuptools-wheel-53.0.0-15.el9.noarch                 slang-2.3.2-11.el9.armv6hl                                               
DEBUG util.py:463:    slang-devel-2.3.2-11.el9.armv6hl                              sombok-2.4.0-16.el9.armv6hl                                              
DEBUG util.py:463:    systemtap-sdt-devel-5.4-4.el9.armv6hl                         systemtap-sdt-dtrace-5.4-4.el9.armv6hl                                   
DEBUG util.py:463:    xz-devel-5.2.5-8.el9.armv6hl                                  zlib-devel-1.2.11-40.el9.armv6hl                                         
DEBUG util.py:463:  Complete!
DEBUG util.py:610:  Child return code was: 0
DEBUG util.py:185:  kill orphans in chroot /var/lib/mock/redsleeve-local-9-armv6hl/root
DEBUG util.py:185:  kill orphans in chroot /var/lib/mock/redsleeve-local-9-armv6hl-bootstrap/root/var/lib/mock/redsleeve-local-9-armv6hl/root
DEBUG util.py:636:  child environment: None
DEBUG util.py:558:  Executing command: ['/bin/umount', '-n', '-l', '/var/lib/mock/redsleeve-local-9-armv6hl-bootstrap/root/var/lib/mock/redsleeve-local-9-armv6hl/root'] with env {'TERM': 'vt100', 'SHELL': '/bin/sh', 'HOME': '/builddir', 'HOSTNAME': 'mock', 'PATH': '/usr/bin:/bin:/usr/sbin:/sbin', 'LANG': 'C.UTF-8'} and shell False
DEBUG util.py:610:  Child return code was: 0
DEBUG util.py:636:  child environment: None
DEBUG util.py:558:  Executing command: ['/bin/umount', '-n', '-l', '/var/lib/mock/redsleeve-local-9-armv6hl-bootstrap/root/var/lib/mock/redsleeve-local-9-armv6hl/root'] with env {'TERM': 'vt100', 'SHELL': '/bin/sh', 'HOME': '/builddir', 'HOSTNAME': 'mock', 'PATH': '/usr/bin:/bin:/usr/sbin:/sbin', 'LANG': 'C.UTF-8'} and shell False
DEBUG util.py:610:  Child return code was: 0
DEBUG util.py:636:  child environment: None
DEBUG util.py:558:  Executing command: ['/bin/umount', '-n', '-l', '/var/lib/mock/redsleeve-local-9-armv6hl/root/dev/pts'] with env {'TERM': 'vt100', 'SHELL': '/bin/sh', 'HOME': '/builddir', 'HOSTNAME': 'mock', 'PATH': '/usr/bin:/bin:/usr/sbin:/sbin', 'LANG': 'C.UTF-8'} and shell False
DEBUG util.py:610:  Child return code was: 0
DEBUG util.py:636:  child environment: None
DEBUG util.py:558:  Executing command: ['/bin/umount', '-n', '-l', '/var/lib/mock/redsleeve-local-9-armv6hl/root/dev/shm'] with env {'TERM': 'vt100', 'SHELL': '/bin/sh', 'HOME': '/builddir', 'HOSTNAME': 'mock', 'PATH': '/usr/bin:/bin:/usr/sbin:/sbin', 'LANG': 'C.UTF-8'} and shell False
DEBUG util.py:610:  Child return code was: 0
DEBUG util.py:636:  child environment: None
DEBUG util.py:558:  Executing command: ['/bin/umount', '-n', '-l', '/var/lib/mock/redsleeve-local-9-armv6hl/root/sys'] with env {'TERM': 'vt100', 'SHELL': '/bin/sh', 'HOME': '/builddir', 'HOSTNAME': 'mock', 'PATH': '/usr/bin:/bin:/usr/sbin:/sbin', 'LANG': 'C.UTF-8'} and shell False
DEBUG util.py:610:  Child return code was: 0
DEBUG util.py:636:  child environment: None
DEBUG util.py:558:  Executing command: ['/bin/umount', '-n', '-l', '/var/lib/mock/redsleeve-local-9-armv6hl/root/sys'] with env {'TERM': 'vt100', 'SHELL': '/bin/sh', 'HOME': '/builddir', 'HOSTNAME': 'mock', 'PATH': '/usr/bin:/bin:/usr/sbin:/sbin', 'LANG': 'C.UTF-8'} and shell False
DEBUG util.py:610:  Child return code was: 0
DEBUG util.py:636:  child environment: None
DEBUG util.py:558:  Executing command: ['/bin/umount', '-n', '-l', '/var/lib/mock/redsleeve-local-9-armv6hl/root/proc'] with env {'TERM': 'vt100', 'SHELL': '/bin/sh', 'HOME': '/builddir', 'HOSTNAME': 'mock', 'PATH': '/usr/bin:/bin:/usr/sbin:/sbin', 'LANG': 'C.UTF-8'} and shell False
DEBUG util.py:610:  Child return code was: 0
DEBUG util.py:636:  child environment: None
DEBUG util.py:558:  Executing command: ['/bin/umount', '-n', '-l', '/var/lib/mock/redsleeve-local-9-armv6hl/root/proc'] with env {'TERM': 'vt100', 'SHELL': '/bin/sh', 'HOME': '/builddir', 'HOSTNAME': 'mock', 'PATH': '/usr/bin:/bin:/usr/sbin:/sbin', 'LANG': 'C.UTF-8'} and shell False
DEBUG util.py:610:  Child return code was: 0
DEBUG file_util.py:17:  ensuring that dir exists: /var/lib/mock/redsleeve-local-9-armv6hl-bootstrap/root/var/lib/mock/redsleeve-local-9-armv6hl/root
DEBUG util.py:636:  child environment: None
DEBUG util.py:558:  Executing command: ['/bin/mount', '-n', '-t', 'tmpfs', '-o', 'private,mode=0755', 'tmpfs', '/var/lib/mock/redsleeve-local-9-armv6hl-bootstrap/root/var/lib/mock/redsleeve-local-9-armv6hl/root'] with env {'TERM': 'vt100', 'SHELL': '/bin/sh', 'HOME': '/builddir', 'HOSTNAME': 'mock', 'PATH': '/usr/bin:/bin:/usr/sbin:/sbin', 'LANG': 'C.UTF-8'} and shell False
DEBUG util.py:610:  Child return code was: 0
DEBUG file_util.py:17:  ensuring that dir exists: /var/lib/mock/redsleeve-local-9-armv6hl-bootstrap/root/var/lib/mock/redsleeve-local-9-armv6hl/root
DEBUG util.py:636:  child environment: None
DEBUG util.py:558:  Executing command: ['/bin/mount', '-n', '-o', 'rbind', '/var/lib/mock/redsleeve-local-9-armv6hl/root', '/var/lib/mock/redsleeve-local-9-armv6hl-bootstrap/root/var/lib/mock/redsleeve-local-9-armv6hl/root'] with env {'TERM': 'vt100', 'SHELL': '/bin/sh', 'HOME': '/builddir', 'HOSTNAME': 'mock', 'PATH': '/usr/bin:/bin:/usr/sbin:/sbin', 'LANG': 'C.UTF-8'} and shell False
DEBUG util.py:610:  Child return code was: 0
DEBUG util.py:636:  child environment: None
DEBUG util.py:558:  Executing command: ['/bin/mount', '-n', '-o', 'remount,private,rbind', '--target', '/var/lib/mock/redsleeve-local-9-armv6hl-bootstrap/root/var/lib/mock/redsleeve-local-9-armv6hl/root'] with env {'TERM': 'vt100', 'SHELL': '/bin/sh', 'HOME': '/builddir', 'HOSTNAME': 'mock', 'PATH': '/usr/bin:/bin:/usr/sbin:/sbin', 'LANG': 'C.UTF-8'} and shell False
DEBUG util.py:610:  Child return code was: 0
DEBUG util.py:636:  child environment: None
DEBUG util.py:553:  Using nspawn with args ['--capability=cap_ipc_lock', '--bind=/tmp/mock-resolv.524gza7b:/etc/resolv.conf']
DEBUG util.py:558:  Executing command: ['/usr/bin/systemd-nspawn', '-q', '-M', 'a56cceefcdd648e68f7527ab2bd0fbb3', '-D', '/var/lib/mock/redsleeve-local-9-armv6hl-bootstrap/root', '-a', '--capability=cap_ipc_lock', '--bind=/tmp/mock-resolv.524gza7b:/etc/resolv.conf', '--console=pipe', '--setenv=TERM=vt100', '--setenv=SHELL=/bin/bash', '--setenv=HOME=/builddir', '--setenv=HOSTNAME=mock', '--setenv=PATH=/usr/bin:/bin:/usr/sbin:/sbin', '--setenv=PROMPT_COMMAND=printf "\\033]0;<mock-chroot>\\007"', '--setenv=PS1=<mock-chroot> \\s-\\v\\$ ', '--setenv=LANG=C.UTF-8', '--resolv-conf=off', '/bin/rpm', '-qa', '--root', '/var/lib/mock/redsleeve-local-9-armv6hl/root'] with env {'TERM': 'vt100', 'SHELL': '/bin/bash', 'HOME': '/builddir', 'HOSTNAME': 'mock', 'PATH': '/usr/bin:/bin:/usr/sbin:/sbin', 'PROMPT_COMMAND': 'printf "\\033]0;<mock-chroot>\\007"', 'PS1': '<mock-chroot> \\s-\\v\\$ ', 'LANG': 'C.UTF-8', 'SYSTEMD_NSPAWN_TMPFS_TMP': '0', 'SYSTEMD_SECCOMP': '0'} and shell False
DEBUG util.py:463:  gpg-pubkey-2f00d701-6317b177
DEBUG util.py:463:  rust-srpm-macros-17-4.el9.redsleeve.noarch
DEBUG util.py:463:  qt5-srpm-macros-5.15.9-1.el9.noarch
DEBUG util.py:463:  perl-srpm-macros-1-41.el9.noarch
DEBUG util.py:463:  openblas-srpm-macros-2-11.el9.redsleeve.noarch
DEBUG util.py:463:  ocaml-srpm-macros-6-6.el9.noarch
DEBUG util.py:463:  ghc-srpm-macros-1.5.0-6.el9.noarch
DEBUG util.py:463:  tzdata-2026c-1.el9_8.noarch
DEBUG util.py:463:  publicsuffix-list-dafsa-20210518-3.el9.noarch
DEBUG util.py:463:  pkgconf-m4-1.7.3-10.el9.noarch
DEBUG util.py:463:  pcre2-syntax-10.40-6.el9.noarch
DEBUG util.py:463:  ncurses-base-6.2-12.20210508.el9.noarch
DEBUG util.py:463:  libssh-config-0.10.4-18.el9.noarch
DEBUG util.py:463:  gawk-all-langpacks-5.1.0-6.el9.armv6hl
DEBUG util.py:463:  coreutils-common-8.32-41.el9_8.armv6hl
DEBUG util.py:463:  ncurses-libs-6.2-12.20210508.el9.armv6hl
DEBUG util.py:463:  redsleeve-release-9.8-0.el9.noarch
DEBUG util.py:463:  setup-2.13.7-10.el9.noarch
DEBUG util.py:463:  filesystem-3.16-5.el9.armv6hl
DEBUG util.py:463:  basesystem-11-13.el9.0.1.noarch
DEBUG util.py:463:  bash-5.1.8-9.el9.armv6hl
DEBUG util.py:463:  libgcc-11.5.0-14.el9.redsleeve.armv6hl
DEBUG util.py:463:  glibc-gconv-extra-2.34-275.el9_8.redsleeve.armv6hl
DEBUG util.py:463:  glibc-minimal-langpack-2.34-275.el9_8.redsleeve.armv6hl
DEBUG util.py:463:  glibc-common-2.34-275.el9_8.redsleeve.armv6hl
DEBUG util.py:463:  glibc-2.34-275.el9_8.redsleeve.armv6hl
DEBUG util.py:463:  crypto-policies-20260224-1.gitea0f072.el9.noarch
DEBUG util.py:463:  systemd-rpm-macros-252-67.el9_8.4.redsleeve.noarch
DEBUG util.py:463:  zlib-1.2.11-40.el9.armv6hl
DEBUG util.py:463:  xz-libs-5.2.5-8.el9.armv6hl
DEBUG util.py:463:  bzip2-libs-1.0.8-11.el9.armv6hl
DEBUG util.py:463:  libacl-2.4.0-1.el9_8.armv6hl
DEBUG util.py:463:  libzstd-1.5.5-1.el9.armv6hl
DEBUG util.py:463:  libxcrypt-4.4.18-3.el9.armv6hl
DEBUG util.py:463:  elfutils-libelf-0.194-1.el9.rocky.0.1.armv6hl
DEBUG util.py:463:  libcap-2.48-10.el9.1.armv6hl
DEBUG util.py:463:  libstdc++-11.5.0-14.el9.redsleeve.armv6hl
DEBUG util.py:463:  libuuid-2.37.4-25.el9.armv6hl
DEBUG util.py:463:  gmp-6.2.0-13.el9.armv6hl
DEBUG util.py:463:  lz4-libs-1.9.3-5.el9.armv6hl
DEBUG util.py:463:  popt-1.18-8.el9.armv6hl
DEBUG util.py:463:  libattr-2.5.1-3.el9.armv6hl
DEBUG util.py:463:  libcap-ng-0.8.2-7.el9.armv6hl
DEBUG util.py:463:  audit-libs-3.1.5-8.el9.armv6hl
DEBUG util.py:463:  libcom_err-1.46.5-8.el9.armv6hl
DEBUG util.py:463:  readline-8.1-4.el9.armv6hl
DEBUG util.py:463:  mpfr-4.1.0-10.el9.armv6hl
DEBUG util.py:463:  dwz-0.16-1.el9.armv6hl
DEBUG util.py:463:  unzip-6.0-60.el9_8.armv6hl
DEBUG util.py:463:  file-libs-5.39-17.el9.armv6hl
DEBUG util.py:463:  file-5.39-17.el9.armv6hl
DEBUG util.py:463:  sqlite-libs-3.34.1-10.el9_8.armv6hl
DEBUG util.py:463:  alternatives-1.24-2.el9.armv6hl
DEBUG util.py:463:  gdbm-libs-1.23-1.el9.armv6hl
DEBUG util.py:463:  libatomic-11.5.0-14.el9.redsleeve.armv6hl
DEBUG util.py:463:  libffi-3.4.2-8.el9.armv6hl
DEBUG util.py:463:  libsepol-3.6-3.el9.armv6hl
DEBUG util.py:463:  libsigsegv-2.13-4.el9.armv6hl
DEBUG util.py:463:  gawk-5.1.0-6.el9.armv6hl
DEBUG util.py:463:  libsmartcols-2.37.4-25.el9.armv6hl
DEBUG util.py:463:  libtasn1-4.16.0-10.el9_8.redsleeve.armv6hl
DEBUG util.py:463:  p11-kit-0.26.4-1.el9_8.armv6hl
DEBUG util.py:463:  libunistring-0.9.10-15.el9.armv6hl
DEBUG util.py:463:  libidn2-2.3.0-7.el9.armv6hl
DEBUG util.py:463:  lua-libs-5.4.4-4.el9.armv6hl
DEBUG util.py:463:  pcre2-10.40-6.el9.armv6hl
DEBUG util.py:463:  libselinux-3.6-3.el9.armv6hl
DEBUG util.py:463:  sed-4.8-10.el9_8.armv6hl
DEBUG util.py:463:  findutils-4.8.0-7.el9.armv6hl
DEBUG util.py:463:  libsemanage-3.6-5.el9.armv6hl
DEBUG util.py:463:  shadow-utils-4.9-16.el9.armv6hl
DEBUG util.py:463:  libutempter-1.2.1-6.el9.armv6hl
DEBUG util.py:463:  tar-1.34-11.el9.armv6hl
DEBUG util.py:463:  libpsl-0.21.1-5.el9.armv6hl
DEBUG util.py:463:  p11-kit-trust-0.26.4-1.el9_8.armv6hl
DEBUG util.py:463:  zip-3.0-35.el9.armv6hl
DEBUG util.py:463:  zstd-1.5.5-1.el9.armv6hl
DEBUG util.py:463:  groff-base-1.22.4-10.el9.armv6hl
DEBUG util.py:463:  acl-2.4.0-1.el9_8.armv6hl
DEBUG util.py:463:  bzip2-1.0.8-11.el9.armv6hl
DEBUG util.py:463:  libxml2-2.9.13-14.el9_8.2.armv6hl
DEBUG util.py:463:  info-6.7-15.el9.armv6hl
DEBUG util.py:463:  ed-1.14.2-12.el9.armv6hl
DEBUG util.py:463:  patch-2.7.6-16.el9.armv6hl
DEBUG util.py:463:  cpio-2.13-16.el9.armv6hl
DEBUG util.py:463:  diffutils-3.7-12.el9.armv6hl
DEBUG util.py:463:  expat-2.5.0-6.el9_8.1.armv6hl
DEBUG util.py:463:  json-c-0.14-11.el9.armv6hl
DEBUG util.py:463:  keyutils-libs-1.6.3-1.el9.armv6hl
DEBUG util.py:463:  libbrotli-1.0.9-9.el9.armv6hl
DEBUG util.py:463:  libdb-5.3.28-57.el9.armv6hl
DEBUG util.py:463:  libeconf-0.4.1-7.el9_8.armv6hl
DEBUG util.py:463:  libgomp-11.5.0-14.el9.redsleeve.armv6hl
DEBUG util.py:463:  libgpg-error-1.42-5.el9.armv6hl
DEBUG util.py:463:  libgcrypt-1.10.0-13.el9_8.armv6hl
DEBUG util.py:463:  libnghttp2-1.43.0-6.el9.1.armv6hl
DEBUG util.py:463:  libpkgconf-1.7.3-10.el9.armv6hl
DEBUG util.py:463:  pkgconf-1.7.3-10.el9.armv6hl
DEBUG util.py:463:  pkgconf-pkg-config-1.7.3-10.el9.armv6hl
DEBUG util.py:463:  libseccomp-2.5.2-2.el9.redsleeve.armv6hl
DEBUG util.py:463:  libtool-ltdl-2.4.6-46.el9.armv6hl
DEBUG util.py:463:  libverto-0.3.2-3.el9.armv6hl
DEBUG util.py:463:  ncurses-6.2-12.20210508.el9.armv6hl
DEBUG util.py:463:  pcre-8.44-4.el9.armv6hl
DEBUG util.py:463:  grep-3.6-5.el9.armv6hl
DEBUG util.py:463:  openssl-fips-provider-3.5.5-6.el9_8.armv6hl
DEBUG util.py:463:  openssl-libs-3.5.5-6.el9_8.armv6hl
DEBUG util.py:463:  coreutils-8.32-41.el9_8.armv6hl
DEBUG util.py:463:  ca-certificates-2025.2.80_v9.0.305-91.el9.noarch
DEBUG util.py:463:  libblkid-2.37.4-25.el9.armv6hl
DEBUG util.py:463:  systemd-libs-252-67.el9_8.4.redsleeve.armv6hl
DEBUG util.py:463:  libmount-2.37.4-25.el9.armv6hl
DEBUG util.py:463:  krb5-libs-1.21.1-10.el9_8.armv6hl
DEBUG util.py:463:  libfdisk-2.37.4-25.el9.armv6hl
DEBUG util.py:463:  gzip-1.12-1.el9.armv6hl
DEBUG util.py:463:  cracklib-2.9.6-28.el9.armv6hl
DEBUG util.py:463:  libarchive-3.5.3-9.el9.armv6hl
DEBUG util.py:463:  xz-5.2.5-8.el9.armv6hl
DEBUG util.py:463:  cracklib-dicts-2.9.6-28.el9.armv6hl
DEBUG util.py:463:  perl-Digest-1.19-4.el9.noarch
DEBUG util.py:463:  perl-Digest-MD5-2.58-4.el9.armv6hl
DEBUG util.py:463:  perl-B-1.80-483.el9.armv6hl
DEBUG util.py:463:  perl-FileHandle-2.03-483.el9.noarch
DEBUG util.py:463:  perl-Data-Dumper-2.174-462.el9.armv6hl
DEBUG util.py:463:  perl-libnet-3.13-4.el9.noarch
DEBUG util.py:463:  perl-AutoLoader-5.74-483.el9.noarch
DEBUG util.py:463:  perl-base-2.27-483.el9.noarch
DEBUG util.py:463:  perl-URI-5.09-3.el9.noarch
DEBUG util.py:463:  perl-if-0.60.800-483.el9.noarch
DEBUG util.py:463:  perl-IO-Socket-IP-0.41-5.el9.noarch
DEBUG util.py:463:  perl-Time-Local-1.300-7.el9.noarch
DEBUG util.py:463:  perl-File-Path-2.18-4.el9.noarch
DEBUG util.py:463:  perl-IO-Socket-SSL-2.073-2.el9.noarch
DEBUG util.py:463:  perl-Net-SSLeay-1.94-3.el9.armv6hl
DEBUG util.py:463:  perl-Pod-Escapes-1.07-460.el9.noarch
DEBUG util.py:463:  perl-Text-Tabs+Wrap-2013.0523-460.el9.noarch
DEBUG util.py:463:  perl-Mozilla-CA-20200520-6.el9.noarch
DEBUG util.py:463:  perl-Class-Struct-0.66-483.el9.noarch
DEBUG util.py:463:  perl-POSIX-1.94-483.el9.armv6hl
DEBUG util.py:463:  perl-Term-ANSIColor-5.01-461.el9.noarch
DEBUG util.py:463:  perl-IPC-Open3-1.21-483.el9.noarch
DEBUG util.py:463:  perl-subs-1.03-483.el9.noarch
DEBUG util.py:463:  perl-File-Temp-0.231.100-4.el9.noarch
DEBUG util.py:463:  perl-Term-Cap-1.17-460.el9.noarch
DEBUG util.py:463:  perl-Pod-Simple-3.42-4.el9.noarch
DEBUG util.py:463:  perl-HTTP-Tiny-0.076-462.el9.noarch
DEBUG util.py:463:  perl-Socket-2.031-4.el9.armv6hl
DEBUG util.py:463:  perl-SelectSaver-1.02-483.el9.noarch
DEBUG util.py:463:  perl-Symbol-1.08-483.el9.noarch
DEBUG util.py:463:  perl-File-stat-1.09-483.el9.noarch
DEBUG util.py:463:  perl-podlators-4.14-460.el9.noarch
DEBUG util.py:463:  perl-Pod-Perldoc-3.28.01-461.el9.noarch
DEBUG util.py:463:  perl-Fcntl-1.13-483.el9.armv6hl
DEBUG util.py:463:  perl-Text-ParseWords-3.30-460.el9.noarch
DEBUG util.py:463:  perl-mro-1.23-483.el9.armv6hl
DEBUG util.py:463:  perl-IO-1.43-483.el9.armv6hl
DEBUG util.py:463:  perl-overloading-0.02-483.el9.noarch
DEBUG util.py:463:  perl-Pod-Usage-2.01-4.el9.noarch
DEBUG util.py:463:  perl-Errno-1.30-483.el9.armv6hl
DEBUG util.py:463:  perl-File-Basename-2.85-483.el9.noarch
DEBUG util.py:463:  perl-Getopt-Std-1.12-483.el9.noarch
DEBUG util.py:463:  perl-MIME-Base64-3.16-4.el9.armv6hl
DEBUG util.py:463:  perl-Scalar-List-Utils-1.56-462.el9.armv6hl
DEBUG util.py:463:  perl-constant-1.33-461.el9.noarch
DEBUG util.py:463:  perl-Storable-3.21-460.el9.armv6hl
DEBUG util.py:463:  perl-overload-1.31-483.el9.noarch
DEBUG util.py:463:  perl-parent-0.238-460.el9.noarch
DEBUG util.py:463:  perl-vars-1.05-483.el9.noarch
DEBUG util.py:463:  perl-Getopt-Long-2.52-4.el9.noarch
DEBUG util.py:463:  perl-Carp-1.50-460.el9.noarch
DEBUG util.py:463:  perl-Exporter-5.74-461.el9.noarch
DEBUG util.py:463:  perl-NDBM_File-1.15-483.el9.armv6hl
DEBUG util.py:463:  perl-PathTools-3.78-461.el9.armv6hl
DEBUG util.py:463:  perl-Encode-3.08-462.el9.armv6hl
DEBUG util.py:463:  perl-libs-5.32.1-483.el9.armv6hl
DEBUG util.py:463:  perl-interpreter-5.32.1-483.el9.armv6hl
DEBUG util.py:463:  kernel-srpm-macros-1.0-14.el9.noarch
DEBUG util.py:463:  cyrus-sasl-lib-2.1.27-22.el9.armv6hl
DEBUG util.py:463:  libssh-0.10.4-18.el9.armv6hl
DEBUG util.py:463:  util-linux-core-2.37.4-25.el9.armv6hl
DEBUG util.py:463:  openssl-3.5.5-6.el9_8.armv6hl
DEBUG util.py:463:  libpwquality-1.4.4-8.el9.armv6hl
DEBUG util.py:463:  pam-1.5.1-28.el9.armv6hl
DEBUG util.py:463:  util-linux-2.37.4-25.el9.armv6hl
DEBUG util.py:463:  kmod-libs-28-11.el9.armv6hl
DEBUG util.py:463:  dbus-1.12.20-8.el9.armv6hl
DEBUG util.py:463:  systemd-pam-252-67.el9_8.4.redsleeve.armv6hl
DEBUG util.py:463:  systemd-252-67.el9_8.4.redsleeve.armv6hl
DEBUG util.py:463:  dbus-common-1.12.20-8.el9.noarch
DEBUG util.py:463:  dbus-broker-28-8.el9.armv6hl
DEBUG util.py:463:  elfutils-default-yama-scope-0.194-1.el9.rocky.0.1.noarch
DEBUG util.py:463:  elfutils-libs-0.194-1.el9.rocky.0.1.armv6hl
DEBUG util.py:463:  libevent-2.1.12-8.el9.armv6hl
DEBUG util.py:463:  openldap-2.6.8-4.el9.0.1.armv6hl
DEBUG util.py:463:  libcurl-7.76.1-40.el9.armv6hl
DEBUG util.py:463:  elfutils-debuginfod-client-0.194-1.el9.rocky.0.1.armv6hl
DEBUG util.py:463:  binutils-gold-2.35.2-72.el9.redsleeve.armv6hl
DEBUG util.py:463:  binutils-2.35.2-72.el9.redsleeve.armv6hl
DEBUG util.py:463:  elfutils-0.194-1.el9.rocky.0.1.armv6hl
DEBUG util.py:463:  gdb-minimal-16.3-3.el9.armv6hl
DEBUG util.py:463:  debugedit-5.0-11.el9.armv6hl
DEBUG util.py:463:  curl-7.76.1-40.el9.armv6hl
DEBUG util.py:463:  rpm-4.16.1.3-40.el9.armv6hl
DEBUG util.py:463:  rpm-libs-4.16.1.3-40.el9.armv6hl
DEBUG util.py:463:  efi-srpm-macros-6-4.el9.noarch
DEBUG util.py:463:  lua-srpm-macros-1-6.el9.noarch
DEBUG util.py:463:  rpm-build-libs-4.16.1.3-40.el9.armv6hl
DEBUG util.py:463:  fonts-srpm-macros-2.0.5-7.el9.1.noarch
DEBUG util.py:463:  go-srpm-macros-3.8.1-1.el9.redsleeve.noarch
DEBUG util.py:463:  python-srpm-macros-3.9-54.el9.noarch
DEBUG util.py:463:  redhat-rpm-config-210-1.el9.redsleeve.noarch
DEBUG util.py:463:  rpm-build-4.16.1.3-40.el9.armv6hl
DEBUG util.py:463:  pyproject-srpm-macros-1.18.5-1.el9.noarch
DEBUG util.py:463:  which-2.21-30.el9.armv6hl
DEBUG util.py:463:  perl-File-Find-1.37-483.el9.noarch
DEBUG util.py:463:  perl-File-Copy-2.34-483.el9.noarch
DEBUG util.py:463:  perl-ExtUtils-Manifest-1.73-4.el9.noarch
DEBUG util.py:463:  perl-DynaLoader-1.47-483.el9.armv6hl
DEBUG util.py:463:  perl-lib-0.65-483.el9.armv6hl
DEBUG util.py:463:  perl-File-Compare-1.100.600-483.el9.noarch
DEBUG util.py:463:  perl-ExtUtils-ParseXS-3.40-460.el9.noarch
DEBUG util.py:463:  zlib-devel-1.2.11-40.el9.armv6hl
DEBUG util.py:463:  perl-meta-notation-5.32.1-483.el9.noarch
DEBUG util.py:463:  perl-locale-1.09-483.el9.noarch
DEBUG util.py:463:  perl-Tie-4.6-483.el9.noarch
DEBUG util.py:463:  perl-Term-ReadLine-1.17-483.el9.noarch
DEBUG util.py:463:  perl-Perl-OSType-1.010-461.el9.noarch
DEBUG util.py:463:  perl-Module-Load-0.36-4.el9.noarch
DEBUG util.py:463:  kernel-headers-5.14.0-687.29.1.el9_8.redsleeve.armv6hl
DEBUG util.py:463:  libxcrypt-devel-4.4.18-3.el9.armv6hl
DEBUG util.py:463:  glibc-devel-2.34-275.el9_8.redsleeve.armv6hl
DEBUG util.py:463:  perl-Pod-Html-1.25-483.el9.noarch
DEBUG util.py:463:  perl-ExtUtils-Command-7.60-3.el9.noarch
DEBUG util.py:463:  python-rpm-macros-3.9-54.el9.noarch
DEBUG util.py:463:  perl-doc-5.32.1-483.el9.noarch
DEBUG util.py:463:  perl-autouse-1.11-483.el9.noarch
DEBUG util.py:463:  perl-User-pwent-1.03-483.el9.noarch
DEBUG util.py:463:  perl-Tie-RefHash-1.40-4.el9.noarch
DEBUG util.py:463:  perl-Text-Balanced-2.04-4.el9.noarch
DEBUG util.py:463:  perl-Sub-Install-0.928-28.el9.noarch
DEBUG util.py:463:  perl-SelfLoader-1.26-483.el9.noarch
DEBUG util.py:463:  perl-Math-Complex-1.59-483.el9.noarch
DEBUG util.py:463:  perl-Math-BigInt-1.9998.18-460.el9.noarch
DEBUG util.py:463:  perl-JSON-PP-4.06-4.el9.noarch
DEBUG util.py:463:  perl-Math-BigRat-0.2614-460.el9.noarch
DEBUG util.py:463:  perl-I18N-LangTags-0.44-483.el9.noarch
DEBUG util.py:463:  perl-Locale-Maketext-1.29-461.el9.noarch
DEBUG util.py:463:  perl-Locale-Maketext-Simple-0.21-483.el9.noarch
DEBUG util.py:463:  perl-Params-Check-0.38-461.el9.noarch
DEBUG util.py:463:  perl-ExtUtils-MM-Utils-7.60-3.el9.noarch
DEBUG util.py:463:  perl-ExtUtils-Constant-0.25-483.el9.noarch
DEBUG util.py:463:  perl-DirHandle-1.05-483.el9.noarch
DEBUG util.py:463:  perl-CPAN-Meta-YAML-0.018-461.el9.noarch
DEBUG util.py:463:  perl-Benchmark-1.23-483.el9.noarch
DEBUG util.py:463:  perl-AutoSplit-5.74-483.el9.noarch
DEBUG util.py:463:  libzstd-devel-1.5.5-1.el9.armv6hl
DEBUG util.py:463:  elfutils-libelf-devel-0.194-1.el9.rocky.0.1.armv6hl
DEBUG util.py:463:  perl-bignum-0.51-460.el9.noarch
DEBUG util.py:463:  perl-Devel-SelfStubber-1.06-483.el9.noarch
DEBUG util.py:463:  python3-rpm-macros-3.9-54.el9.noarch
DEBUG util.py:463:  libcap-ng-devel-0.8.2-7.el9.armv6hl
DEBUG util.py:463:  perl-Env-1.04-460.el9.noarch
DEBUG util.py:463:  perl-sigtrap-1.09-483.el9.noarch
DEBUG util.py:463:  perl-vmsish-1.04-483.el9.noarch
DEBUG util.py:463:  perl-utils-5.32.1-483.el9.noarch
DEBUG util.py:463:  perl-sort-2.04-483.el9.noarch
DEBUG util.py:463:  perl-ph-5.32.1-483.el9.armv6hl
DEBUG util.py:463:  perl-perlfaq-5.20210520-1.el9.noarch
DEBUG util.py:463:  perl-macros-5.32.1-483.el9.noarch
DEBUG util.py:463:  perl-local-lib-2.000024-13.el9.noarch
DEBUG util.py:463:  perl-less-0.03-483.el9.noarch
DEBUG util.py:463:  perl-filetest-1.03-483.el9.noarch
DEBUG util.py:463:  perl-encoding-warnings-0.13-483.el9.noarch
DEBUG util.py:463:  perl-diagnostics-1.37-483.el9.noarch
DEBUG util.py:463:  perl-deprecate-0.04-483.el9.noarch
DEBUG util.py:463:  perl-blib-1.07-483.el9.noarch
DEBUG util.py:463:  perl-Time-1.03-483.el9.noarch
DEBUG util.py:463:  perl-Tie-Memoize-1.1-483.el9.noarch
DEBUG util.py:463:  perl-Tie-File-1.06-483.el9.noarch
DEBUG util.py:463:  perl-Text-Template-1.59-5.el9.noarch
DEBUG util.py:463:  perl-Text-Glob-0.11-15.el9.noarch
DEBUG util.py:463:  perl-Text-Abbrev-1.02-483.el9.noarch
DEBUG util.py:463:  perl-Test-1.31-483.el9.noarch
DEBUG util.py:463:  perl-Term-Size-Perl-0.031-12.el9.armv6hl
DEBUG util.py:463:  perl-Term-Size-Any-0.002-35.el9.noarch
DEBUG util.py:463:  perl-Term-Complete-1.403-483.el9.noarch
DEBUG util.py:463:  perl-Search-Dict-1.07-483.el9.noarch
DEBUG util.py:463:  perl-Pod-Functions-1.13-483.el9.noarch
DEBUG util.py:463:  perl-Pod-Checker-1.74-4.el9.noarch
DEBUG util.py:463:  perl-PerlIO-via-QuotedPrint-0.09-4.el9.noarch
DEBUG util.py:463:  perl-Package-Generator-1.106-23.el9.noarch
DEBUG util.py:463:  perl-Object-HashBase-0.009-7.el9.noarch
DEBUG util.py:463:  perl-Net-1.02-483.el9.noarch
DEBUG util.py:463:  perl-NEXT-0.67-483.el9.noarch
DEBUG util.py:463:  perl-Module-Loaded-0.08-483.el9.noarch
DEBUG util.py:463:  perl-Memoize-1.03-483.el9.noarch
DEBUG util.py:463:  perl-MRO-Compat-0.13-15.el9.noarch
DEBUG util.py:463:  perl-MIME-Charset-1.012.2-15.el9.noarch
DEBUG util.py:463:  perl-Importer-0.026-4.el9.noarch
DEBUG util.py:463:  perl-IPC-System-Simple-1.30-6.el9.noarch
DEBUG util.py:463:  perl-autodie-2.34-4.el9.noarch
DEBUG util.py:463:  perl-I18N-Collate-1.02-483.el9.noarch
DEBUG util.py:463:  perl-FindBin-1.51-483.el9.noarch
DEBUG util.py:463:  perl-FileCache-1.10-483.el9.noarch
DEBUG util.py:463:  perl-File-Which-1.23-10.el9.noarch
DEBUG util.py:463:  perl-File-HomeDir-1.006-4.el9.noarch
DEBUG util.py:463:  perl-English-1.11-483.el9.noarch
DEBUG util.py:463:  perl-Config-Perl-V-0.33-4.el9.noarch
DEBUG util.py:463:  perl-Config-Extensions-0.03-483.el9.noarch
DEBUG util.py:463:  perl-CPAN-DistnameInfo-0.12-23.el9.noarch
DEBUG util.py:463:  perl-Attribute-Handlers-1.01-483.el9.noarch
DEBUG util.py:463:  perl-Algorithm-Diff-1.2010-4.el9.noarch
DEBUG util.py:463:  perl-Text-Diff-1.45-13.el9.noarch
DEBUG util.py:463:  llvm-filesystem-21.1.8-2.el9.redsleeve.armv6hl
DEBUG util.py:463:  xz-devel-5.2.5-8.el9.armv6hl
DEBUG util.py:463:  python3-setuptools-wheel-53.0.0-15.el9.noarch
DEBUG util.py:463:  python3-pip-wheel-21.3.1-2.el9_8.rocky.0.1.noarch
DEBUG util.py:463:  libstdc++-devel-11.5.0-14.el9.redsleeve.armv6hl
DEBUG util.py:463:  hwdata-0.348-9.22.el9.noarch
DEBUG util.py:463:  perl-version-0.99.28-4.el9.armv6hl
DEBUG util.py:463:  perl-Time-HiRes-1.9764-462.el9.armv6hl
DEBUG util.py:463:  perl-CPAN-Meta-Requirements-2.140-461.el9.noarch
DEBUG util.py:463:  perl-CPAN-Meta-2.150010-460.el9.noarch
DEBUG util.py:463:  perl-threads-2.25-460.el9.armv6hl
DEBUG util.py:463:  perl-threads-shared-1.61-460.el9.0.1.armv6hl
DEBUG util.py:463:  perl-Compress-Raw-Zlib-2.101-5.el9.armv6hl
DEBUG util.py:463:  perl-Test-Harness-3.42-461.el9.noarch
DEBUG util.py:463:  perl-Module-CoreList-5.20240609-1.el9.noarch
DEBUG util.py:463:  perl-Module-Metadata-1.000037-460.el9.noarch
DEBUG util.py:463:  perl-Module-Load-Conditional-0.74-4.el9.noarch
DEBUG util.py:463:  perl-IPC-Cmd-1.04-461.el9.noarch
DEBUG util.py:463:  perl-Unicode-Normalize-1.27-461.el9.armv6hl
DEBUG util.py:463:  perl-Digest-SHA-6.02-461.el9.armv6hl
DEBUG util.py:463:  perl-Devel-Peek-1.28-483.el9.armv6hl
DEBUG util.py:463:  m4-1.4.19-1.el9.armv6hl
DEBUG util.py:463:  libmpc-1.2.1-4.el9.armv6hl
DEBUG util.py:463:  perl-Dumpvalue-2.27-483.el9.noarch
DEBUG util.py:463:  perl-Net-Ping-2.74-5.el9.noarch
DEBUG util.py:463:  python3-libs-3.9.25-7.el9_8.2.redsleeve.armv6hl
DEBUG util.py:463:  python3-3.9.25-7.el9_8.2.redsleeve.armv6hl
DEBUG util.py:463:  python-unversioned-command-3.9.25-7.el9_8.2.redsleeve.noarch
DEBUG util.py:463:  python3-pyparsing-2.4.7-9.el9.noarch
DEBUG util.py:463:  python3-setuptools-53.0.0-15.el9.noarch
DEBUG util.py:463:  perl-TermReadKey-2.38-11.el9.armv6hl
DEBUG util.py:463:  perl-Sys-Hostname-1.23-483.el9.armv6hl
DEBUG util.py:463:  perl-Params-Util-1.102-5.el9.armv6hl
DEBUG util.py:463:  perl-Opcode-1.48-483.el9.armv6hl
DEBUG util.py:463:  perl-Safe-2.41-483.el9.noarch
DEBUG util.py:463:  perl-I18N-Langinfo-0.19-483.el9.armv6hl
DEBUG util.py:463:  perl-Hash-Util-FieldHash-1.20-483.el9.armv6hl
DEBUG util.py:463:  perl-Hash-Util-0.23-483.el9.armv6hl
DEBUG util.py:463:  perl-Devel-PPPort-3.62-4.el9.armv6hl
DEBUG util.py:463:  perl-Compress-Raw-Bzip2-2.101-5.el9.armv6hl
DEBUG util.py:463:  perl-IO-Compress-2.102-4.el9_8.1.noarch
DEBUG util.py:463:  perl-IO-Zlib-1.11-4.el9.noarch
DEBUG util.py:463:  slang-2.3.2-11.el9.armv6hl
DEBUG util.py:463:  pciutils-libs-3.7.0-7.el9.armv6hl
DEBUG util.py:463:  make-4.3-8.el9.armv6hl
DEBUG util.py:463:  slang-devel-2.3.2-11.el9.armv6hl
DEBUG util.py:463:  perl-DBM_Filter-0.06-483.el9.noarch
DEBUG util.py:463:  perl-fields-2.27-483.el9.noarch
DEBUG util.py:463:  perl-Encode-Locale-1.05-21.el9.noarch
DEBUG util.py:463:  perl-Data-OptList-0.110-17.el9.noarch
DEBUG util.py:463:  perl-Sub-Exporter-0.987-27.el9.noarch
DEBUG util.py:463:  perl-Data-Section-0.200007-14.el9.noarch
DEBUG util.py:463:  perl-Software-License-0.103014-12.el9.noarch
DEBUG util.py:463:  python3-pip-21.3.1-2.el9_8.rocky.0.1.noarch
DEBUG util.py:463:  python3-packaging-20.9-5.el9.noarch
DEBUG util.py:463:  python3-rpm-generators-12-9.el9.noarch
DEBUG util.py:463:  systemtap-sdt-dtrace-5.4-4.el9.armv6hl
DEBUG util.py:463:  systemtap-sdt-devel-5.4-4.el9.armv6hl
DEBUG util.py:463:  perl-debugger-1.56-483.el9.noarch
DEBUG util.py:463:  perl-Unicode-UCD-0.75-483.el9.noarch
DEBUG util.py:463:  perl-File-Fetch-1.00-4.el9.noarch
DEBUG util.py:463:  perl-Module-CoreList-tools-5.20240609-1.el9.noarch
DEBUG util.py:463:  perl-Archive-Zip-1.68-6.el9.noarch
DEBUG util.py:463:  perl-Thread-3.05-483.el9.noarch
DEBUG util.py:463:  perl-Thread-Queue-3.14-460.el9.noarch
DEBUG util.py:463:  perl-Thread-Semaphore-2.13-483.el9.noarch
DEBUG util.py:463:  perl-experimental-0.022-6.el9.noarch
DEBUG util.py:463:  pciutils-3.7.0-7.el9.armv6hl
DEBUG util.py:463:  newt-0.52.21-11.el9.armv6hl
DEBUG util.py:463:  cpp-11.5.0-14.el9.redsleeve.armv6hl
DEBUG util.py:463:  perl-Unicode-Collate-1.29-4.el9.armv6hl
DEBUG util.py:463:  perl-Math-BigInt-FastCalc-0.500.900-460.el9.armv6hl
DEBUG util.py:463:  perl-Digest-SHA1-2.13-34.el9.armv6hl
DEBUG util.py:463:  perl-Time-Piece-1.3401-483.el9.armv6hl
DEBUG util.py:463:  perl-Sys-Syslog-0.36-461.el9.armv6hl
DEBUG util.py:463:  perl-ODBM_File-1.16-483.el9.armv6hl
DEBUG util.py:463:  perl-IPC-SysV-2.09-4.el9.armv6hl
DEBUG util.py:463:  perl-GDBM_File-1.18-483.el9.armv6hl
DEBUG util.py:463:  perl-File-DosGlob-1.12-483.el9.armv6hl
DEBUG util.py:463:  perl-Devel-Size-0.83-10.el9.armv6hl
DEBUG util.py:463:  perl-DB_File-1.855-4.el9.armv6hl
DEBUG util.py:463:  perl-Compress-Raw-Lzma-2.101-3.el9.armv6hl
DEBUG util.py:463:  perl-IO-Compress-Lzma-2.101-4.el9.noarch
DEBUG util.py:463:  perl-Archive-Tar-2.38-6.el9_8.2.noarch
DEBUG util.py:463:  perl-Compress-Bzip2-2.28-5.el9.armv6hl
DEBUG util.py:463:  libdatrie-0.2.13-4.el9.armv6hl
DEBUG util.py:463:  libthai-0.1.28-8.el9.armv6hl
DEBUG util.py:463:  sombok-2.4.0-16.el9.armv6hl
DEBUG util.py:463:  perl-Unicode-LineBreak-2019.001-11.el9.armv6hl
DEBUG util.py:463:  perl-Term-Table-0.015-8.el9.noarch
DEBUG util.py:463:  perl-Test-Simple-1.302183-4.el9.noarch
DEBUG util.py:463:  npth-1.6-8.el9.armv6hl
DEBUG util.py:463:  nettle-3.10.1-1.el9.armv6hl
DEBUG util.py:463:  gnutls-3.8.10-8.el9_8.armv6hl
DEBUG util.py:463:  ncurses-c++-libs-6.2-12.20210508.el9.armv6hl
DEBUG util.py:463:  libubsan-11.5.0-14.el9.redsleeve.armv6hl
DEBUG util.py:463:  libksba-1.5.1-7.el9.armv6hl
DEBUG util.py:463:  libkcapi-1.4.0-2.el9.armv6hl
DEBUG util.py:463:  libedit-3.1-39.20210216cvs.el9.armv6hl
DEBUG util.py:463:  llvm-libs-21.1.8-2.el9.redsleeve.armv6hl
DEBUG util.py:463:  libassuan-2.5.5-3.el9.armv6hl
DEBUG util.py:463:  gnupg2-2.3.3-5.el9.armv6hl
DEBUG util.py:463:  perl-Module-Signature-0.88-1.el9.noarch
DEBUG util.py:463:  libasan-11.5.0-14.el9.redsleeve.armv6hl
DEBUG util.py:463:  gcc-11.5.0-14.el9.redsleeve.armv6hl
DEBUG util.py:463:  perl-devel-5.32.1-483.el9.armv6hl
DEBUG util.py:463:  perl-ExtUtils-Install-2.20-4.el9.noarch
DEBUG util.py:463:  perl-ExtUtils-MakeMaker-7.60-3.el9.noarch
DEBUG util.py:463:  perl-Filter-1.60-4.el9.armv6hl
DEBUG util.py:463:  perl-encoding-3.00-462.el9.armv6hl
DEBUG util.py:463:  perl-ExtUtils-Embed-1.35-483.el9.noarch
DEBUG util.py:463:  perl-ExtUtils-Miniperl-1.09-483.el9.noarch
DEBUG util.py:463:  perl-open-1.12-483.el9.noarch
DEBUG util.py:463:  perl-Filter-Simple-0.96-460.el9.noarch
DEBUG util.py:463:  perl-libnetcfg-5.32.1-483.el9.noarch
DEBUG util.py:463:  perl-inc-latest-0.500-20.el9.noarch
DEBUG util.py:463:  perl-Encode-devel-3.08-462.el9.armv6hl
DEBUG util.py:463:  gcc-c++-11.5.0-14.el9.redsleeve.armv6hl
DEBUG util.py:463:  perl-ExtUtils-CBuilder-0.280236-5.el9.noarch
DEBUG util.py:463:  perl-Module-Build-0.42.31-9.el9.noarch
DEBUG util.py:463:  perl-CPAN-2.29-5.el9.noarch
DEBUG util.py:463:  perl-5.32.1-483.el9.armv6hl
DEBUG util.py:463:  gettext-libs-0.21-8.el9.armv6hl
DEBUG util.py:463:  ncurses-devel-6.2-12.20210508.el9.armv6hl
DEBUG util.py:463:  newt-devel-0.52.21-11.el9.armv6hl
DEBUG util.py:463:  pciutils-devel-3.7.0-7.el9.armv6hl
DEBUG util.py:463:  python3-devel-3.9.25-7.el9_8.2.redsleeve.armv6hl
DEBUG util.py:463:  elfutils-devel-0.194-1.el9.rocky.0.1.armv6hl
DEBUG util.py:463:  audit-libs-devel-3.1.5-8.el9.armv6hl
DEBUG util.py:463:  binutils-devel-2.35.2-72.el9.redsleeve.armv6hl
DEBUG util.py:463:  openssl-devel-3.5.5-6.el9_8.armv6hl
DEBUG util.py:463:  gettext-0.21-8.el9.armv6hl
DEBUG util.py:463:  gcc-plugin-annobin-11.5.0-14.el9.redsleeve.armv6hl
DEBUG util.py:463:  annobin-12.98-2.el9.armv6hl
DEBUG util.py:463:  libkcapi-hmaccalc-1.4.0-2.el9.armv6hl
DEBUG util.py:463:  bison-3.7.4-5.el9.armv6hl
DEBUG util.py:463:  flex-2.6.4-9.el9.armv6hl
DEBUG util.py:463:  net-tools-2.0-0.64.20160912git.el9.armv6hl
DEBUG util.py:463:  kmod-28-11.el9.armv6hl
DEBUG util.py:463:  hostname-3.23-6.el9.armv6hl
DEBUG util.py:463:  bc-1.07.1-14.el9.armv6hl
DEBUG util.py:610:  Child return code was: 0
DEBUG util.py:185:  kill orphans in chroot /var/lib/mock/redsleeve-local-9-armv6hl/root
DEBUG util.py:185:  kill orphans in chroot /var/lib/mock/redsleeve-local-9-armv6hl-bootstrap/root/var/lib/mock/redsleeve-local-9-armv6hl/root
DEBUG util.py:636:  child environment: None
DEBUG util.py:558:  Executing command: ['/bin/umount', '-n', '-l', '/var/lib/mock/redsleeve-local-9-armv6hl-bootstrap/root/var/lib/mock/redsleeve-local-9-armv6hl/root'] with env {'TERM': 'vt100', 'SHELL': '/bin/sh', 'HOME': '/builddir', 'HOSTNAME': 'mock', 'PATH': '/usr/bin:/bin:/usr/sbin:/sbin', 'LANG': 'C.UTF-8'} and shell False
DEBUG util.py:610:  Child return code was: 0
DEBUG util.py:636:  child environment: None
DEBUG util.py:558:  Executing command: ['/bin/umount', '-n', '-l', '/var/lib/mock/redsleeve-local-9-armv6hl-bootstrap/root/var/lib/mock/redsleeve-local-9-armv6hl/root'] with env {'TERM': 'vt100', 'SHELL': '/bin/sh', 'HOME': '/builddir', 'HOSTNAME': 'mock', 'PATH': '/usr/bin:/bin:/usr/sbin:/sbin', 'LANG': 'C.UTF-8'} and shell False
DEBUG util.py:610:  Child return code was: 0
DEBUG file_util.py:17:  ensuring that dir exists: /var/lib/mock/redsleeve-local-9-armv6hl-bootstrap/root/var/lib/mock/redsleeve-local-9-armv6hl/root
DEBUG util.py:636:  child environment: None
DEBUG util.py:558:  Executing command: ['/bin/mount', '-n', '-t', 'tmpfs', '-o', 'private,mode=0755', 'tmpfs', '/var/lib/mock/redsleeve-local-9-armv6hl-bootstrap/root/var/lib/mock/redsleeve-local-9-armv6hl/root'] with env {'TERM': 'vt100', 'SHELL': '/bin/sh', 'HOME': '/builddir', 'HOSTNAME': 'mock', 'PATH': '/usr/bin:/bin:/usr/sbin:/sbin', 'LANG': 'C.UTF-8'} and shell False
DEBUG util.py:610:  Child return code was: 0
DEBUG file_util.py:17:  ensuring that dir exists: /var/lib/mock/redsleeve-local-9-armv6hl-bootstrap/root/var/lib/mock/redsleeve-local-9-armv6hl/root
DEBUG util.py:636:  child environment: None
DEBUG util.py:558:  Executing command: ['/bin/mount', '-n', '-o', 'rbind', '/var/lib/mock/redsleeve-local-9-armv6hl/root', '/var/lib/mock/redsleeve-local-9-armv6hl-bootstrap/root/var/lib/mock/redsleeve-local-9-armv6hl/root'] with env {'TERM': 'vt100', 'SHELL': '/bin/sh', 'HOME': '/builddir', 'HOSTNAME': 'mock', 'PATH': '/usr/bin:/bin:/usr/sbin:/sbin', 'LANG': 'C.UTF-8'} and shell False
DEBUG util.py:610:  Child return code was: 0
DEBUG util.py:636:  child environment: None
DEBUG util.py:558:  Executing command: ['/bin/mount', '-n', '-o', 'remount,private,rbind', '--target', '/var/lib/mock/redsleeve-local-9-armv6hl-bootstrap/root/var/lib/mock/redsleeve-local-9-armv6hl/root'] with env {'TERM': 'vt100', 'SHELL': '/bin/sh', 'HOME': '/builddir', 'HOSTNAME': 'mock', 'PATH': '/usr/bin:/bin:/usr/sbin:/sbin', 'LANG': 'C.UTF-8'} and shell False
DEBUG util.py:610:  Child return code was: 0
DEBUG util.py:636:  child environment: None
DEBUG util.py:553:  Using nspawn with args ['--capability=cap_ipc_lock', '--bind=/tmp/mock-resolv.524gza7b:/etc/resolv.conf']
DEBUG util.py:558:  Executing command: ['/usr/bin/systemd-nspawn', '-q', '-M', 'd52301ca1f9349d8b2f90ebe5a2c50f8', '-D', '/var/lib/mock/redsleeve-local-9-armv6hl-bootstrap/root', '-a', '--capability=cap_ipc_lock', '--bind=/tmp/mock-resolv.524gza7b:/etc/resolv.conf', '--console=pipe', '--setenv=TERM=vt100', '--setenv=SHELL=/bin/bash', '--setenv=HOME=/builddir', '--setenv=HOSTNAME=mock', '--setenv=PATH=/usr/bin:/bin:/usr/sbin:/sbin', '--setenv=PROMPT_COMMAND=printf "\\033]0;<mock-chroot>\\007"', '--setenv=PS1=<mock-chroot> \\s-\\v\\$ ', '--setenv=LANG=C.UTF-8', '--resolv-conf=off', '/bin/rpm', '-qa', '--root', '/var/lib/mock/redsleeve-local-9-armv6hl/root'] with env {'TERM': 'vt100', 'SHELL': '/bin/bash', 'HOME': '/builddir', 'HOSTNAME': 'mock', 'PATH': '/usr/bin:/bin:/usr/sbin:/sbin', 'PROMPT_COMMAND': 'printf "\\033]0;<mock-chroot>\\007"', 'PS1': '<mock-chroot> \\s-\\v\\$ ', 'LANG': 'C.UTF-8', 'SYSTEMD_NSPAWN_TMPFS_TMP': '0', 'SYSTEMD_SECCOMP': '0'} and shell False
DEBUG util.py:463:  gpg-pubkey-2f00d701-6317b177
DEBUG util.py:463:  rust-srpm-macros-17-4.el9.redsleeve.noarch
DEBUG util.py:463:  qt5-srpm-macros-5.15.9-1.el9.noarch
DEBUG util.py:463:  perl-srpm-macros-1-41.el9.noarch
DEBUG util.py:463:  openblas-srpm-macros-2-11.el9.redsleeve.noarch
DEBUG util.py:463:  ocaml-srpm-macros-6-6.el9.noarch
DEBUG util.py:463:  ghc-srpm-macros-1.5.0-6.el9.noarch
DEBUG util.py:463:  tzdata-2026c-1.el9_8.noarch
DEBUG util.py:463:  publicsuffix-list-dafsa-20210518-3.el9.noarch
DEBUG util.py:463:  pkgconf-m4-1.7.3-10.el9.noarch
DEBUG util.py:463:  pcre2-syntax-10.40-6.el9.noarch
DEBUG util.py:463:  ncurses-base-6.2-12.20210508.el9.noarch
DEBUG util.py:463:  libssh-config-0.10.4-18.el9.noarch
DEBUG util.py:463:  gawk-all-langpacks-5.1.0-6.el9.armv6hl
DEBUG util.py:463:  coreutils-common-8.32-41.el9_8.armv6hl
DEBUG util.py:463:  ncurses-libs-6.2-12.20210508.el9.armv6hl
DEBUG util.py:463:  redsleeve-release-9.8-0.el9.noarch
DEBUG util.py:463:  setup-2.13.7-10.el9.noarch
DEBUG util.py:463:  filesystem-3.16-5.el9.armv6hl
DEBUG util.py:463:  basesystem-11-13.el9.0.1.noarch
DEBUG util.py:463:  bash-5.1.8-9.el9.armv6hl
DEBUG util.py:463:  libgcc-11.5.0-14.el9.redsleeve.armv6hl
DEBUG util.py:463:  glibc-gconv-extra-2.34-275.el9_8.redsleeve.armv6hl
DEBUG util.py:463:  glibc-minimal-langpack-2.34-275.el9_8.redsleeve.armv6hl
DEBUG util.py:463:  glibc-common-2.34-275.el9_8.redsleeve.armv6hl
DEBUG util.py:463:  glibc-2.34-275.el9_8.redsleeve.armv6hl
DEBUG util.py:463:  crypto-policies-20260224-1.gitea0f072.el9.noarch
DEBUG util.py:463:  systemd-rpm-macros-252-67.el9_8.4.redsleeve.noarch
DEBUG util.py:463:  zlib-1.2.11-40.el9.armv6hl
DEBUG util.py:463:  xz-libs-5.2.5-8.el9.armv6hl
DEBUG util.py:463:  bzip2-libs-1.0.8-11.el9.armv6hl
DEBUG util.py:463:  libacl-2.4.0-1.el9_8.armv6hl
DEBUG util.py:463:  libzstd-1.5.5-1.el9.armv6hl
DEBUG util.py:463:  libxcrypt-4.4.18-3.el9.armv6hl
DEBUG util.py:463:  elfutils-libelf-0.194-1.el9.rocky.0.1.armv6hl
DEBUG util.py:463:  libcap-2.48-10.el9.1.armv6hl
DEBUG util.py:463:  libstdc++-11.5.0-14.el9.redsleeve.armv6hl
DEBUG util.py:463:  libuuid-2.37.4-25.el9.armv6hl
DEBUG util.py:463:  gmp-6.2.0-13.el9.armv6hl
DEBUG util.py:463:  lz4-libs-1.9.3-5.el9.armv6hl
DEBUG util.py:463:  popt-1.18-8.el9.armv6hl
DEBUG util.py:463:  libattr-2.5.1-3.el9.armv6hl
DEBUG util.py:463:  libcap-ng-0.8.2-7.el9.armv6hl
DEBUG util.py:463:  audit-libs-3.1.5-8.el9.armv6hl
DEBUG util.py:463:  libcom_err-1.46.5-8.el9.armv6hl
DEBUG util.py:463:  readline-8.1-4.el9.armv6hl
DEBUG util.py:463:  mpfr-4.1.0-10.el9.armv6hl
DEBUG util.py:463:  dwz-0.16-1.el9.armv6hl
DEBUG util.py:463:  unzip-6.0-60.el9_8.armv6hl
DEBUG util.py:463:  file-libs-5.39-17.el9.armv6hl
DEBUG util.py:463:  file-5.39-17.el9.armv6hl
DEBUG util.py:463:  sqlite-libs-3.34.1-10.el9_8.armv6hl
DEBUG util.py:463:  alternatives-1.24-2.el9.armv6hl
DEBUG util.py:463:  gdbm-libs-1.23-1.el9.armv6hl
DEBUG util.py:463:  libatomic-11.5.0-14.el9.redsleeve.armv6hl
DEBUG util.py:463:  libffi-3.4.2-8.el9.armv6hl
DEBUG util.py:463:  libsepol-3.6-3.el9.armv6hl
DEBUG util.py:463:  libsigsegv-2.13-4.el9.armv6hl
DEBUG util.py:463:  gawk-5.1.0-6.el9.armv6hl
DEBUG util.py:463:  libsmartcols-2.37.4-25.el9.armv6hl
DEBUG util.py:463:  libtasn1-4.16.0-10.el9_8.redsleeve.armv6hl
DEBUG util.py:463:  p11-kit-0.26.4-1.el9_8.armv6hl
DEBUG util.py:463:  libunistring-0.9.10-15.el9.armv6hl
DEBUG util.py:463:  libidn2-2.3.0-7.el9.armv6hl
DEBUG util.py:463:  lua-libs-5.4.4-4.el9.armv6hl
DEBUG util.py:463:  pcre2-10.40-6.el9.armv6hl
DEBUG util.py:463:  libselinux-3.6-3.el9.armv6hl
DEBUG util.py:463:  sed-4.8-10.el9_8.armv6hl
DEBUG util.py:463:  findutils-4.8.0-7.el9.armv6hl
DEBUG util.py:463:  libsemanage-3.6-5.el9.armv6hl
DEBUG util.py:463:  shadow-utils-4.9-16.el9.armv6hl
DEBUG util.py:463:  libutempter-1.2.1-6.el9.armv6hl
DEBUG util.py:463:  tar-1.34-11.el9.armv6hl
DEBUG util.py:463:  libpsl-0.21.1-5.el9.armv6hl
DEBUG util.py:463:  p11-kit-trust-0.26.4-1.el9_8.armv6hl
DEBUG util.py:463:  zip-3.0-35.el9.armv6hl
DEBUG util.py:463:  zstd-1.5.5-1.el9.armv6hl
DEBUG util.py:463:  groff-base-1.22.4-10.el9.armv6hl
DEBUG util.py:463:  acl-2.4.0-1.el9_8.armv6hl
DEBUG util.py:463:  bzip2-1.0.8-11.el9.armv6hl
DEBUG util.py:463:  libxml2-2.9.13-14.el9_8.2.armv6hl
DEBUG util.py:463:  info-6.7-15.el9.armv6hl
DEBUG util.py:463:  ed-1.14.2-12.el9.armv6hl
DEBUG util.py:463:  patch-2.7.6-16.el9.armv6hl
DEBUG util.py:463:  cpio-2.13-16.el9.armv6hl
DEBUG util.py:463:  diffutils-3.7-12.el9.armv6hl
DEBUG util.py:463:  expat-2.5.0-6.el9_8.1.armv6hl
DEBUG util.py:463:  json-c-0.14-11.el9.armv6hl
DEBUG util.py:463:  keyutils-libs-1.6.3-1.el9.armv6hl
DEBUG util.py:463:  libbrotli-1.0.9-9.el9.armv6hl
DEBUG util.py:463:  libdb-5.3.28-57.el9.armv6hl
DEBUG util.py:463:  libeconf-0.4.1-7.el9_8.armv6hl
DEBUG util.py:463:  libgomp-11.5.0-14.el9.redsleeve.armv6hl
DEBUG util.py:463:  libgpg-error-1.42-5.el9.armv6hl
DEBUG util.py:463:  libgcrypt-1.10.0-13.el9_8.armv6hl
DEBUG util.py:463:  libnghttp2-1.43.0-6.el9.1.armv6hl
DEBUG util.py:463:  libpkgconf-1.7.3-10.el9.armv6hl
DEBUG util.py:463:  pkgconf-1.7.3-10.el9.armv6hl
DEBUG util.py:463:  pkgconf-pkg-config-1.7.3-10.el9.armv6hl
DEBUG util.py:463:  libseccomp-2.5.2-2.el9.redsleeve.armv6hl
DEBUG util.py:463:  libtool-ltdl-2.4.6-46.el9.armv6hl
DEBUG util.py:463:  libverto-0.3.2-3.el9.armv6hl
DEBUG util.py:463:  ncurses-6.2-12.20210508.el9.armv6hl
DEBUG util.py:463:  pcre-8.44-4.el9.armv6hl
DEBUG util.py:463:  grep-3.6-5.el9.armv6hl
DEBUG util.py:463:  openssl-fips-provider-3.5.5-6.el9_8.armv6hl
DEBUG util.py:463:  openssl-libs-3.5.5-6.el9_8.armv6hl
DEBUG util.py:463:  coreutils-8.32-41.el9_8.armv6hl
DEBUG util.py:463:  ca-certificates-2025.2.80_v9.0.305-91.el9.noarch
DEBUG util.py:463:  libblkid-2.37.4-25.el9.armv6hl
DEBUG util.py:463:  systemd-libs-252-67.el9_8.4.redsleeve.armv6hl
DEBUG util.py:463:  libmount-2.37.4-25.el9.armv6hl
DEBUG util.py:463:  krb5-libs-1.21.1-10.el9_8.armv6hl
DEBUG util.py:463:  libfdisk-2.37.4-25.el9.armv6hl
DEBUG util.py:463:  gzip-1.12-1.el9.armv6hl
DEBUG util.py:463:  cracklib-2.9.6-28.el9.armv6hl
DEBUG util.py:463:  libarchive-3.5.3-9.el9.armv6hl
DEBUG util.py:463:  xz-5.2.5-8.el9.armv6hl
DEBUG util.py:463:  cracklib-dicts-2.9.6-28.el9.armv6hl
DEBUG util.py:463:  perl-Digest-1.19-4.el9.noarch
DEBUG util.py:463:  perl-Digest-MD5-2.58-4.el9.armv6hl
DEBUG util.py:463:  perl-B-1.80-483.el9.armv6hl
DEBUG util.py:463:  perl-FileHandle-2.03-483.el9.noarch
DEBUG util.py:463:  perl-Data-Dumper-2.174-462.el9.armv6hl
DEBUG util.py:463:  perl-libnet-3.13-4.el9.noarch
DEBUG util.py:463:  perl-AutoLoader-5.74-483.el9.noarch
DEBUG util.py:463:  perl-base-2.27-483.el9.noarch
DEBUG util.py:463:  perl-URI-5.09-3.el9.noarch
DEBUG util.py:463:  perl-if-0.60.800-483.el9.noarch
DEBUG util.py:463:  perl-IO-Socket-IP-0.41-5.el9.noarch
DEBUG util.py:463:  perl-Time-Local-1.300-7.el9.noarch
DEBUG util.py:463:  perl-File-Path-2.18-4.el9.noarch
DEBUG util.py:463:  perl-IO-Socket-SSL-2.073-2.el9.noarch
DEBUG util.py:463:  perl-Net-SSLeay-1.94-3.el9.armv6hl
DEBUG util.py:463:  perl-Pod-Escapes-1.07-460.el9.noarch
DEBUG util.py:463:  perl-Text-Tabs+Wrap-2013.0523-460.el9.noarch
DEBUG util.py:463:  perl-Mozilla-CA-20200520-6.el9.noarch
DEBUG util.py:463:  perl-Class-Struct-0.66-483.el9.noarch
DEBUG util.py:463:  perl-POSIX-1.94-483.el9.armv6hl
DEBUG util.py:463:  perl-Term-ANSIColor-5.01-461.el9.noarch
DEBUG util.py:463:  perl-IPC-Open3-1.21-483.el9.noarch
DEBUG util.py:463:  perl-subs-1.03-483.el9.noarch
DEBUG util.py:463:  perl-File-Temp-0.231.100-4.el9.noarch
DEBUG util.py:463:  perl-Term-Cap-1.17-460.el9.noarch
DEBUG util.py:463:  perl-Pod-Simple-3.42-4.el9.noarch
DEBUG util.py:463:  perl-HTTP-Tiny-0.076-462.el9.noarch
DEBUG util.py:463:  perl-Socket-2.031-4.el9.armv6hl
DEBUG util.py:463:  perl-SelectSaver-1.02-483.el9.noarch
DEBUG util.py:463:  perl-Symbol-1.08-483.el9.noarch
DEBUG util.py:463:  perl-File-stat-1.09-483.el9.noarch
DEBUG util.py:463:  perl-podlators-4.14-460.el9.noarch
DEBUG util.py:463:  perl-Pod-Perldoc-3.28.01-461.el9.noarch
DEBUG util.py:463:  perl-Fcntl-1.13-483.el9.armv6hl
DEBUG util.py:463:  perl-Text-ParseWords-3.30-460.el9.noarch
DEBUG util.py:463:  perl-mro-1.23-483.el9.armv6hl
DEBUG util.py:463:  perl-IO-1.43-483.el9.armv6hl
DEBUG util.py:463:  perl-overloading-0.02-483.el9.noarch
DEBUG util.py:463:  perl-Pod-Usage-2.01-4.el9.noarch
DEBUG util.py:463:  perl-Errno-1.30-483.el9.armv6hl
DEBUG util.py:463:  perl-File-Basename-2.85-483.el9.noarch
DEBUG util.py:463:  perl-Getopt-Std-1.12-483.el9.noarch
DEBUG util.py:463:  perl-MIME-Base64-3.16-4.el9.armv6hl
DEBUG util.py:463:  perl-Scalar-List-Utils-1.56-462.el9.armv6hl
DEBUG util.py:463:  perl-constant-1.33-461.el9.noarch
DEBUG util.py:463:  perl-Storable-3.21-460.el9.armv6hl
DEBUG util.py:463:  perl-overload-1.31-483.el9.noarch
DEBUG util.py:463:  perl-parent-0.238-460.el9.noarch
DEBUG util.py:463:  perl-vars-1.05-483.el9.noarch
DEBUG util.py:463:  perl-Getopt-Long-2.52-4.el9.noarch
DEBUG util.py:463:  perl-Carp-1.50-460.el9.noarch
DEBUG util.py:463:  perl-Exporter-5.74-461.el9.noarch
DEBUG util.py:463:  perl-NDBM_File-1.15-483.el9.armv6hl
DEBUG util.py:463:  perl-PathTools-3.78-461.el9.armv6hl
DEBUG util.py:463:  perl-Encode-3.08-462.el9.armv6hl
DEBUG util.py:463:  perl-libs-5.32.1-483.el9.armv6hl
DEBUG util.py:463:  perl-interpreter-5.32.1-483.el9.armv6hl
DEBUG util.py:463:  kernel-srpm-macros-1.0-14.el9.noarch
DEBUG util.py:463:  cyrus-sasl-lib-2.1.27-22.el9.armv6hl
DEBUG util.py:463:  libssh-0.10.4-18.el9.armv6hl
DEBUG util.py:463:  util-linux-core-2.37.4-25.el9.armv6hl
DEBUG util.py:463:  openssl-3.5.5-6.el9_8.armv6hl
DEBUG util.py:463:  libpwquality-1.4.4-8.el9.armv6hl
DEBUG util.py:463:  pam-1.5.1-28.el9.armv6hl
DEBUG util.py:463:  util-linux-2.37.4-25.el9.armv6hl
DEBUG util.py:463:  kmod-libs-28-11.el9.armv6hl
DEBUG util.py:463:  dbus-1.12.20-8.el9.armv6hl
DEBUG util.py:463:  systemd-pam-252-67.el9_8.4.redsleeve.armv6hl
DEBUG util.py:463:  systemd-252-67.el9_8.4.redsleeve.armv6hl
DEBUG util.py:463:  dbus-common-1.12.20-8.el9.noarch
DEBUG util.py:463:  dbus-broker-28-8.el9.armv6hl
DEBUG util.py:463:  elfutils-default-yama-scope-0.194-1.el9.rocky.0.1.noarch
DEBUG util.py:463:  elfutils-libs-0.194-1.el9.rocky.0.1.armv6hl
DEBUG util.py:463:  libevent-2.1.12-8.el9.armv6hl
DEBUG util.py:463:  openldap-2.6.8-4.el9.0.1.armv6hl
DEBUG util.py:463:  libcurl-7.76.1-40.el9.armv6hl
DEBUG util.py:463:  elfutils-debuginfod-client-0.194-1.el9.rocky.0.1.armv6hl
DEBUG util.py:463:  binutils-gold-2.35.2-72.el9.redsleeve.armv6hl
DEBUG util.py:463:  binutils-2.35.2-72.el9.redsleeve.armv6hl
DEBUG util.py:463:  elfutils-0.194-1.el9.rocky.0.1.armv6hl
DEBUG util.py:463:  gdb-minimal-16.3-3.el9.armv6hl
DEBUG util.py:463:  debugedit-5.0-11.el9.armv6hl
DEBUG util.py:463:  curl-7.76.1-40.el9.armv6hl
DEBUG util.py:463:  rpm-4.16.1.3-40.el9.armv6hl
DEBUG util.py:463:  rpm-libs-4.16.1.3-40.el9.armv6hl
DEBUG util.py:463:  efi-srpm-macros-6-4.el9.noarch
DEBUG util.py:463:  lua-srpm-macros-1-6.el9.noarch
DEBUG util.py:463:  rpm-build-libs-4.16.1.3-40.el9.armv6hl
DEBUG util.py:463:  fonts-srpm-macros-2.0.5-7.el9.1.noarch
DEBUG util.py:463:  go-srpm-macros-3.8.1-1.el9.redsleeve.noarch
DEBUG util.py:463:  python-srpm-macros-3.9-54.el9.noarch
DEBUG util.py:463:  redhat-rpm-config-210-1.el9.redsleeve.noarch
DEBUG util.py:463:  rpm-build-4.16.1.3-40.el9.armv6hl
DEBUG util.py:463:  pyproject-srpm-macros-1.18.5-1.el9.noarch
DEBUG util.py:463:  which-2.21-30.el9.armv6hl
DEBUG util.py:463:  perl-File-Find-1.37-483.el9.noarch
DEBUG util.py:463:  perl-File-Copy-2.34-483.el9.noarch
DEBUG util.py:463:  perl-ExtUtils-Manifest-1.73-4.el9.noarch
DEBUG util.py:463:  perl-DynaLoader-1.47-483.el9.armv6hl
DEBUG util.py:463:  perl-lib-0.65-483.el9.armv6hl
DEBUG util.py:463:  perl-File-Compare-1.100.600-483.el9.noarch
DEBUG util.py:463:  perl-ExtUtils-ParseXS-3.40-460.el9.noarch
DEBUG util.py:463:  zlib-devel-1.2.11-40.el9.armv6hl
DEBUG util.py:463:  perl-meta-notation-5.32.1-483.el9.noarch
DEBUG util.py:463:  perl-locale-1.09-483.el9.noarch
DEBUG util.py:463:  perl-Tie-4.6-483.el9.noarch
DEBUG util.py:463:  perl-Term-ReadLine-1.17-483.el9.noarch
DEBUG util.py:463:  perl-Perl-OSType-1.010-461.el9.noarch
DEBUG util.py:463:  perl-Module-Load-0.36-4.el9.noarch
DEBUG util.py:463:  kernel-headers-5.14.0-687.29.1.el9_8.redsleeve.armv6hl
DEBUG util.py:463:  libxcrypt-devel-4.4.18-3.el9.armv6hl
DEBUG util.py:463:  glibc-devel-2.34-275.el9_8.redsleeve.armv6hl
DEBUG util.py:463:  perl-Pod-Html-1.25-483.el9.noarch
DEBUG util.py:463:  perl-ExtUtils-Command-7.60-3.el9.noarch
DEBUG util.py:463:  python-rpm-macros-3.9-54.el9.noarch
DEBUG util.py:463:  perl-doc-5.32.1-483.el9.noarch
DEBUG util.py:463:  perl-autouse-1.11-483.el9.noarch
DEBUG util.py:463:  perl-User-pwent-1.03-483.el9.noarch
DEBUG util.py:463:  perl-Tie-RefHash-1.40-4.el9.noarch
DEBUG util.py:463:  perl-Text-Balanced-2.04-4.el9.noarch
DEBUG util.py:463:  perl-Sub-Install-0.928-28.el9.noarch
DEBUG util.py:463:  perl-SelfLoader-1.26-483.el9.noarch
DEBUG util.py:463:  perl-Math-Complex-1.59-483.el9.noarch
DEBUG util.py:463:  perl-Math-BigInt-1.9998.18-460.el9.noarch
DEBUG util.py:463:  perl-JSON-PP-4.06-4.el9.noarch
DEBUG util.py:463:  perl-Math-BigRat-0.2614-460.el9.noarch
DEBUG util.py:463:  perl-I18N-LangTags-0.44-483.el9.noarch
DEBUG util.py:463:  perl-Locale-Maketext-1.29-461.el9.noarch
DEBUG util.py:463:  perl-Locale-Maketext-Simple-0.21-483.el9.noarch
DEBUG util.py:463:  perl-Params-Check-0.38-461.el9.noarch
DEBUG util.py:463:  perl-ExtUtils-MM-Utils-7.60-3.el9.noarch
DEBUG util.py:463:  perl-ExtUtils-Constant-0.25-483.el9.noarch
DEBUG util.py:463:  perl-DirHandle-1.05-483.el9.noarch
DEBUG util.py:463:  perl-CPAN-Meta-YAML-0.018-461.el9.noarch
DEBUG util.py:463:  perl-Benchmark-1.23-483.el9.noarch
DEBUG util.py:463:  perl-AutoSplit-5.74-483.el9.noarch
DEBUG util.py:463:  libzstd-devel-1.5.5-1.el9.armv6hl
DEBUG util.py:463:  elfutils-libelf-devel-0.194-1.el9.rocky.0.1.armv6hl
DEBUG util.py:463:  perl-bignum-0.51-460.el9.noarch
DEBUG util.py:463:  perl-Devel-SelfStubber-1.06-483.el9.noarch
DEBUG util.py:463:  python3-rpm-macros-3.9-54.el9.noarch
DEBUG util.py:463:  libcap-ng-devel-0.8.2-7.el9.armv6hl
DEBUG util.py:463:  perl-Env-1.04-460.el9.noarch
DEBUG util.py:463:  perl-sigtrap-1.09-483.el9.noarch
DEBUG util.py:463:  perl-vmsish-1.04-483.el9.noarch
DEBUG util.py:463:  perl-utils-5.32.1-483.el9.noarch
DEBUG util.py:463:  perl-sort-2.04-483.el9.noarch
DEBUG util.py:463:  perl-ph-5.32.1-483.el9.armv6hl
DEBUG util.py:463:  perl-perlfaq-5.20210520-1.el9.noarch
DEBUG util.py:463:  perl-macros-5.32.1-483.el9.noarch
DEBUG util.py:463:  perl-local-lib-2.000024-13.el9.noarch
DEBUG util.py:463:  perl-less-0.03-483.el9.noarch
DEBUG util.py:463:  perl-filetest-1.03-483.el9.noarch
DEBUG util.py:463:  perl-encoding-warnings-0.13-483.el9.noarch
DEBUG util.py:463:  perl-diagnostics-1.37-483.el9.noarch
DEBUG util.py:463:  perl-deprecate-0.04-483.el9.noarch
DEBUG util.py:463:  perl-blib-1.07-483.el9.noarch
DEBUG util.py:463:  perl-Time-1.03-483.el9.noarch
DEBUG util.py:463:  perl-Tie-Memoize-1.1-483.el9.noarch
DEBUG util.py:463:  perl-Tie-File-1.06-483.el9.noarch
DEBUG util.py:463:  perl-Text-Template-1.59-5.el9.noarch
DEBUG util.py:463:  perl-Text-Glob-0.11-15.el9.noarch
DEBUG util.py:463:  perl-Text-Abbrev-1.02-483.el9.noarch
DEBUG util.py:463:  perl-Test-1.31-483.el9.noarch
DEBUG util.py:463:  perl-Term-Size-Perl-0.031-12.el9.armv6hl
DEBUG util.py:463:  perl-Term-Size-Any-0.002-35.el9.noarch
DEBUG util.py:463:  perl-Term-Complete-1.403-483.el9.noarch
DEBUG util.py:463:  perl-Search-Dict-1.07-483.el9.noarch
DEBUG util.py:463:  perl-Pod-Functions-1.13-483.el9.noarch
DEBUG util.py:463:  perl-Pod-Checker-1.74-4.el9.noarch
DEBUG util.py:463:  perl-PerlIO-via-QuotedPrint-0.09-4.el9.noarch
DEBUG util.py:463:  perl-Package-Generator-1.106-23.el9.noarch
DEBUG util.py:463:  perl-Object-HashBase-0.009-7.el9.noarch
DEBUG util.py:463:  perl-Net-1.02-483.el9.noarch
DEBUG util.py:463:  perl-NEXT-0.67-483.el9.noarch
DEBUG util.py:463:  perl-Module-Loaded-0.08-483.el9.noarch
DEBUG util.py:463:  perl-Memoize-1.03-483.el9.noarch
DEBUG util.py:463:  perl-MRO-Compat-0.13-15.el9.noarch
DEBUG util.py:463:  perl-MIME-Charset-1.012.2-15.el9.noarch
DEBUG util.py:463:  perl-Importer-0.026-4.el9.noarch
DEBUG util.py:463:  perl-IPC-System-Simple-1.30-6.el9.noarch
DEBUG util.py:463:  perl-autodie-2.34-4.el9.noarch
DEBUG util.py:463:  perl-I18N-Collate-1.02-483.el9.noarch
DEBUG util.py:463:  perl-FindBin-1.51-483.el9.noarch
DEBUG util.py:463:  perl-FileCache-1.10-483.el9.noarch
DEBUG util.py:463:  perl-File-Which-1.23-10.el9.noarch
DEBUG util.py:463:  perl-File-HomeDir-1.006-4.el9.noarch
DEBUG util.py:463:  perl-English-1.11-483.el9.noarch
DEBUG util.py:463:  perl-Config-Perl-V-0.33-4.el9.noarch
DEBUG util.py:463:  perl-Config-Extensions-0.03-483.el9.noarch
DEBUG util.py:463:  perl-CPAN-DistnameInfo-0.12-23.el9.noarch
DEBUG util.py:463:  perl-Attribute-Handlers-1.01-483.el9.noarch
DEBUG util.py:463:  perl-Algorithm-Diff-1.2010-4.el9.noarch
DEBUG util.py:463:  perl-Text-Diff-1.45-13.el9.noarch
DEBUG util.py:463:  llvm-filesystem-21.1.8-2.el9.redsleeve.armv6hl
DEBUG util.py:463:  xz-devel-5.2.5-8.el9.armv6hl
DEBUG util.py:463:  python3-setuptools-wheel-53.0.0-15.el9.noarch
DEBUG util.py:463:  python3-pip-wheel-21.3.1-2.el9_8.rocky.0.1.noarch
DEBUG util.py:463:  libstdc++-devel-11.5.0-14.el9.redsleeve.armv6hl
DEBUG util.py:463:  hwdata-0.348-9.22.el9.noarch
DEBUG util.py:463:  perl-version-0.99.28-4.el9.armv6hl
DEBUG util.py:463:  perl-Time-HiRes-1.9764-462.el9.armv6hl
DEBUG util.py:463:  perl-CPAN-Meta-Requirements-2.140-461.el9.noarch
DEBUG util.py:463:  perl-CPAN-Meta-2.150010-460.el9.noarch
DEBUG util.py:463:  perl-threads-2.25-460.el9.armv6hl
DEBUG util.py:463:  perl-threads-shared-1.61-460.el9.0.1.armv6hl
DEBUG util.py:463:  perl-Compress-Raw-Zlib-2.101-5.el9.armv6hl
DEBUG util.py:463:  perl-Test-Harness-3.42-461.el9.noarch
DEBUG util.py:463:  perl-Module-CoreList-5.20240609-1.el9.noarch
DEBUG util.py:463:  perl-Module-Metadata-1.000037-460.el9.noarch
DEBUG util.py:463:  perl-Module-Load-Conditional-0.74-4.el9.noarch
DEBUG util.py:463:  perl-IPC-Cmd-1.04-461.el9.noarch
DEBUG util.py:463:  perl-Unicode-Normalize-1.27-461.el9.armv6hl
DEBUG util.py:463:  perl-Digest-SHA-6.02-461.el9.armv6hl
DEBUG util.py:463:  perl-Devel-Peek-1.28-483.el9.armv6hl
DEBUG util.py:463:  m4-1.4.19-1.el9.armv6hl
DEBUG util.py:463:  libmpc-1.2.1-4.el9.armv6hl
DEBUG util.py:463:  perl-Dumpvalue-2.27-483.el9.noarch
DEBUG util.py:463:  perl-Net-Ping-2.74-5.el9.noarch
DEBUG util.py:463:  python3-libs-3.9.25-7.el9_8.2.redsleeve.armv6hl
DEBUG util.py:463:  python3-3.9.25-7.el9_8.2.redsleeve.armv6hl
DEBUG util.py:463:  python-unversioned-command-3.9.25-7.el9_8.2.redsleeve.noarch
DEBUG util.py:463:  python3-pyparsing-2.4.7-9.el9.noarch
DEBUG util.py:463:  python3-setuptools-53.0.0-15.el9.noarch
DEBUG util.py:463:  perl-TermReadKey-2.38-11.el9.armv6hl
DEBUG util.py:463:  perl-Sys-Hostname-1.23-483.el9.armv6hl
DEBUG util.py:463:  perl-Params-Util-1.102-5.el9.armv6hl
DEBUG util.py:463:  perl-Opcode-1.48-483.el9.armv6hl
DEBUG util.py:463:  perl-Safe-2.41-483.el9.noarch
DEBUG util.py:463:  perl-I18N-Langinfo-0.19-483.el9.armv6hl
DEBUG util.py:463:  perl-Hash-Util-FieldHash-1.20-483.el9.armv6hl
DEBUG util.py:463:  perl-Hash-Util-0.23-483.el9.armv6hl
DEBUG util.py:463:  perl-Devel-PPPort-3.62-4.el9.armv6hl
DEBUG util.py:463:  perl-Compress-Raw-Bzip2-2.101-5.el9.armv6hl
DEBUG util.py:463:  perl-IO-Compress-2.102-4.el9_8.1.noarch
DEBUG util.py:463:  perl-IO-Zlib-1.11-4.el9.noarch
DEBUG util.py:463:  slang-2.3.2-11.el9.armv6hl
DEBUG util.py:463:  pciutils-libs-3.7.0-7.el9.armv6hl
DEBUG util.py:463:  make-4.3-8.el9.armv6hl
DEBUG util.py:463:  slang-devel-2.3.2-11.el9.armv6hl
DEBUG util.py:463:  perl-DBM_Filter-0.06-483.el9.noarch
DEBUG util.py:463:  perl-fields-2.27-483.el9.noarch
DEBUG util.py:463:  perl-Encode-Locale-1.05-21.el9.noarch
DEBUG util.py:463:  perl-Data-OptList-0.110-17.el9.noarch
DEBUG util.py:463:  perl-Sub-Exporter-0.987-27.el9.noarch
DEBUG util.py:463:  perl-Data-Section-0.200007-14.el9.noarch
DEBUG util.py:463:  perl-Software-License-0.103014-12.el9.noarch
DEBUG util.py:463:  python3-pip-21.3.1-2.el9_8.rocky.0.1.noarch
DEBUG util.py:463:  python3-packaging-20.9-5.el9.noarch
DEBUG util.py:463:  python3-rpm-generators-12-9.el9.noarch
DEBUG util.py:463:  systemtap-sdt-dtrace-5.4-4.el9.armv6hl
DEBUG util.py:463:  systemtap-sdt-devel-5.4-4.el9.armv6hl
DEBUG util.py:463:  perl-debugger-1.56-483.el9.noarch
DEBUG util.py:463:  perl-Unicode-UCD-0.75-483.el9.noarch
DEBUG util.py:463:  perl-File-Fetch-1.00-4.el9.noarch
DEBUG util.py:463:  perl-Module-CoreList-tools-5.20240609-1.el9.noarch
DEBUG util.py:463:  perl-Archive-Zip-1.68-6.el9.noarch
DEBUG util.py:463:  perl-Thread-3.05-483.el9.noarch
DEBUG util.py:463:  perl-Thread-Queue-3.14-460.el9.noarch
DEBUG util.py:463:  perl-Thread-Semaphore-2.13-483.el9.noarch
DEBUG util.py:463:  perl-experimental-0.022-6.el9.noarch
DEBUG util.py:463:  pciutils-3.7.0-7.el9.armv6hl
DEBUG util.py:463:  newt-0.52.21-11.el9.armv6hl
DEBUG util.py:463:  cpp-11.5.0-14.el9.redsleeve.armv6hl
DEBUG util.py:463:  perl-Unicode-Collate-1.29-4.el9.armv6hl
DEBUG util.py:463:  perl-Math-BigInt-FastCalc-0.500.900-460.el9.armv6hl
DEBUG util.py:463:  perl-Digest-SHA1-2.13-34.el9.armv6hl
DEBUG util.py:463:  perl-Time-Piece-1.3401-483.el9.armv6hl
DEBUG util.py:463:  perl-Sys-Syslog-0.36-461.el9.armv6hl
DEBUG util.py:463:  perl-ODBM_File-1.16-483.el9.armv6hl
DEBUG util.py:463:  perl-IPC-SysV-2.09-4.el9.armv6hl
DEBUG util.py:463:  perl-GDBM_File-1.18-483.el9.armv6hl
DEBUG util.py:463:  perl-File-DosGlob-1.12-483.el9.armv6hl
DEBUG util.py:463:  perl-Devel-Size-0.83-10.el9.armv6hl
DEBUG util.py:463:  perl-DB_File-1.855-4.el9.armv6hl
DEBUG util.py:463:  perl-Compress-Raw-Lzma-2.101-3.el9.armv6hl
DEBUG util.py:463:  perl-IO-Compress-Lzma-2.101-4.el9.noarch
DEBUG util.py:463:  perl-Archive-Tar-2.38-6.el9_8.2.noarch
DEBUG util.py:463:  perl-Compress-Bzip2-2.28-5.el9.armv6hl
DEBUG util.py:463:  libdatrie-0.2.13-4.el9.armv6hl
DEBUG util.py:463:  libthai-0.1.28-8.el9.armv6hl
DEBUG util.py:463:  sombok-2.4.0-16.el9.armv6hl
DEBUG util.py:463:  perl-Unicode-LineBreak-2019.001-11.el9.armv6hl
DEBUG util.py:463:  perl-Term-Table-0.015-8.el9.noarch
DEBUG util.py:463:  perl-Test-Simple-1.302183-4.el9.noarch
DEBUG util.py:463:  npth-1.6-8.el9.armv6hl
DEBUG util.py:463:  nettle-3.10.1-1.el9.armv6hl
DEBUG util.py:463:  gnutls-3.8.10-8.el9_8.armv6hl
DEBUG util.py:463:  ncurses-c++-libs-6.2-12.20210508.el9.armv6hl
DEBUG util.py:463:  libubsan-11.5.0-14.el9.redsleeve.armv6hl
DEBUG util.py:463:  libksba-1.5.1-7.el9.armv6hl
DEBUG util.py:463:  libkcapi-1.4.0-2.el9.armv6hl
DEBUG util.py:463:  libedit-3.1-39.20210216cvs.el9.armv6hl
DEBUG util.py:463:  llvm-libs-21.1.8-2.el9.redsleeve.armv6hl
DEBUG util.py:463:  libassuan-2.5.5-3.el9.armv6hl
DEBUG util.py:463:  gnupg2-2.3.3-5.el9.armv6hl
DEBUG util.py:463:  perl-Module-Signature-0.88-1.el9.noarch
DEBUG util.py:463:  libasan-11.5.0-14.el9.redsleeve.armv6hl
DEBUG util.py:463:  gcc-11.5.0-14.el9.redsleeve.armv6hl
DEBUG util.py:463:  perl-devel-5.32.1-483.el9.armv6hl
DEBUG util.py:463:  perl-ExtUtils-Install-2.20-4.el9.noarch
DEBUG util.py:463:  perl-ExtUtils-MakeMaker-7.60-3.el9.noarch
DEBUG util.py:463:  perl-Filter-1.60-4.el9.armv6hl
DEBUG util.py:463:  perl-encoding-3.00-462.el9.armv6hl
DEBUG util.py:463:  perl-ExtUtils-Embed-1.35-483.el9.noarch
DEBUG util.py:463:  perl-ExtUtils-Miniperl-1.09-483.el9.noarch
DEBUG util.py:463:  perl-open-1.12-483.el9.noarch
DEBUG util.py:463:  perl-Filter-Simple-0.96-460.el9.noarch
DEBUG util.py:463:  perl-libnetcfg-5.32.1-483.el9.noarch
DEBUG util.py:463:  perl-inc-latest-0.500-20.el9.noarch
DEBUG util.py:463:  perl-Encode-devel-3.08-462.el9.armv6hl
DEBUG util.py:463:  gcc-c++-11.5.0-14.el9.redsleeve.armv6hl
DEBUG util.py:463:  perl-ExtUtils-CBuilder-0.280236-5.el9.noarch
DEBUG util.py:463:  perl-Module-Build-0.42.31-9.el9.noarch
DEBUG util.py:463:  perl-CPAN-2.29-5.el9.noarch
DEBUG util.py:463:  perl-5.32.1-483.el9.armv6hl
DEBUG util.py:463:  gettext-libs-0.21-8.el9.armv6hl
DEBUG util.py:463:  ncurses-devel-6.2-12.20210508.el9.armv6hl
DEBUG util.py:463:  newt-devel-0.52.21-11.el9.armv6hl
DEBUG util.py:463:  pciutils-devel-3.7.0-7.el9.armv6hl
DEBUG util.py:463:  python3-devel-3.9.25-7.el9_8.2.redsleeve.armv6hl
DEBUG util.py:463:  elfutils-devel-0.194-1.el9.rocky.0.1.armv6hl
DEBUG util.py:463:  audit-libs-devel-3.1.5-8.el9.armv6hl
DEBUG util.py:463:  binutils-devel-2.35.2-72.el9.redsleeve.armv6hl
DEBUG util.py:463:  openssl-devel-3.5.5-6.el9_8.armv6hl
DEBUG util.py:463:  gettext-0.21-8.el9.armv6hl
DEBUG util.py:463:  gcc-plugin-annobin-11.5.0-14.el9.redsleeve.armv6hl
DEBUG util.py:463:  annobin-12.98-2.el9.armv6hl
DEBUG util.py:463:  libkcapi-hmaccalc-1.4.0-2.el9.armv6hl
DEBUG util.py:463:  bison-3.7.4-5.el9.armv6hl
DEBUG util.py:463:  flex-2.6.4-9.el9.armv6hl
DEBUG util.py:463:  net-tools-2.0-0.64.20160912git.el9.armv6hl
DEBUG util.py:463:  kmod-28-11.el9.armv6hl
DEBUG util.py:463:  hostname-3.23-6.el9.armv6hl
DEBUG util.py:463:  bc-1.07.1-14.el9.armv6hl
DEBUG util.py:610:  Child return code was: 0
DEBUG util.py:185:  kill orphans in chroot /var/lib/mock/redsleeve-local-9-armv6hl/root
DEBUG util.py:185:  kill orphans in chroot /var/lib/mock/redsleeve-local-9-armv6hl-bootstrap/root/var/lib/mock/redsleeve-local-9-armv6hl/root
DEBUG util.py:636:  child environment: None
DEBUG util.py:558:  Executing command: ['/bin/umount', '-n', '-l', '/var/lib/mock/redsleeve-local-9-armv6hl-bootstrap/root/var/lib/mock/redsleeve-local-9-armv6hl/root'] with env {'TERM': 'vt100', 'SHELL': '/bin/sh', 'HOME': '/builddir', 'HOSTNAME': 'mock', 'PATH': '/usr/bin:/bin:/usr/sbin:/sbin', 'LANG': 'C.UTF-8'} and shell False
DEBUG util.py:610:  Child return code was: 0
DEBUG util.py:636:  child environment: None
DEBUG util.py:558:  Executing command: ['/bin/umount', '-n', '-l', '/var/lib/mock/redsleeve-local-9-armv6hl-bootstrap/root/var/lib/mock/redsleeve-local-9-armv6hl/root'] with env {'TERM': 'vt100', 'SHELL': '/bin/sh', 'HOME': '/builddir', 'HOSTNAME': 'mock', 'PATH': '/usr/bin:/bin:/usr/sbin:/sbin', 'LANG': 'C.UTF-8'} and shell False
DEBUG util.py:610:  Child return code was: 0
DEBUG util.py:636:  child environment: None
DEBUG file_util.py:17:  ensuring that dir exists: /var/lib/mock/redsleeve-local-9-armv6hl/root/proc
DEBUG util.py:636:  child environment: None
DEBUG util.py:558:  Executing command: ['/bin/mount', '-n', '-t', 'tmpfs', '-o', 'rprivate,mode=0755', 'tmpfs', '/var/lib/mock/redsleeve-local-9-armv6hl/root/proc'] with env {'TERM': 'vt100', 'SHELL': '/bin/sh', 'HOME': '/builddir', 'HOSTNAME': 'mock', 'PATH': '/usr/bin:/bin:/usr/sbin:/sbin', 'LANG': 'C.UTF-8'} and shell False
DEBUG util.py:610:  Child return code was: 0
DEBUG file_util.py:17:  ensuring that dir exists: /var/lib/mock/redsleeve-local-9-armv6hl/root/proc
DEBUG util.py:636:  child environment: None
DEBUG util.py:558:  Executing command: ['/bin/mount', '-n', '-o', 'rbind', '/proc', '/var/lib/mock/redsleeve-local-9-armv6hl/root/proc'] with env {'TERM': 'vt100', 'SHELL': '/bin/sh', 'HOME': '/builddir', 'HOSTNAME': 'mock', 'PATH': '/usr/bin:/bin:/usr/sbin:/sbin', 'LANG': 'C.UTF-8'} and shell False
DEBUG util.py:610:  Child return code was: 0
DEBUG util.py:636:  child environment: None
DEBUG util.py:558:  Executing command: ['/bin/mount', '-n', '-o', 'remount,nodev,noexec,nosuid,readonly,rprivate,rbind', '--target', '/var/lib/mock/redsleeve-local-9-armv6hl/root/proc'] with env {'TERM': 'vt100', 'SHELL': '/bin/sh', 'HOME': '/builddir', 'HOSTNAME': 'mock', 'PATH': '/usr/bin:/bin:/usr/sbin:/sbin', 'LANG': 'C.UTF-8'} and shell False
DEBUG util.py:610:  Child return code was: 0
DEBUG file_util.py:17:  ensuring that dir exists: /var/lib/mock/redsleeve-local-9-armv6hl/root/sys
DEBUG util.py:636:  child environment: None
DEBUG util.py:558:  Executing command: ['/bin/mount', '-n', '-t', 'tmpfs', '-o', 'rprivate,mode=0755', 'tmpfs', '/var/lib/mock/redsleeve-local-9-armv6hl/root/sys'] with env {'TERM': 'vt100', 'SHELL': '/bin/sh', 'HOME': '/builddir', 'HOSTNAME': 'mock', 'PATH': '/usr/bin:/bin:/usr/sbin:/sbin', 'LANG': 'C.UTF-8'} and shell False
DEBUG util.py:610:  Child return code was: 0
DEBUG file_util.py:17:  ensuring that dir exists: /var/lib/mock/redsleeve-local-9-armv6hl/root/sys
DEBUG util.py:636:  child environment: None
DEBUG util.py:558:  Executing command: ['/bin/mount', '-n', '-o', 'rbind', '/sys', '/var/lib/mock/redsleeve-local-9-armv6hl/root/sys'] with env {'TERM': 'vt100', 'SHELL': '/bin/sh', 'HOME': '/builddir', 'HOSTNAME': 'mock', 'PATH': '/usr/bin:/bin:/usr/sbin:/sbin', 'LANG': 'C.UTF-8'} and shell False
DEBUG util.py:610:  Child return code was: 0
DEBUG util.py:636:  child environment: None
DEBUG util.py:558:  Executing command: ['/bin/mount', '-n', '-o', 'remount,nodev,noexec,nosuid,readonly,rprivate,rbind', '--target', '/var/lib/mock/redsleeve-local-9-armv6hl/root/sys'] with env {'TERM': 'vt100', 'SHELL': '/bin/sh', 'HOME': '/builddir', 'HOSTNAME': 'mock', 'PATH': '/usr/bin:/bin:/usr/sbin:/sbin', 'LANG': 'C.UTF-8'} and shell False
DEBUG util.py:610:  Child return code was: 0
DEBUG file_util.py:17:  ensuring that dir exists: /var/lib/mock/redsleeve-local-9-armv6hl/root/dev/shm
DEBUG util.py:636:  child environment: None
DEBUG util.py:558:  Executing command: ['/bin/mount', '-n', '-t', 'tmpfs', 'tmpfs', '/var/lib/mock/redsleeve-local-9-armv6hl/root/dev/shm'] with env {'TERM': 'vt100', 'SHELL': '/bin/sh', 'HOME': '/builddir', 'HOSTNAME': 'mock', 'PATH': '/usr/bin:/bin:/usr/sbin:/sbin', 'LANG': 'C.UTF-8'} and shell False
DEBUG util.py:610:  Child return code was: 0
DEBUG file_util.py:17:  ensuring that dir exists: /var/lib/mock/redsleeve-local-9-armv6hl/root/dev/pts
DEBUG util.py:636:  child environment: None
DEBUG util.py:558:  Executing command: ['/bin/mount', '-n', '-t', 'devpts', '-o', 'gid=5,mode=0620,ptmxmode=0666,newinstance', 'devpts', '/var/lib/mock/redsleeve-local-9-armv6hl/root/dev/pts'] with env {'TERM': 'vt100', 'SHELL': '/bin/sh', 'HOME': '/builddir', 'HOSTNAME': 'mock', 'PATH': '/usr/bin:/bin:/usr/sbin:/sbin', 'LANG': 'C.UTF-8'} and shell False
DEBUG util.py:610:  Child return code was: 0
DEBUG file_util.py:17:  ensuring that dir exists: /var/lib/mock/redsleeve-local-9-armv6hl-bootstrap/root/var/lib/mock/redsleeve-local-9-armv6hl/root
DEBUG util.py:636:  child environment: None
DEBUG util.py:558:  Executing command: ['/bin/mount', '-n', '-t', 'tmpfs', '-o', 'private,mode=0755', 'tmpfs', '/var/lib/mock/redsleeve-local-9-armv6hl-bootstrap/root/var/lib/mock/redsleeve-local-9-armv6hl/root'] with env {'TERM': 'vt100', 'SHELL': '/bin/sh', 'HOME': '/builddir', 'HOSTNAME': 'mock', 'PATH': '/usr/bin:/bin:/usr/sbin:/sbin', 'LANG': 'C.UTF-8'} and shell False
DEBUG util.py:610:  Child return code was: 0
DEBUG file_util.py:17:  ensuring that dir exists: /var/lib/mock/redsleeve-local-9-armv6hl-bootstrap/root/var/lib/mock/redsleeve-local-9-armv6hl/root
DEBUG util.py:636:  child environment: None
DEBUG util.py:558:  Executing command: ['/bin/mount', '-n', '-o', 'rbind', '/var/lib/mock/redsleeve-local-9-armv6hl/root', '/var/lib/mock/redsleeve-local-9-armv6hl-bootstrap/root/var/lib/mock/redsleeve-local-9-armv6hl/root'] with env {'TERM': 'vt100', 'SHELL': '/bin/sh', 'HOME': '/builddir', 'HOSTNAME': 'mock', 'PATH': '/usr/bin:/bin:/usr/sbin:/sbin', 'LANG': 'C.UTF-8'} and shell False
DEBUG util.py:610:  Child return code was: 0
DEBUG util.py:636:  child environment: None
DEBUG util.py:558:  Executing command: ['/bin/mount', '-n', '-o', 'remount,private,rbind', '--target', '/var/lib/mock/redsleeve-local-9-armv6hl-bootstrap/root/var/lib/mock/redsleeve-local-9-armv6hl/root'] with env {'TERM': 'vt100', 'SHELL': '/bin/sh', 'HOME': '/builddir', 'HOSTNAME': 'mock', 'PATH': '/usr/bin:/bin:/usr/sbin:/sbin', 'LANG': 'C.UTF-8'} and shell False
DEBUG util.py:610:  Child return code was: 0
DEBUG file_util.py:17:  ensuring that dir exists: /var/lib/mock/redsleeve-local-9-armv6hl/root/installation-homedir
DEBUG package_manager.py:295:  ['/usr/bin/dnf-3', 'builddep', '--installroot', '/var/lib/mock/redsleeve-local-9-armv6hl/root/', '--releasever', '9', '--setopt=deltarpm=False', '--setopt=allow_vendor_change=yes', '--allowerasing', '--disableplugin=local', '--disableplugin=spacewalk', '--disableplugin=versionlock', '/var/lib/mock/redsleeve-local-9-armv6hl/root//builddir/build/SRPMS/raspberrypi4-6.12.96-v7l.1.el9.src.rpm']
DEBUG util.py:636:  child environment: None
DEBUG util.py:553:  Using nspawn with args ['--capability=cap_ipc_lock', '--bind=/tmp/mock-resolv.524gza7b:/etc/resolv.conf']
DEBUG util.py:558:  Executing command: ['/usr/bin/systemd-nspawn', '-q', '-M', '4c3c25b9fc1c4eaab7d7142173fa4055', '-D', '/var/lib/mock/redsleeve-local-9-armv6hl-bootstrap/root', '-a', '--capability=cap_ipc_lock', '--bind=/tmp/mock-resolv.524gza7b:/etc/resolv.conf', '--console=pipe', '--setenv=TERM=vt100', '--setenv=SHELL=/bin/bash', '--setenv=HOME=/var/lib/mock/redsleeve-local-9-armv6hl/root/installation-homedir', '--setenv=HOSTNAME=mock', '--setenv=PATH=/usr/bin:/bin:/usr/sbin:/sbin', '--setenv=PROMPT_COMMAND=printf "\\033]0;<mock-chroot>\\007"', '--setenv=PS1=<mock-chroot> \\s-\\v\\$ ', '--setenv=LANG=C.UTF-8', '--setenv=LC_MESSAGES=C.UTF-8', '--resolv-conf=off', '/usr/bin/dnf-3', 'builddep', '--installroot', '/var/lib/mock/redsleeve-local-9-armv6hl/root/', '--releasever', '9', '--setopt=deltarpm=False', '--setopt=allow_vendor_change=yes', '--allowerasing', '--disableplugin=local', '--disableplugin=spacewalk', '--disableplugin=versionlock', '/var/lib/mock/redsleeve-local-9-armv6hl/root//builddir/build/SRPMS/raspberrypi4-6.12.96-v7l.1.el9.src.rpm'] with env {'TERM': 'vt100', 'SHELL': '/bin/bash', 'HOME': '/var/lib/mock/redsleeve-local-9-armv6hl/root/installation-homedir', 'HOSTNAME': 'mock', 'PATH': '/usr/bin:/bin:/usr/sbin:/sbin', 'PROMPT_COMMAND': 'printf "\\033]0;<mock-chroot>\\007"', 'PS1': '<mock-chroot> \\s-\\v\\$ ', 'LANG': 'C.UTF-8', 'LC_MESSAGES': 'C.UTF-8', 'SYSTEMD_NSPAWN_TMPFS_TMP': '0', 'SYSTEMD_SECCOMP': '0'} and shell False
DEBUG util.py:461:  No matches found for the following disable plugin patterns: local, spacewalk, versionlock
DEBUG util.py:463:  Last metadata expiration check: 0:04:56 ago on Sun Aug  9 20:42:48 2026.
DEBUG util.py:463:  Package python3-devel-3.9.25-7.el9_8.2.redsleeve.armv6hl is already installed.
DEBUG util.py:463:  Package audit-libs-devel-3.1.5-8.el9.armv6hl is already installed.
DEBUG util.py:463:  Package bash-5.1.8-9.el9.armv6hl is already installed.
DEBUG util.py:463:  Package bc-1.07.1-14.el9.armv6hl is already installed.
DEBUG util.py:463:  Package binutils-devel-2.35.2-72.el9.redsleeve.armv6hl is already installed.
DEBUG util.py:463:  Package bison-3.7.4-5.el9.armv6hl is already installed.
DEBUG util.py:463:  Package bzip2-1.0.8-11.el9.armv6hl is already installed.
DEBUG util.py:463:  Package coreutils-8.32-41.el9_8.armv6hl is already installed.
DEBUG util.py:463:  Package diffutils-3.7-12.el9.armv6hl is already installed.
DEBUG util.py:463:  Package elfutils-devel-0.194-1.el9.rocky.0.1.armv6hl is already installed.
DEBUG util.py:463:  Package findutils-1:4.8.0-7.el9.armv6hl is already installed.
DEBUG util.py:463:  Package flex-2.6.4-9.el9.armv6hl is already installed.
DEBUG util.py:463:  Package gawk-5.1.0-6.el9.armv6hl is already installed.
DEBUG util.py:463:  Package gettext-0.21-8.el9.armv6hl is already installed.
DEBUG util.py:463:  Package gzip-1.12-1.el9.armv6hl is already installed.
DEBUG util.py:463:  Package libkcapi-hmaccalc-1.4.0-2.el9.armv6hl is already installed.
DEBUG util.py:463:  Package hostname-3.23-6.el9.armv6hl is already installed.
DEBUG util.py:463:  Package kmod-28-11.el9.armv6hl is already installed.
DEBUG util.py:463:  Package m4-1.4.19-1.el9.armv6hl is already installed.
DEBUG util.py:463:  Package make-1:4.3-8.el9.armv6hl is already installed.
DEBUG util.py:463:  Package ncurses-devel-6.2-12.20210508.el9.armv6hl is already installed.
DEBUG util.py:463:  Package net-tools-2.0-0.64.20160912git.el9.armv6hl is already installed.
DEBUG util.py:463:  Package newt-devel-0.52.21-11.el9.armv6hl is already installed.
DEBUG util.py:463:  Package openssl-devel-1:3.5.5-6.el9_8.armv6hl is already installed.
DEBUG util.py:463:  Package patch-2.7.6-16.el9.armv6hl is already installed.
DEBUG util.py:463:  Package pciutils-devel-3.7.0-7.el9.armv6hl is already installed.
DEBUG util.py:463:  Package perl-4:5.32.1-483.el9.armv6hl is already installed.
DEBUG util.py:463:  Package perl-ExtUtils-Embed-1.35-483.el9.noarch is already installed.
DEBUG util.py:463:  Package perl-Carp-1.50-460.el9.noarch is already installed.
DEBUG util.py:463:  Package python3-devel-3.9.25-7.el9_8.2.redsleeve.armv6hl is already installed.
DEBUG util.py:463:  Package redhat-rpm-config-210-1.el9.redsleeve.noarch is already installed.
DEBUG util.py:463:  Package tar-2:1.34-11.el9.armv6hl is already installed.
DEBUG util.py:463:  Package xz-5.2.5-8.el9.armv6hl is already installed.
DEBUG util.py:463:  Package xz-devel-5.2.5-8.el9.armv6hl is already installed.
DEBUG util.py:463:  Package zlib-devel-1.2.11-40.el9.armv6hl is already installed.
DEBUG util.py:463:  Dependencies resolved.
DEBUG util.py:463:  Nothing to do.
DEBUG util.py:463:  Complete!
DEBUG util.py:610:  Child return code was: 0
DEBUG util.py:185:  kill orphans in chroot /var/lib/mock/redsleeve-local-9-armv6hl/root
DEBUG util.py:185:  kill orphans in chroot /var/lib/mock/redsleeve-local-9-armv6hl-bootstrap/root/var/lib/mock/redsleeve-local-9-armv6hl/root
DEBUG util.py:636:  child environment: None
DEBUG util.py:558:  Executing command: ['/bin/umount', '-n', '-l', '/var/lib/mock/redsleeve-local-9-armv6hl-bootstrap/root/var/lib/mock/redsleeve-local-9-armv6hl/root'] with env {'TERM': 'vt100', 'SHELL': '/bin/sh', 'HOME': '/builddir', 'HOSTNAME': 'mock', 'PATH': '/usr/bin:/bin:/usr/sbin:/sbin', 'LANG': 'C.UTF-8'} and shell False
DEBUG util.py:610:  Child return code was: 0
DEBUG util.py:636:  child environment: None
DEBUG util.py:558:  Executing command: ['/bin/umount', '-n', '-l', '/var/lib/mock/redsleeve-local-9-armv6hl-bootstrap/root/var/lib/mock/redsleeve-local-9-armv6hl/root'] with env {'TERM': 'vt100', 'SHELL': '/bin/sh', 'HOME': '/builddir', 'HOSTNAME': 'mock', 'PATH': '/usr/bin:/bin:/usr/sbin:/sbin', 'LANG': 'C.UTF-8'} and shell False
DEBUG util.py:610:  Child return code was: 0
DEBUG util.py:636:  child environment: None
DEBUG util.py:558:  Executing command: ['/bin/umount', '-n', '-l', '/var/lib/mock/redsleeve-local-9-armv6hl/root/dev/pts'] with env {'TERM': 'vt100', 'SHELL': '/bin/sh', 'HOME': '/builddir', 'HOSTNAME': 'mock', 'PATH': '/usr/bin:/bin:/usr/sbin:/sbin', 'LANG': 'C.UTF-8'} and shell False
DEBUG util.py:610:  Child return code was: 0
DEBUG util.py:636:  child environment: None
DEBUG util.py:558:  Executing command: ['/bin/umount', '-n', '-l', '/var/lib/mock/redsleeve-local-9-armv6hl/root/dev/shm'] with env {'TERM': 'vt100', 'SHELL': '/bin/sh', 'HOME': '/builddir', 'HOSTNAME': 'mock', 'PATH': '/usr/bin:/bin:/usr/sbin:/sbin', 'LANG': 'C.UTF-8'} and shell False
DEBUG util.py:610:  Child return code was: 0
DEBUG util.py:636:  child environment: None
DEBUG util.py:558:  Executing command: ['/bin/umount', '-n', '-l', '/var/lib/mock/redsleeve-local-9-armv6hl/root/sys'] with env {'TERM': 'vt100', 'SHELL': '/bin/sh', 'HOME': '/builddir', 'HOSTNAME': 'mock', 'PATH': '/usr/bin:/bin:/usr/sbin:/sbin', 'LANG': 'C.UTF-8'} and shell False
DEBUG util.py:610:  Child return code was: 0
DEBUG util.py:636:  child environment: None
DEBUG util.py:558:  Executing command: ['/bin/umount', '-n', '-l', '/var/lib/mock/redsleeve-local-9-armv6hl/root/sys'] with env {'TERM': 'vt100', 'SHELL': '/bin/sh', 'HOME': '/builddir', 'HOSTNAME': 'mock', 'PATH': '/usr/bin:/bin:/usr/sbin:/sbin', 'LANG': 'C.UTF-8'} and shell False
DEBUG util.py:610:  Child return code was: 0
DEBUG util.py:636:  child environment: None
DEBUG util.py:558:  Executing command: ['/bin/umount', '-n', '-l', '/var/lib/mock/redsleeve-local-9-armv6hl/root/proc'] with env {'TERM': 'vt100', 'SHELL': '/bin/sh', 'HOME': '/builddir', 'HOSTNAME': 'mock', 'PATH': '/usr/bin:/bin:/usr/sbin:/sbin', 'LANG': 'C.UTF-8'} and shell False
DEBUG util.py:610:  Child return code was: 0
DEBUG util.py:636:  child environment: None
DEBUG util.py:558:  Executing command: ['/bin/umount', '-n', '-l', '/var/lib/mock/redsleeve-local-9-armv6hl/root/proc'] with env {'TERM': 'vt100', 'SHELL': '/bin/sh', 'HOME': '/builddir', 'HOSTNAME': 'mock', 'PATH': '/usr/bin:/bin:/usr/sbin:/sbin', 'LANG': 'C.UTF-8'} and shell False
DEBUG util.py:610:  Child return code was: 0
DEBUG file_util.py:17:  ensuring that dir exists: /var/lib/mock/redsleeve-local-9-armv6hl-bootstrap/root/var/lib/mock/redsleeve-local-9-armv6hl/root
DEBUG util.py:636:  child environment: None
DEBUG util.py:558:  Executing command: ['/bin/mount', '-n', '-t', 'tmpfs', '-o', 'private,mode=0755', 'tmpfs', '/var/lib/mock/redsleeve-local-9-armv6hl-bootstrap/root/var/lib/mock/redsleeve-local-9-armv6hl/root'] with env {'TERM': 'vt100', 'SHELL': '/bin/sh', 'HOME': '/builddir', 'HOSTNAME': 'mock', 'PATH': '/usr/bin:/bin:/usr/sbin:/sbin', 'LANG': 'C.UTF-8'} and shell False
DEBUG util.py:610:  Child return code was: 0
DEBUG file_util.py:17:  ensuring that dir exists: /var/lib/mock/redsleeve-local-9-armv6hl-bootstrap/root/var/lib/mock/redsleeve-local-9-armv6hl/root
DEBUG util.py:636:  child environment: None
DEBUG util.py:558:  Executing command: ['/bin/mount', '-n', '-o', 'rbind', '/var/lib/mock/redsleeve-local-9-armv6hl/root', '/var/lib/mock/redsleeve-local-9-armv6hl-bootstrap/root/var/lib/mock/redsleeve-local-9-armv6hl/root'] with env {'TERM': 'vt100', 'SHELL': '/bin/sh', 'HOME': '/builddir', 'HOSTNAME': 'mock', 'PATH': '/usr/bin:/bin:/usr/sbin:/sbin', 'LANG': 'C.UTF-8'} and shell False
DEBUG util.py:610:  Child return code was: 0
DEBUG util.py:636:  child environment: None
DEBUG util.py:558:  Executing command: ['/bin/mount', '-n', '-o', 'remount,private,rbind', '--target', '/var/lib/mock/redsleeve-local-9-armv6hl-bootstrap/root/var/lib/mock/redsleeve-local-9-armv6hl/root'] with env {'TERM': 'vt100', 'SHELL': '/bin/sh', 'HOME': '/builddir', 'HOSTNAME': 'mock', 'PATH': '/usr/bin:/bin:/usr/sbin:/sbin', 'LANG': 'C.UTF-8'} and shell False
DEBUG util.py:610:  Child return code was: 0
DEBUG util.py:636:  child environment: None
DEBUG util.py:553:  Using nspawn with args ['--capability=cap_ipc_lock', '--bind=/tmp/mock-resolv.524gza7b:/etc/resolv.conf']
DEBUG util.py:558:  Executing command: ['/usr/bin/systemd-nspawn', '-q', '-M', 'b738ccc0f1bb4f628cd77756b815beb3', '-D', '/var/lib/mock/redsleeve-local-9-armv6hl-bootstrap/root', '-a', '--capability=cap_ipc_lock', '--bind=/tmp/mock-resolv.524gza7b:/etc/resolv.conf', '--console=pipe', '--setenv=TERM=vt100', '--setenv=SHELL=/bin/bash', '--setenv=HOME=/builddir', '--setenv=HOSTNAME=mock', '--setenv=PATH=/usr/bin:/bin:/usr/sbin:/sbin', '--setenv=PROMPT_COMMAND=printf "\\033]0;<mock-chroot>\\007"', '--setenv=PS1=<mock-chroot> \\s-\\v\\$ ', '--setenv=LANG=C.UTF-8', '--resolv-conf=off', '/bin/rpm', '-qa', '--root', '/var/lib/mock/redsleeve-local-9-armv6hl/root'] with env {'TERM': 'vt100', 'SHELL': '/bin/bash', 'HOME': '/builddir', 'HOSTNAME': 'mock', 'PATH': '/usr/bin:/bin:/usr/sbin:/sbin', 'PROMPT_COMMAND': 'printf "\\033]0;<mock-chroot>\\007"', 'PS1': '<mock-chroot> \\s-\\v\\$ ', 'LANG': 'C.UTF-8', 'SYSTEMD_NSPAWN_TMPFS_TMP': '0', 'SYSTEMD_SECCOMP': '0'} and shell False
DEBUG util.py:463:  gpg-pubkey-2f00d701-6317b177
DEBUG util.py:463:  rust-srpm-macros-17-4.el9.redsleeve.noarch
DEBUG util.py:463:  qt5-srpm-macros-5.15.9-1.el9.noarch
DEBUG util.py:463:  perl-srpm-macros-1-41.el9.noarch
DEBUG util.py:463:  openblas-srpm-macros-2-11.el9.redsleeve.noarch
DEBUG util.py:463:  ocaml-srpm-macros-6-6.el9.noarch
DEBUG util.py:463:  ghc-srpm-macros-1.5.0-6.el9.noarch
DEBUG util.py:463:  tzdata-2026c-1.el9_8.noarch
DEBUG util.py:463:  publicsuffix-list-dafsa-20210518-3.el9.noarch
DEBUG util.py:463:  pkgconf-m4-1.7.3-10.el9.noarch
DEBUG util.py:463:  pcre2-syntax-10.40-6.el9.noarch
DEBUG util.py:463:  ncurses-base-6.2-12.20210508.el9.noarch
DEBUG util.py:463:  libssh-config-0.10.4-18.el9.noarch
DEBUG util.py:463:  gawk-all-langpacks-5.1.0-6.el9.armv6hl
DEBUG util.py:463:  coreutils-common-8.32-41.el9_8.armv6hl
DEBUG util.py:463:  ncurses-libs-6.2-12.20210508.el9.armv6hl
DEBUG util.py:463:  redsleeve-release-9.8-0.el9.noarch
DEBUG util.py:463:  setup-2.13.7-10.el9.noarch
DEBUG util.py:463:  filesystem-3.16-5.el9.armv6hl
DEBUG util.py:463:  basesystem-11-13.el9.0.1.noarch
DEBUG util.py:463:  bash-5.1.8-9.el9.armv6hl
DEBUG util.py:463:  libgcc-11.5.0-14.el9.redsleeve.armv6hl
DEBUG util.py:463:  glibc-gconv-extra-2.34-275.el9_8.redsleeve.armv6hl
DEBUG util.py:463:  glibc-minimal-langpack-2.34-275.el9_8.redsleeve.armv6hl
DEBUG util.py:463:  glibc-common-2.34-275.el9_8.redsleeve.armv6hl
DEBUG util.py:463:  glibc-2.34-275.el9_8.redsleeve.armv6hl
DEBUG util.py:463:  crypto-policies-20260224-1.gitea0f072.el9.noarch
DEBUG util.py:463:  systemd-rpm-macros-252-67.el9_8.4.redsleeve.noarch
DEBUG util.py:463:  zlib-1.2.11-40.el9.armv6hl
DEBUG util.py:463:  xz-libs-5.2.5-8.el9.armv6hl
DEBUG util.py:463:  bzip2-libs-1.0.8-11.el9.armv6hl
DEBUG util.py:463:  libacl-2.4.0-1.el9_8.armv6hl
DEBUG util.py:463:  libzstd-1.5.5-1.el9.armv6hl
DEBUG util.py:463:  libxcrypt-4.4.18-3.el9.armv6hl
DEBUG util.py:463:  elfutils-libelf-0.194-1.el9.rocky.0.1.armv6hl
DEBUG util.py:463:  libcap-2.48-10.el9.1.armv6hl
DEBUG util.py:463:  libstdc++-11.5.0-14.el9.redsleeve.armv6hl
DEBUG util.py:463:  libuuid-2.37.4-25.el9.armv6hl
DEBUG util.py:463:  gmp-6.2.0-13.el9.armv6hl
DEBUG util.py:463:  lz4-libs-1.9.3-5.el9.armv6hl
DEBUG util.py:463:  popt-1.18-8.el9.armv6hl
DEBUG util.py:463:  libattr-2.5.1-3.el9.armv6hl
DEBUG util.py:463:  libcap-ng-0.8.2-7.el9.armv6hl
DEBUG util.py:463:  audit-libs-3.1.5-8.el9.armv6hl
DEBUG util.py:463:  libcom_err-1.46.5-8.el9.armv6hl
DEBUG util.py:463:  readline-8.1-4.el9.armv6hl
DEBUG util.py:463:  mpfr-4.1.0-10.el9.armv6hl
DEBUG util.py:463:  dwz-0.16-1.el9.armv6hl
DEBUG util.py:463:  unzip-6.0-60.el9_8.armv6hl
DEBUG util.py:463:  file-libs-5.39-17.el9.armv6hl
DEBUG util.py:463:  file-5.39-17.el9.armv6hl
DEBUG util.py:463:  sqlite-libs-3.34.1-10.el9_8.armv6hl
DEBUG util.py:463:  alternatives-1.24-2.el9.armv6hl
DEBUG util.py:463:  gdbm-libs-1.23-1.el9.armv6hl
DEBUG util.py:463:  libatomic-11.5.0-14.el9.redsleeve.armv6hl
DEBUG util.py:463:  libffi-3.4.2-8.el9.armv6hl
DEBUG util.py:463:  libsepol-3.6-3.el9.armv6hl
DEBUG util.py:463:  libsigsegv-2.13-4.el9.armv6hl
DEBUG util.py:463:  gawk-5.1.0-6.el9.armv6hl
DEBUG util.py:463:  libsmartcols-2.37.4-25.el9.armv6hl
DEBUG util.py:463:  libtasn1-4.16.0-10.el9_8.redsleeve.armv6hl
DEBUG util.py:463:  p11-kit-0.26.4-1.el9_8.armv6hl
DEBUG util.py:463:  libunistring-0.9.10-15.el9.armv6hl
DEBUG util.py:463:  libidn2-2.3.0-7.el9.armv6hl
DEBUG util.py:463:  lua-libs-5.4.4-4.el9.armv6hl
DEBUG util.py:463:  pcre2-10.40-6.el9.armv6hl
DEBUG util.py:463:  libselinux-3.6-3.el9.armv6hl
DEBUG util.py:463:  sed-4.8-10.el9_8.armv6hl
DEBUG util.py:463:  findutils-4.8.0-7.el9.armv6hl
DEBUG util.py:463:  libsemanage-3.6-5.el9.armv6hl
DEBUG util.py:463:  shadow-utils-4.9-16.el9.armv6hl
DEBUG util.py:463:  libutempter-1.2.1-6.el9.armv6hl
DEBUG util.py:463:  tar-1.34-11.el9.armv6hl
DEBUG util.py:463:  libpsl-0.21.1-5.el9.armv6hl
DEBUG util.py:463:  p11-kit-trust-0.26.4-1.el9_8.armv6hl
DEBUG util.py:463:  zip-3.0-35.el9.armv6hl
DEBUG util.py:463:  zstd-1.5.5-1.el9.armv6hl
DEBUG util.py:463:  groff-base-1.22.4-10.el9.armv6hl
DEBUG util.py:463:  acl-2.4.0-1.el9_8.armv6hl
DEBUG util.py:463:  bzip2-1.0.8-11.el9.armv6hl
DEBUG util.py:463:  libxml2-2.9.13-14.el9_8.2.armv6hl
DEBUG util.py:463:  info-6.7-15.el9.armv6hl
DEBUG util.py:463:  ed-1.14.2-12.el9.armv6hl
DEBUG util.py:463:  patch-2.7.6-16.el9.armv6hl
DEBUG util.py:463:  cpio-2.13-16.el9.armv6hl
DEBUG util.py:463:  diffutils-3.7-12.el9.armv6hl
DEBUG util.py:463:  expat-2.5.0-6.el9_8.1.armv6hl
DEBUG util.py:463:  json-c-0.14-11.el9.armv6hl
DEBUG util.py:463:  keyutils-libs-1.6.3-1.el9.armv6hl
DEBUG util.py:463:  libbrotli-1.0.9-9.el9.armv6hl
DEBUG util.py:463:  libdb-5.3.28-57.el9.armv6hl
DEBUG util.py:463:  libeconf-0.4.1-7.el9_8.armv6hl
DEBUG util.py:463:  libgomp-11.5.0-14.el9.redsleeve.armv6hl
DEBUG util.py:463:  libgpg-error-1.42-5.el9.armv6hl
DEBUG util.py:463:  libgcrypt-1.10.0-13.el9_8.armv6hl
DEBUG util.py:463:  libnghttp2-1.43.0-6.el9.1.armv6hl
DEBUG util.py:463:  libpkgconf-1.7.3-10.el9.armv6hl
DEBUG util.py:463:  pkgconf-1.7.3-10.el9.armv6hl
DEBUG util.py:463:  pkgconf-pkg-config-1.7.3-10.el9.armv6hl
DEBUG util.py:463:  libseccomp-2.5.2-2.el9.redsleeve.armv6hl
DEBUG util.py:463:  libtool-ltdl-2.4.6-46.el9.armv6hl
DEBUG util.py:463:  libverto-0.3.2-3.el9.armv6hl
DEBUG util.py:463:  ncurses-6.2-12.20210508.el9.armv6hl
DEBUG util.py:463:  pcre-8.44-4.el9.armv6hl
DEBUG util.py:463:  grep-3.6-5.el9.armv6hl
DEBUG util.py:463:  openssl-fips-provider-3.5.5-6.el9_8.armv6hl
DEBUG util.py:463:  openssl-libs-3.5.5-6.el9_8.armv6hl
DEBUG util.py:463:  coreutils-8.32-41.el9_8.armv6hl
DEBUG util.py:463:  ca-certificates-2025.2.80_v9.0.305-91.el9.noarch
DEBUG util.py:463:  libblkid-2.37.4-25.el9.armv6hl
DEBUG util.py:463:  systemd-libs-252-67.el9_8.4.redsleeve.armv6hl
DEBUG util.py:463:  libmount-2.37.4-25.el9.armv6hl
DEBUG util.py:463:  krb5-libs-1.21.1-10.el9_8.armv6hl
DEBUG util.py:463:  libfdisk-2.37.4-25.el9.armv6hl
DEBUG util.py:463:  gzip-1.12-1.el9.armv6hl
DEBUG util.py:463:  cracklib-2.9.6-28.el9.armv6hl
DEBUG util.py:463:  libarchive-3.5.3-9.el9.armv6hl
DEBUG util.py:463:  xz-5.2.5-8.el9.armv6hl
DEBUG util.py:463:  cracklib-dicts-2.9.6-28.el9.armv6hl
DEBUG util.py:463:  perl-Digest-1.19-4.el9.noarch
DEBUG util.py:463:  perl-Digest-MD5-2.58-4.el9.armv6hl
DEBUG util.py:463:  perl-B-1.80-483.el9.armv6hl
DEBUG util.py:463:  perl-FileHandle-2.03-483.el9.noarch
DEBUG util.py:463:  perl-Data-Dumper-2.174-462.el9.armv6hl
DEBUG util.py:463:  perl-libnet-3.13-4.el9.noarch
DEBUG util.py:463:  perl-AutoLoader-5.74-483.el9.noarch
DEBUG util.py:463:  perl-base-2.27-483.el9.noarch
DEBUG util.py:463:  perl-URI-5.09-3.el9.noarch
DEBUG util.py:463:  perl-if-0.60.800-483.el9.noarch
DEBUG util.py:463:  perl-IO-Socket-IP-0.41-5.el9.noarch
DEBUG util.py:463:  perl-Time-Local-1.300-7.el9.noarch
DEBUG util.py:463:  perl-File-Path-2.18-4.el9.noarch
DEBUG util.py:463:  perl-IO-Socket-SSL-2.073-2.el9.noarch
DEBUG util.py:463:  perl-Net-SSLeay-1.94-3.el9.armv6hl
DEBUG util.py:463:  perl-Pod-Escapes-1.07-460.el9.noarch
DEBUG util.py:463:  perl-Text-Tabs+Wrap-2013.0523-460.el9.noarch
DEBUG util.py:463:  perl-Mozilla-CA-20200520-6.el9.noarch
DEBUG util.py:463:  perl-Class-Struct-0.66-483.el9.noarch
DEBUG util.py:463:  perl-POSIX-1.94-483.el9.armv6hl
DEBUG util.py:463:  perl-Term-ANSIColor-5.01-461.el9.noarch
DEBUG util.py:463:  perl-IPC-Open3-1.21-483.el9.noarch
DEBUG util.py:463:  perl-subs-1.03-483.el9.noarch
DEBUG util.py:463:  perl-File-Temp-0.231.100-4.el9.noarch
DEBUG util.py:463:  perl-Term-Cap-1.17-460.el9.noarch
DEBUG util.py:463:  perl-Pod-Simple-3.42-4.el9.noarch
DEBUG util.py:463:  perl-HTTP-Tiny-0.076-462.el9.noarch
DEBUG util.py:463:  perl-Socket-2.031-4.el9.armv6hl
DEBUG util.py:463:  perl-SelectSaver-1.02-483.el9.noarch
DEBUG util.py:463:  perl-Symbol-1.08-483.el9.noarch
DEBUG util.py:463:  perl-File-stat-1.09-483.el9.noarch
DEBUG util.py:463:  perl-podlators-4.14-460.el9.noarch
DEBUG util.py:463:  perl-Pod-Perldoc-3.28.01-461.el9.noarch
DEBUG util.py:463:  perl-Fcntl-1.13-483.el9.armv6hl
DEBUG util.py:463:  perl-Text-ParseWords-3.30-460.el9.noarch
DEBUG util.py:463:  perl-mro-1.23-483.el9.armv6hl
DEBUG util.py:463:  perl-IO-1.43-483.el9.armv6hl
DEBUG util.py:463:  perl-overloading-0.02-483.el9.noarch
DEBUG util.py:463:  perl-Pod-Usage-2.01-4.el9.noarch
DEBUG util.py:463:  perl-Errno-1.30-483.el9.armv6hl
DEBUG util.py:463:  perl-File-Basename-2.85-483.el9.noarch
DEBUG util.py:463:  perl-Getopt-Std-1.12-483.el9.noarch
DEBUG util.py:463:  perl-MIME-Base64-3.16-4.el9.armv6hl
DEBUG util.py:463:  perl-Scalar-List-Utils-1.56-462.el9.armv6hl
DEBUG util.py:463:  perl-constant-1.33-461.el9.noarch
DEBUG util.py:463:  perl-Storable-3.21-460.el9.armv6hl
DEBUG util.py:463:  perl-overload-1.31-483.el9.noarch
DEBUG util.py:463:  perl-parent-0.238-460.el9.noarch
DEBUG util.py:463:  perl-vars-1.05-483.el9.noarch
DEBUG util.py:463:  perl-Getopt-Long-2.52-4.el9.noarch
DEBUG util.py:463:  perl-Carp-1.50-460.el9.noarch
DEBUG util.py:463:  perl-Exporter-5.74-461.el9.noarch
DEBUG util.py:463:  perl-NDBM_File-1.15-483.el9.armv6hl
DEBUG util.py:463:  perl-PathTools-3.78-461.el9.armv6hl
DEBUG util.py:463:  perl-Encode-3.08-462.el9.armv6hl
DEBUG util.py:463:  perl-libs-5.32.1-483.el9.armv6hl
DEBUG util.py:463:  perl-interpreter-5.32.1-483.el9.armv6hl
DEBUG util.py:463:  kernel-srpm-macros-1.0-14.el9.noarch
DEBUG util.py:463:  cyrus-sasl-lib-2.1.27-22.el9.armv6hl
DEBUG util.py:463:  libssh-0.10.4-18.el9.armv6hl
DEBUG util.py:463:  util-linux-core-2.37.4-25.el9.armv6hl
DEBUG util.py:463:  openssl-3.5.5-6.el9_8.armv6hl
DEBUG util.py:463:  libpwquality-1.4.4-8.el9.armv6hl
DEBUG util.py:463:  pam-1.5.1-28.el9.armv6hl
DEBUG util.py:463:  util-linux-2.37.4-25.el9.armv6hl
DEBUG util.py:463:  kmod-libs-28-11.el9.armv6hl
DEBUG util.py:463:  dbus-1.12.20-8.el9.armv6hl
DEBUG util.py:463:  systemd-pam-252-67.el9_8.4.redsleeve.armv6hl
DEBUG util.py:463:  systemd-252-67.el9_8.4.redsleeve.armv6hl
DEBUG util.py:463:  dbus-common-1.12.20-8.el9.noarch
DEBUG util.py:463:  dbus-broker-28-8.el9.armv6hl
DEBUG util.py:463:  elfutils-default-yama-scope-0.194-1.el9.rocky.0.1.noarch
DEBUG util.py:463:  elfutils-libs-0.194-1.el9.rocky.0.1.armv6hl
DEBUG util.py:463:  libevent-2.1.12-8.el9.armv6hl
DEBUG util.py:463:  openldap-2.6.8-4.el9.0.1.armv6hl
DEBUG util.py:463:  libcurl-7.76.1-40.el9.armv6hl
DEBUG util.py:463:  elfutils-debuginfod-client-0.194-1.el9.rocky.0.1.armv6hl
DEBUG util.py:463:  binutils-gold-2.35.2-72.el9.redsleeve.armv6hl
DEBUG util.py:463:  binutils-2.35.2-72.el9.redsleeve.armv6hl
DEBUG util.py:463:  elfutils-0.194-1.el9.rocky.0.1.armv6hl
DEBUG util.py:463:  gdb-minimal-16.3-3.el9.armv6hl
DEBUG util.py:463:  debugedit-5.0-11.el9.armv6hl
DEBUG util.py:463:  curl-7.76.1-40.el9.armv6hl
DEBUG util.py:463:  rpm-4.16.1.3-40.el9.armv6hl
DEBUG util.py:463:  rpm-libs-4.16.1.3-40.el9.armv6hl
DEBUG util.py:463:  efi-srpm-macros-6-4.el9.noarch
DEBUG util.py:463:  lua-srpm-macros-1-6.el9.noarch
DEBUG util.py:463:  rpm-build-libs-4.16.1.3-40.el9.armv6hl
DEBUG util.py:463:  fonts-srpm-macros-2.0.5-7.el9.1.noarch
DEBUG util.py:463:  go-srpm-macros-3.8.1-1.el9.redsleeve.noarch
DEBUG util.py:463:  python-srpm-macros-3.9-54.el9.noarch
DEBUG util.py:463:  redhat-rpm-config-210-1.el9.redsleeve.noarch
DEBUG util.py:463:  rpm-build-4.16.1.3-40.el9.armv6hl
DEBUG util.py:463:  pyproject-srpm-macros-1.18.5-1.el9.noarch
DEBUG util.py:463:  which-2.21-30.el9.armv6hl
DEBUG util.py:463:  perl-File-Find-1.37-483.el9.noarch
DEBUG util.py:463:  perl-File-Copy-2.34-483.el9.noarch
DEBUG util.py:463:  perl-ExtUtils-Manifest-1.73-4.el9.noarch
DEBUG util.py:463:  perl-DynaLoader-1.47-483.el9.armv6hl
DEBUG util.py:463:  perl-lib-0.65-483.el9.armv6hl
DEBUG util.py:463:  perl-File-Compare-1.100.600-483.el9.noarch
DEBUG util.py:463:  perl-ExtUtils-ParseXS-3.40-460.el9.noarch
DEBUG util.py:463:  zlib-devel-1.2.11-40.el9.armv6hl
DEBUG util.py:463:  perl-meta-notation-5.32.1-483.el9.noarch
DEBUG util.py:463:  perl-locale-1.09-483.el9.noarch
DEBUG util.py:463:  perl-Tie-4.6-483.el9.noarch
DEBUG util.py:463:  perl-Term-ReadLine-1.17-483.el9.noarch
DEBUG util.py:463:  perl-Perl-OSType-1.010-461.el9.noarch
DEBUG util.py:463:  perl-Module-Load-0.36-4.el9.noarch
DEBUG util.py:463:  kernel-headers-5.14.0-687.29.1.el9_8.redsleeve.armv6hl
DEBUG util.py:463:  libxcrypt-devel-4.4.18-3.el9.armv6hl
DEBUG util.py:463:  glibc-devel-2.34-275.el9_8.redsleeve.armv6hl
DEBUG util.py:463:  perl-Pod-Html-1.25-483.el9.noarch
DEBUG util.py:463:  perl-ExtUtils-Command-7.60-3.el9.noarch
DEBUG util.py:463:  python-rpm-macros-3.9-54.el9.noarch
DEBUG util.py:463:  perl-doc-5.32.1-483.el9.noarch
DEBUG util.py:463:  perl-autouse-1.11-483.el9.noarch
DEBUG util.py:463:  perl-User-pwent-1.03-483.el9.noarch
DEBUG util.py:463:  perl-Tie-RefHash-1.40-4.el9.noarch
DEBUG util.py:463:  perl-Text-Balanced-2.04-4.el9.noarch
DEBUG util.py:463:  perl-Sub-Install-0.928-28.el9.noarch
DEBUG util.py:463:  perl-SelfLoader-1.26-483.el9.noarch
DEBUG util.py:463:  perl-Math-Complex-1.59-483.el9.noarch
DEBUG util.py:463:  perl-Math-BigInt-1.9998.18-460.el9.noarch
DEBUG util.py:463:  perl-JSON-PP-4.06-4.el9.noarch
DEBUG util.py:463:  perl-Math-BigRat-0.2614-460.el9.noarch
DEBUG util.py:463:  perl-I18N-LangTags-0.44-483.el9.noarch
DEBUG util.py:463:  perl-Locale-Maketext-1.29-461.el9.noarch
DEBUG util.py:463:  perl-Locale-Maketext-Simple-0.21-483.el9.noarch
DEBUG util.py:463:  perl-Params-Check-0.38-461.el9.noarch
DEBUG util.py:463:  perl-ExtUtils-MM-Utils-7.60-3.el9.noarch
DEBUG util.py:463:  perl-ExtUtils-Constant-0.25-483.el9.noarch
DEBUG util.py:463:  perl-DirHandle-1.05-483.el9.noarch
DEBUG util.py:463:  perl-CPAN-Meta-YAML-0.018-461.el9.noarch
DEBUG util.py:463:  perl-Benchmark-1.23-483.el9.noarch
DEBUG util.py:463:  perl-AutoSplit-5.74-483.el9.noarch
DEBUG util.py:463:  libzstd-devel-1.5.5-1.el9.armv6hl
DEBUG util.py:463:  elfutils-libelf-devel-0.194-1.el9.rocky.0.1.armv6hl
DEBUG util.py:463:  perl-bignum-0.51-460.el9.noarch
DEBUG util.py:463:  perl-Devel-SelfStubber-1.06-483.el9.noarch
DEBUG util.py:463:  python3-rpm-macros-3.9-54.el9.noarch
DEBUG util.py:463:  libcap-ng-devel-0.8.2-7.el9.armv6hl
DEBUG util.py:463:  perl-Env-1.04-460.el9.noarch
DEBUG util.py:463:  perl-sigtrap-1.09-483.el9.noarch
DEBUG util.py:463:  perl-vmsish-1.04-483.el9.noarch
DEBUG util.py:463:  perl-utils-5.32.1-483.el9.noarch
DEBUG util.py:463:  perl-sort-2.04-483.el9.noarch
DEBUG util.py:463:  perl-ph-5.32.1-483.el9.armv6hl
DEBUG util.py:463:  perl-perlfaq-5.20210520-1.el9.noarch
DEBUG util.py:463:  perl-macros-5.32.1-483.el9.noarch
DEBUG util.py:463:  perl-local-lib-2.000024-13.el9.noarch
DEBUG util.py:463:  perl-less-0.03-483.el9.noarch
DEBUG util.py:463:  perl-filetest-1.03-483.el9.noarch
DEBUG util.py:463:  perl-encoding-warnings-0.13-483.el9.noarch
DEBUG util.py:463:  perl-diagnostics-1.37-483.el9.noarch
DEBUG util.py:463:  perl-deprecate-0.04-483.el9.noarch
DEBUG util.py:463:  perl-blib-1.07-483.el9.noarch
DEBUG util.py:463:  perl-Time-1.03-483.el9.noarch
DEBUG util.py:463:  perl-Tie-Memoize-1.1-483.el9.noarch
DEBUG util.py:463:  perl-Tie-File-1.06-483.el9.noarch
DEBUG util.py:463:  perl-Text-Template-1.59-5.el9.noarch
DEBUG util.py:463:  perl-Text-Glob-0.11-15.el9.noarch
DEBUG util.py:463:  perl-Text-Abbrev-1.02-483.el9.noarch
DEBUG util.py:463:  perl-Test-1.31-483.el9.noarch
DEBUG util.py:463:  perl-Term-Size-Perl-0.031-12.el9.armv6hl
DEBUG util.py:463:  perl-Term-Size-Any-0.002-35.el9.noarch
DEBUG util.py:463:  perl-Term-Complete-1.403-483.el9.noarch
DEBUG util.py:463:  perl-Search-Dict-1.07-483.el9.noarch
DEBUG util.py:463:  perl-Pod-Functions-1.13-483.el9.noarch
DEBUG util.py:463:  perl-Pod-Checker-1.74-4.el9.noarch
DEBUG util.py:463:  perl-PerlIO-via-QuotedPrint-0.09-4.el9.noarch
DEBUG util.py:463:  perl-Package-Generator-1.106-23.el9.noarch
DEBUG util.py:463:  perl-Object-HashBase-0.009-7.el9.noarch
DEBUG util.py:463:  perl-Net-1.02-483.el9.noarch
DEBUG util.py:463:  perl-NEXT-0.67-483.el9.noarch
DEBUG util.py:463:  perl-Module-Loaded-0.08-483.el9.noarch
DEBUG util.py:463:  perl-Memoize-1.03-483.el9.noarch
DEBUG util.py:463:  perl-MRO-Compat-0.13-15.el9.noarch
DEBUG util.py:463:  perl-MIME-Charset-1.012.2-15.el9.noarch
DEBUG util.py:463:  perl-Importer-0.026-4.el9.noarch
DEBUG util.py:463:  perl-IPC-System-Simple-1.30-6.el9.noarch
DEBUG util.py:463:  perl-autodie-2.34-4.el9.noarch
DEBUG util.py:463:  perl-I18N-Collate-1.02-483.el9.noarch
DEBUG util.py:463:  perl-FindBin-1.51-483.el9.noarch
DEBUG util.py:463:  perl-FileCache-1.10-483.el9.noarch
DEBUG util.py:463:  perl-File-Which-1.23-10.el9.noarch
DEBUG util.py:463:  perl-File-HomeDir-1.006-4.el9.noarch
DEBUG util.py:463:  perl-English-1.11-483.el9.noarch
DEBUG util.py:463:  perl-Config-Perl-V-0.33-4.el9.noarch
DEBUG util.py:463:  perl-Config-Extensions-0.03-483.el9.noarch
DEBUG util.py:463:  perl-CPAN-DistnameInfo-0.12-23.el9.noarch
DEBUG util.py:463:  perl-Attribute-Handlers-1.01-483.el9.noarch
DEBUG util.py:463:  perl-Algorithm-Diff-1.2010-4.el9.noarch
DEBUG util.py:463:  perl-Text-Diff-1.45-13.el9.noarch
DEBUG util.py:463:  llvm-filesystem-21.1.8-2.el9.redsleeve.armv6hl
DEBUG util.py:463:  xz-devel-5.2.5-8.el9.armv6hl
DEBUG util.py:463:  python3-setuptools-wheel-53.0.0-15.el9.noarch
DEBUG util.py:463:  python3-pip-wheel-21.3.1-2.el9_8.rocky.0.1.noarch
DEBUG util.py:463:  libstdc++-devel-11.5.0-14.el9.redsleeve.armv6hl
DEBUG util.py:463:  hwdata-0.348-9.22.el9.noarch
DEBUG util.py:463:  perl-version-0.99.28-4.el9.armv6hl
DEBUG util.py:463:  perl-Time-HiRes-1.9764-462.el9.armv6hl
DEBUG util.py:463:  perl-CPAN-Meta-Requirements-2.140-461.el9.noarch
DEBUG util.py:463:  perl-CPAN-Meta-2.150010-460.el9.noarch
DEBUG util.py:463:  perl-threads-2.25-460.el9.armv6hl
DEBUG util.py:463:  perl-threads-shared-1.61-460.el9.0.1.armv6hl
DEBUG util.py:463:  perl-Compress-Raw-Zlib-2.101-5.el9.armv6hl
DEBUG util.py:463:  perl-Test-Harness-3.42-461.el9.noarch
DEBUG util.py:463:  perl-Module-CoreList-5.20240609-1.el9.noarch
DEBUG util.py:463:  perl-Module-Metadata-1.000037-460.el9.noarch
DEBUG util.py:463:  perl-Module-Load-Conditional-0.74-4.el9.noarch
DEBUG util.py:463:  perl-IPC-Cmd-1.04-461.el9.noarch
DEBUG util.py:463:  perl-Unicode-Normalize-1.27-461.el9.armv6hl
DEBUG util.py:463:  perl-Digest-SHA-6.02-461.el9.armv6hl
DEBUG util.py:463:  perl-Devel-Peek-1.28-483.el9.armv6hl
DEBUG util.py:463:  m4-1.4.19-1.el9.armv6hl
DEBUG util.py:463:  libmpc-1.2.1-4.el9.armv6hl
DEBUG util.py:463:  perl-Dumpvalue-2.27-483.el9.noarch
DEBUG util.py:463:  perl-Net-Ping-2.74-5.el9.noarch
DEBUG util.py:463:  python3-libs-3.9.25-7.el9_8.2.redsleeve.armv6hl
DEBUG util.py:463:  python3-3.9.25-7.el9_8.2.redsleeve.armv6hl
DEBUG util.py:463:  python-unversioned-command-3.9.25-7.el9_8.2.redsleeve.noarch
DEBUG util.py:463:  python3-pyparsing-2.4.7-9.el9.noarch
DEBUG util.py:463:  python3-setuptools-53.0.0-15.el9.noarch
DEBUG util.py:463:  perl-TermReadKey-2.38-11.el9.armv6hl
DEBUG util.py:463:  perl-Sys-Hostname-1.23-483.el9.armv6hl
DEBUG util.py:463:  perl-Params-Util-1.102-5.el9.armv6hl
DEBUG util.py:463:  perl-Opcode-1.48-483.el9.armv6hl
DEBUG util.py:463:  perl-Safe-2.41-483.el9.noarch
DEBUG util.py:463:  perl-I18N-Langinfo-0.19-483.el9.armv6hl
DEBUG util.py:463:  perl-Hash-Util-FieldHash-1.20-483.el9.armv6hl
DEBUG util.py:463:  perl-Hash-Util-0.23-483.el9.armv6hl
DEBUG util.py:463:  perl-Devel-PPPort-3.62-4.el9.armv6hl
DEBUG util.py:463:  perl-Compress-Raw-Bzip2-2.101-5.el9.armv6hl
DEBUG util.py:463:  perl-IO-Compress-2.102-4.el9_8.1.noarch
DEBUG util.py:463:  perl-IO-Zlib-1.11-4.el9.noarch
DEBUG util.py:463:  slang-2.3.2-11.el9.armv6hl
DEBUG util.py:463:  pciutils-libs-3.7.0-7.el9.armv6hl
DEBUG util.py:463:  make-4.3-8.el9.armv6hl
DEBUG util.py:463:  slang-devel-2.3.2-11.el9.armv6hl
DEBUG util.py:463:  perl-DBM_Filter-0.06-483.el9.noarch
DEBUG util.py:463:  perl-fields-2.27-483.el9.noarch
DEBUG util.py:463:  perl-Encode-Locale-1.05-21.el9.noarch
DEBUG util.py:463:  perl-Data-OptList-0.110-17.el9.noarch
DEBUG util.py:463:  perl-Sub-Exporter-0.987-27.el9.noarch
DEBUG util.py:463:  perl-Data-Section-0.200007-14.el9.noarch
DEBUG util.py:463:  perl-Software-License-0.103014-12.el9.noarch
DEBUG util.py:463:  python3-pip-21.3.1-2.el9_8.rocky.0.1.noarch
DEBUG util.py:463:  python3-packaging-20.9-5.el9.noarch
DEBUG util.py:463:  python3-rpm-generators-12-9.el9.noarch
DEBUG util.py:463:  systemtap-sdt-dtrace-5.4-4.el9.armv6hl
DEBUG util.py:463:  systemtap-sdt-devel-5.4-4.el9.armv6hl
DEBUG util.py:463:  perl-debugger-1.56-483.el9.noarch
DEBUG util.py:463:  perl-Unicode-UCD-0.75-483.el9.noarch
DEBUG util.py:463:  perl-File-Fetch-1.00-4.el9.noarch
DEBUG util.py:463:  perl-Module-CoreList-tools-5.20240609-1.el9.noarch
DEBUG util.py:463:  perl-Archive-Zip-1.68-6.el9.noarch
DEBUG util.py:463:  perl-Thread-3.05-483.el9.noarch
DEBUG util.py:463:  perl-Thread-Queue-3.14-460.el9.noarch
DEBUG util.py:463:  perl-Thread-Semaphore-2.13-483.el9.noarch
DEBUG util.py:463:  perl-experimental-0.022-6.el9.noarch
DEBUG util.py:463:  pciutils-3.7.0-7.el9.armv6hl
DEBUG util.py:463:  newt-0.52.21-11.el9.armv6hl
DEBUG util.py:463:  cpp-11.5.0-14.el9.redsleeve.armv6hl
DEBUG util.py:463:  perl-Unicode-Collate-1.29-4.el9.armv6hl
DEBUG util.py:463:  perl-Math-BigInt-FastCalc-0.500.900-460.el9.armv6hl
DEBUG util.py:463:  perl-Digest-SHA1-2.13-34.el9.armv6hl
DEBUG util.py:463:  perl-Time-Piece-1.3401-483.el9.armv6hl
DEBUG util.py:463:  perl-Sys-Syslog-0.36-461.el9.armv6hl
DEBUG util.py:463:  perl-ODBM_File-1.16-483.el9.armv6hl
DEBUG util.py:463:  perl-IPC-SysV-2.09-4.el9.armv6hl
DEBUG util.py:463:  perl-GDBM_File-1.18-483.el9.armv6hl
DEBUG util.py:463:  perl-File-DosGlob-1.12-483.el9.armv6hl
DEBUG util.py:463:  perl-Devel-Size-0.83-10.el9.armv6hl
DEBUG util.py:463:  perl-DB_File-1.855-4.el9.armv6hl
DEBUG util.py:463:  perl-Compress-Raw-Lzma-2.101-3.el9.armv6hl
DEBUG util.py:463:  perl-IO-Compress-Lzma-2.101-4.el9.noarch
DEBUG util.py:463:  perl-Archive-Tar-2.38-6.el9_8.2.noarch
DEBUG util.py:463:  perl-Compress-Bzip2-2.28-5.el9.armv6hl
DEBUG util.py:463:  libdatrie-0.2.13-4.el9.armv6hl
DEBUG util.py:463:  libthai-0.1.28-8.el9.armv6hl
DEBUG util.py:463:  sombok-2.4.0-16.el9.armv6hl
DEBUG util.py:463:  perl-Unicode-LineBreak-2019.001-11.el9.armv6hl
DEBUG util.py:463:  perl-Term-Table-0.015-8.el9.noarch
DEBUG util.py:463:  perl-Test-Simple-1.302183-4.el9.noarch
DEBUG util.py:463:  npth-1.6-8.el9.armv6hl
DEBUG util.py:463:  nettle-3.10.1-1.el9.armv6hl
DEBUG util.py:463:  gnutls-3.8.10-8.el9_8.armv6hl
DEBUG util.py:463:  ncurses-c++-libs-6.2-12.20210508.el9.armv6hl
DEBUG util.py:463:  libubsan-11.5.0-14.el9.redsleeve.armv6hl
DEBUG util.py:463:  libksba-1.5.1-7.el9.armv6hl
DEBUG util.py:463:  libkcapi-1.4.0-2.el9.armv6hl
DEBUG util.py:463:  libedit-3.1-39.20210216cvs.el9.armv6hl
DEBUG util.py:463:  llvm-libs-21.1.8-2.el9.redsleeve.armv6hl
DEBUG util.py:463:  libassuan-2.5.5-3.el9.armv6hl
DEBUG util.py:463:  gnupg2-2.3.3-5.el9.armv6hl
DEBUG util.py:463:  perl-Module-Signature-0.88-1.el9.noarch
DEBUG util.py:463:  libasan-11.5.0-14.el9.redsleeve.armv6hl
DEBUG util.py:463:  gcc-11.5.0-14.el9.redsleeve.armv6hl
DEBUG util.py:463:  perl-devel-5.32.1-483.el9.armv6hl
DEBUG util.py:463:  perl-ExtUtils-Install-2.20-4.el9.noarch
DEBUG util.py:463:  perl-ExtUtils-MakeMaker-7.60-3.el9.noarch
DEBUG util.py:463:  perl-Filter-1.60-4.el9.armv6hl
DEBUG util.py:463:  perl-encoding-3.00-462.el9.armv6hl
DEBUG util.py:463:  perl-ExtUtils-Embed-1.35-483.el9.noarch
DEBUG util.py:463:  perl-ExtUtils-Miniperl-1.09-483.el9.noarch
DEBUG util.py:463:  perl-open-1.12-483.el9.noarch
DEBUG util.py:463:  perl-Filter-Simple-0.96-460.el9.noarch
DEBUG util.py:463:  perl-libnetcfg-5.32.1-483.el9.noarch
DEBUG util.py:463:  perl-inc-latest-0.500-20.el9.noarch
DEBUG util.py:463:  perl-Encode-devel-3.08-462.el9.armv6hl
DEBUG util.py:463:  gcc-c++-11.5.0-14.el9.redsleeve.armv6hl
DEBUG util.py:463:  perl-ExtUtils-CBuilder-0.280236-5.el9.noarch
DEBUG util.py:463:  perl-Module-Build-0.42.31-9.el9.noarch
DEBUG util.py:463:  perl-CPAN-2.29-5.el9.noarch
DEBUG util.py:463:  perl-5.32.1-483.el9.armv6hl
DEBUG util.py:463:  gettext-libs-0.21-8.el9.armv6hl
DEBUG util.py:463:  ncurses-devel-6.2-12.20210508.el9.armv6hl
DEBUG util.py:463:  newt-devel-0.52.21-11.el9.armv6hl
DEBUG util.py:463:  pciutils-devel-3.7.0-7.el9.armv6hl
DEBUG util.py:463:  python3-devel-3.9.25-7.el9_8.2.redsleeve.armv6hl
DEBUG util.py:463:  elfutils-devel-0.194-1.el9.rocky.0.1.armv6hl
DEBUG util.py:463:  audit-libs-devel-3.1.5-8.el9.armv6hl
DEBUG util.py:463:  binutils-devel-2.35.2-72.el9.redsleeve.armv6hl
DEBUG util.py:463:  openssl-devel-3.5.5-6.el9_8.armv6hl
DEBUG util.py:463:  gettext-0.21-8.el9.armv6hl
DEBUG util.py:463:  gcc-plugin-annobin-11.5.0-14.el9.redsleeve.armv6hl
DEBUG util.py:463:  annobin-12.98-2.el9.armv6hl
DEBUG util.py:463:  libkcapi-hmaccalc-1.4.0-2.el9.armv6hl
DEBUG util.py:463:  bison-3.7.4-5.el9.armv6hl
DEBUG util.py:463:  flex-2.6.4-9.el9.armv6hl
DEBUG util.py:463:  net-tools-2.0-0.64.20160912git.el9.armv6hl
DEBUG util.py:463:  kmod-28-11.el9.armv6hl
DEBUG util.py:463:  hostname-3.23-6.el9.armv6hl
DEBUG util.py:463:  bc-1.07.1-14.el9.armv6hl
DEBUG util.py:610:  Child return code was: 0
DEBUG util.py:185:  kill orphans in chroot /var/lib/mock/redsleeve-local-9-armv6hl/root
DEBUG util.py:185:  kill orphans in chroot /var/lib/mock/redsleeve-local-9-armv6hl-bootstrap/root/var/lib/mock/redsleeve-local-9-armv6hl/root
DEBUG util.py:636:  child environment: None
DEBUG util.py:558:  Executing command: ['/bin/umount', '-n', '-l', '/var/lib/mock/redsleeve-local-9-armv6hl-bootstrap/root/var/lib/mock/redsleeve-local-9-armv6hl/root'] with env {'TERM': 'vt100', 'SHELL': '/bin/sh', 'HOME': '/builddir', 'HOSTNAME': 'mock', 'PATH': '/usr/bin:/bin:/usr/sbin:/sbin', 'LANG': 'C.UTF-8'} and shell False
DEBUG util.py:610:  Child return code was: 0
DEBUG util.py:636:  child environment: None
DEBUG util.py:558:  Executing command: ['/bin/umount', '-n', '-l', '/var/lib/mock/redsleeve-local-9-armv6hl-bootstrap/root/var/lib/mock/redsleeve-local-9-armv6hl/root'] with env {'TERM': 'vt100', 'SHELL': '/bin/sh', 'HOME': '/builddir', 'HOSTNAME': 'mock', 'PATH': '/usr/bin:/bin:/usr/sbin:/sbin', 'LANG': 'C.UTF-8'} and shell False
DEBUG util.py:610:  Child return code was: 0
DEBUG file_util.py:17:  ensuring that dir exists: /var/lib/mock/redsleeve-local-9-armv6hl-bootstrap/root/var/lib/mock/redsleeve-local-9-armv6hl/root
DEBUG util.py:636:  child environment: None
DEBUG util.py:558:  Executing command: ['/bin/mount', '-n', '-t', 'tmpfs', '-o', 'private,mode=0755', 'tmpfs', '/var/lib/mock/redsleeve-local-9-armv6hl-bootstrap/root/var/lib/mock/redsleeve-local-9-armv6hl/root'] with env {'TERM': 'vt100', 'SHELL': '/bin/sh', 'HOME': '/builddir', 'HOSTNAME': 'mock', 'PATH': '/usr/bin:/bin:/usr/sbin:/sbin', 'LANG': 'C.UTF-8'} and shell False
DEBUG util.py:610:  Child return code was: 0
DEBUG file_util.py:17:  ensuring that dir exists: /var/lib/mock/redsleeve-local-9-armv6hl-bootstrap/root/var/lib/mock/redsleeve-local-9-armv6hl/root
DEBUG util.py:636:  child environment: None
DEBUG util.py:558:  Executing command: ['/bin/mount', '-n', '-o', 'rbind', '/var/lib/mock/redsleeve-local-9-armv6hl/root', '/var/lib/mock/redsleeve-local-9-armv6hl-bootstrap/root/var/lib/mock/redsleeve-local-9-armv6hl/root'] with env {'TERM': 'vt100', 'SHELL': '/bin/sh', 'HOME': '/builddir', 'HOSTNAME': 'mock', 'PATH': '/usr/bin:/bin:/usr/sbin:/sbin', 'LANG': 'C.UTF-8'} and shell False
DEBUG util.py:610:  Child return code was: 0
DEBUG util.py:636:  child environment: None
DEBUG util.py:558:  Executing command: ['/bin/mount', '-n', '-o', 'remount,private,rbind', '--target', '/var/lib/mock/redsleeve-local-9-armv6hl-bootstrap/root/var/lib/mock/redsleeve-local-9-armv6hl/root'] with env {'TERM': 'vt100', 'SHELL': '/bin/sh', 'HOME': '/builddir', 'HOSTNAME': 'mock', 'PATH': '/usr/bin:/bin:/usr/sbin:/sbin', 'LANG': 'C.UTF-8'} and shell False
DEBUG util.py:610:  Child return code was: 0
DEBUG util.py:636:  child environment: None
DEBUG util.py:553:  Using nspawn with args ['--capability=cap_ipc_lock', '--bind=/tmp/mock-resolv.524gza7b:/etc/resolv.conf']
DEBUG util.py:558:  Executing command: ['/usr/bin/systemd-nspawn', '-q', '-M', '18531a9167bc462992c446c1f15a6ade', '-D', '/var/lib/mock/redsleeve-local-9-armv6hl-bootstrap/root', '-a', '--capability=cap_ipc_lock', '--bind=/tmp/mock-resolv.524gza7b:/etc/resolv.conf', '--console=pipe', '--setenv=TERM=vt100', '--setenv=SHELL=/bin/bash', '--setenv=HOME=/builddir', '--setenv=HOSTNAME=mock', '--setenv=PATH=/usr/bin:/bin:/usr/sbin:/sbin', '--setenv=PROMPT_COMMAND=printf "\\033]0;<mock-chroot>\\007"', '--setenv=PS1=<mock-chroot> \\s-\\v\\$ ', '--setenv=LANG=C.UTF-8', '--resolv-conf=off', '/bin/sh', '-c', "rpm -qa --root '/var/lib/mock/redsleeve-local-9-armv6hl/root' --qf '%{nevra} %{buildtime} %{size} %{pkgid} installed\\n'"] with env {'TERM': 'vt100', 'SHELL': '/bin/bash', 'HOME': '/builddir', 'HOSTNAME': 'mock', 'PATH': '/usr/bin:/bin:/usr/sbin:/sbin', 'PROMPT_COMMAND': 'printf "\\033]0;<mock-chroot>\\007"', 'PS1': '<mock-chroot> \\s-\\v\\$ ', 'LANG': 'C.UTF-8', 'SYSTEMD_NSPAWN_TMPFS_TMP': '0', 'SYSTEMD_SECCOMP': '0'} and shell False
DEBUG util.py:463:  gpg-pubkey-2f00d701-6317b177 1662497143 0 (none) installed
DEBUG util.py:463:  rust-srpm-macros-17-4.el9.redsleeve.noarch 1659273193 2446 49ef8ef7f66551283baf25bd70810d00 installed
DEBUG util.py:463:  qt5-srpm-macros-5.15.9-1.el9.noarch 1703806117 492 45a59130e3572c681e5fe8b958e82cdc installed
DEBUG util.py:463:  perl-srpm-macros-1-41.el9.noarch 1659079733 862 5e7096dac5383117f7efa6b340aab62a installed
DEBUG util.py:463:  openblas-srpm-macros-2-11.el9.redsleeve.noarch 1659224297 103 26fcc7a0669da3fd5eae0ab8300c5c74 installed
DEBUG util.py:463:  ocaml-srpm-macros-6-6.el9.noarch 1659036992 745 5f7082acf2dc73c71f7a55f428e79d91 installed
DEBUG util.py:463:  ghc-srpm-macros-1.5.0-6.el9.noarch 1658887730 535 063c52e0542aacbebe817247e41aa072 installed
DEBUG util.py:463:  tzdata-2026c-1.el9_8.noarch 1786166291 1917852 42b04b400e9d5ce115bffafb262f9aaf installed
DEBUG util.py:463:  publicsuffix-list-dafsa-20210518-3.el9.noarch 1658484769 68815 408fcde2d59a2f9a3e18ecdd96615971 installed
DEBUG util.py:463:  pkgconf-m4-1.7.3-10.el9.noarch 1686085492 14187 ff787b3cac301d2e788290b6ff205bbd installed
DEBUG util.py:463:  pcre2-syntax-10.40-6.el9.noarch 1735104373 234324 b6c95c3710d14408d7b61c6dd933e4e9 installed
DEBUG util.py:463:  ncurses-base-6.2-12.20210508.el9.noarch 1766441027 307293 dcbdab72adbb367a7a192805d6d153d1 installed
DEBUG util.py:463:  libssh-config-0.10.4-18.el9.noarch 1781393812 277 b4fd63db8af875ace38a25892a36c965 installed
DEBUG util.py:463:  gawk-all-langpacks-5.1.0-6.el9.armv6hl 1658515890 1205149 19daa7a72c2dc3d084ca0d762b2b76ab installed
DEBUG util.py:463:  coreutils-common-8.32-41.el9_8.armv6hl 1783092508 10880341 00d9f061e9feaac7e9492e48c9560765 installed
DEBUG util.py:463:  ncurses-libs-6.2-12.20210508.el9.armv6hl 1766441027 1092475 e2d56a860fb2fddf95df57edfa4f24a6 installed
DEBUG util.py:463:  redsleeve-release-9.8-0.el9.noarch 1781137778 32063 cc11b60aa70fb9e2f634bfd66cacd9de installed
DEBUG util.py:463:  setup-2.13.7-10.el9.noarch 1717485764 725932 876afa082c9fa10fe4fa5d51404e10d4 installed
DEBUG util.py:463:  filesystem-3.16-5.el9.armv6hl 1735067435 88 6e3ae4493bee390136745e95fd678302 installed
DEBUG util.py:463:  basesystem-11-13.el9.0.1.noarch 1717417548 0 418a03d49144be07b1d5cfe660586f78 installed
DEBUG util.py:463:  bash-5.1.8-9.el9.armv6hl 1717417601 7623021 67bcb95fab4e64161d5ed76830a34aee installed
DEBUG util.py:463:  libgcc-11.5.0-14.el9.redsleeve.armv6hl 1782175757 234810 1817c8120488830de3484038b05cb12c installed
DEBUG util.py:463:  glibc-gconv-extra-2.34-275.el9_8.redsleeve.armv6hl 1785906138 19221270 42bd5274d49122ffb601ee87b6397226 installed
DEBUG util.py:463:  glibc-minimal-langpack-2.34-275.el9_8.redsleeve.armv6hl 1785906138 0 ea02176dac8cb0783390dff316910589 installed
DEBUG util.py:463:  glibc-common-2.34-275.el9_8.redsleeve.armv6hl 1785906138 1345022 4807aef7aac77ab8c5837508d1c59a51 installed
DEBUG util.py:463:  glibc-2.34-275.el9_8.redsleeve.armv6hl 1785906138 5783064 22b6d8557664e36f1fdf7cde5227c264 installed
DEBUG util.py:463:  crypto-policies-20260224-1.gitea0f072.el9.noarch 1782715857 101102 bbfd5e3bda82b5a4a152f59d8c23eaaa installed
DEBUG util.py:463:  systemd-rpm-macros-252-67.el9_8.4.redsleeve.noarch 1783255206 10405 9509132047cf02d67edc6c10ce935110 installed
DEBUG util.py:463:  zlib-1.2.11-40.el9.armv6hl 1703536251 185879 1f00d08bc04a2cfa6cb766a6157f8dfe installed
DEBUG util.py:463:  xz-libs-5.2.5-8.el9.armv6hl 1658503527 151567 beecf3e47f2a025ac2876a45ee334037 installed
DEBUG util.py:463:  bzip2-libs-1.0.8-11.el9.armv6hl 1781132494 73306 0800c44e43059b1f03c724e52806c854 installed
DEBUG util.py:463:  libacl-2.4.0-1.el9_8.armv6hl 1784772902 68608 45342565635f5f36366a58a2dc3aeb96 installed
DEBUG util.py:463:  libzstd-1.5.5-1.el9.armv6hl 1754035159 683072 b14752e5878257700df3d67d29d64cad installed
DEBUG util.py:463:  libxcrypt-4.4.18-3.el9.armv6hl 1659686838 274014 6b5aa381d9f124fa45186afbce1409eb installed
DEBUG util.py:463:  elfutils-libelf-0.194-1.el9.rocky.0.1.armv6hl 1781277616 1196646 571af08ea8793bf2079f508cb2a997df installed
DEBUG util.py:463:  libcap-2.48-10.el9.1.armv6hl 1778256786 503469 86e66fc96d7fbb8843b29fbc099436b6 installed
DEBUG util.py:463:  libstdc++-11.5.0-14.el9.redsleeve.armv6hl 1782175757 2236279 967c2e27952ed111f5e3034edf9032df installed
DEBUG util.py:463:  libuuid-2.37.4-25.el9.armv6hl 1782319439 70011 937ac214ed3d2d91183ff538ae332869 installed
DEBUG util.py:463:  gmp-1:6.2.0-13.el9.armv6hl 1703589156 540482 17ba4462df0c9af98ce9cf2d854ddcc7 installed
DEBUG util.py:463:  lz4-libs-1.9.3-5.el9.armv6hl 1658466519 123889 320f2b17ce245059a82d19592fa66ccd installed
DEBUG util.py:463:  popt-1.18-8.el9.armv6hl 1658483572 121186 a1285b708333fdfd23194432ed08fb63 installed
DEBUG util.py:463:  libattr-2.5.1-3.el9.armv6hl 1658420972 20415 42d2dadb5e086507605fb9b54c4ed307 installed
DEBUG util.py:463:  libcap-ng-0.8.2-7.el9.armv6hl 1658451724 57160 10ac6ae27ca6ad667d90f6464ba345be installed
DEBUG util.py:463:  audit-libs-3.1.5-8.el9.armv6hl 1781242275 296017 b9050bc3f08ca00072a2f8643d62281c installed
DEBUG util.py:463:  libcom_err-1.46.5-8.el9.armv6hl 1766484718 112667 0c29702a0c0b8ddd3ad590dea21d08b9 installed
DEBUG util.py:463:  readline-8.1-4.el9.armv6hl 1658486996 394252 bd9bc55130ba0c0073d14e555836a93f installed
DEBUG util.py:463:  mpfr-4.1.0-10.el9.armv6hl 1781136864 540977 218adce0bc091fb9833a6f7aa60417df installed
DEBUG util.py:463:  dwz-0.16-1.el9.armv6hl 1766595277 327964 b376169605c4594f644db4e3ae4e292f installed
DEBUG util.py:463:  unzip-6.0-60.el9_8.armv6hl 1781143633 478079 7a3405829b6e9304306984ff1c7d9bc8 installed
DEBUG util.py:463:  file-libs-5.39-17.el9.armv6hl 1781242718 8102390 829a55bf60c0ed655091ab2996d56028 installed
DEBUG util.py:463:  file-5.39-17.el9.armv6hl 1781242718 142492 4cb028ea400df45789f89a154abee6bb installed
DEBUG util.py:463:  sqlite-libs-3.34.1-10.el9_8.armv6hl 1781138487 1225742 8cde21c9401958e9695dec9736c3c020 installed
DEBUG util.py:463:  alternatives-1.24-2.el9.armv6hl 1753956721 91173 cdc47ddc050cb1b6f74f204dd7b9b0a2 installed
DEBUG util.py:463:  gdbm-libs-1:1.23-1.el9.armv6hl 1735069472 172202 092335a45d93f7c11f5fa5136c462370 installed
DEBUG util.py:463:  libatomic-11.5.0-14.el9.redsleeve.armv6hl 1782175757 70092 02bf307e6028990fd4e44837c944643a installed
DEBUG util.py:463:  libffi-3.4.2-8.el9.armv6hl 1703494467 52599 b1d426e1b4d669fa05e61b078249ce65 installed
DEBUG util.py:463:  libsepol-3.6-3.el9.armv6hl 1766435800 828533 c3100779764d0d0a92421141dc3248d0 installed
DEBUG util.py:463:  libsigsegv-2.13-4.el9.armv6hl 1658459907 45388 47bcd08a3d2b2230fc5b245909401873 installed
DEBUG util.py:463:  gawk-5.1.0-6.el9.armv6hl 1658515890 1552466 9ce8ba814641cf9461b2a8b61d7377cc installed
DEBUG util.py:463:  libsmartcols-2.37.4-25.el9.armv6hl 1782319439 162833 8fc3e88b3c43b466c016b5f90d644cbd installed
DEBUG util.py:463:  libtasn1-4.16.0-10.el9_8.redsleeve.armv6hl 1783254653 223558 a6d7a8989c5aaa0b6a1c781b3d61dc5b installed
DEBUG util.py:463:  p11-kit-0.26.4-1.el9_8.armv6hl 1785903794 2690563 88c29bf469ce8f5021773962deca6f49 installed
DEBUG util.py:463:  libunistring-0.9.10-15.el9.armv6hl 1658461539 1551905 5dd1e1bf27113594347257be61eb441c installed
DEBUG util.py:463:  libidn2-2.3.0-7.el9.armv6hl 1658456608 244518 b70bce5572eacbbb94c7a004fbe7aa16 installed
DEBUG util.py:463:  lua-libs-5.4.4-4.el9.armv6hl 1703504622 241953 7e707c68b336e8c585407651fac146c2 installed
DEBUG util.py:463:  pcre2-10.40-6.el9.armv6hl 1735104373 663118 231636fc7b0cc1a7354379efdad61cff installed
DEBUG util.py:463:  libselinux-3.6-3.el9.armv6hl 1753993781 204911 fc5d9bc4a0da1d651b111e81a34f5f76 installed
DEBUG util.py:463:  sed-4.8-10.el9_8.armv6hl 1781137910 831999 8e5c92dcc439eff0265c33708c6d7156 installed
DEBUG util.py:463:  findutils-1:4.8.0-7.el9.armv6hl 1735067864 1738554 664a3f42e61a891f5cf241c6c1aa4ef3 installed
DEBUG util.py:463:  libsemanage-3.6-5.el9.armv6hl 1753993987 305408 7816d07f398187dacf69f012970fff6b installed
DEBUG util.py:463:  shadow-utils-2:4.9-16.el9.armv6hl 1781241520 4159345 a4e50bd406ad68699e09df54a379aefc installed
DEBUG util.py:463:  libutempter-1.2.1-6.el9.armv6hl 1658462294 45183 4a2520efcaa516d8affb86572fe273e0 installed
DEBUG util.py:463:  tar-2:1.34-11.el9.armv6hl 1781349789 3169730 9270bcb786ae8a2226fd8ccfd6b2b2bf installed
DEBUG util.py:463:  libpsl-0.21.1-5.el9.armv6hl 1658618097 69534 f2b12338945ef80afea27f82bbe2817f installed
DEBUG util.py:463:  p11-kit-trust-0.26.4-1.el9_8.armv6hl 1785903794 475091 71a0c4657d183ce54790bc172ca9b6f5 installed
DEBUG util.py:463:  zip-3.0-35.el9.armv6hl 1686103412 680471 5970d752e668db049bad336577168193 installed
DEBUG util.py:463:  zstd-1.5.5-1.el9.armv6hl 1754035159 954947 16ab051b781ac0a406c3a98bafd11ba6 installed
DEBUG util.py:463:  groff-base-1.22.4-10.el9.armv6hl 1660376525 3557938 f72f881e7bdbfca99b3ad53b0393c9d0 installed
DEBUG util.py:463:  acl-2.4.0-1.el9_8.armv6hl 1784772902 335761 a7a0c8b4319fdc5a1f33335852eca4be installed
DEBUG util.py:463:  bzip2-1.0.8-11.el9.armv6hl 1781132494 175028 3316b67a9299fca386c3e90d34be0833 installed
DEBUG util.py:463:  libxml2-2.9.13-14.el9_8.2.armv6hl 1784177294 1828086 becdbc5730c978c22f6914bd8d7a40ae installed
DEBUG util.py:463:  info-6.7-15.el9.armv6hl 1658500045 439747 9e5c907b17880a56945bf103160eae69 installed
DEBUG util.py:463:  ed-1.14.2-12.el9.armv6hl 1658437975 120875 ba1fe42d5b6913dd327cfc04e5755007 installed
DEBUG util.py:463:  patch-2.7.6-16.el9.armv6hl 1659042707 276802 38e5f772997368f8403046bb5751df47 installed
DEBUG util.py:463:  cpio-2.13-16.el9.armv6hl 1658425538 1068747 3e7a1827f802db3cd6223475fa619bba installed
DEBUG util.py:463:  diffutils-3.7-12.el9.armv6hl 1658426466 1410286 0210a0e52f7422f51eebb23d1f62469d installed
DEBUG util.py:463:  expat-2.5.0-6.el9_8.1.armv6hl 1781156400 340781 ff98186a885de7955db9ab7c88c034e6 installed
DEBUG util.py:463:  json-c-0.14-11.el9.armv6hl 1658449364 61912 ebe528da552bc51067f7e5ad7c10374e installed
DEBUG util.py:463:  keyutils-libs-1.6.3-1.el9.armv6hl 1686054538 46317 09ed39f8f7db8ad9026edcb39afbfe83 installed
DEBUG util.py:463:  libbrotli-1.0.9-9.el9.armv6hl 1770559336 796368 22622d56b8f5bf31f1fcbc44c3082f88 installed
DEBUG util.py:463:  libdb-5.3.28-57.el9.armv6hl 1753988216 1626860 afd7a5120d3f11ad6df0250c68715436 installed
DEBUG util.py:463:  libeconf-0.4.1-7.el9_8.armv6hl 1781411341 73621 b2c3efdcffe206926537924f2b96f986 installed
DEBUG util.py:463:  libgomp-11.5.0-14.el9.redsleeve.armv6hl 1782175757 400271 3fdb06e89f028fa906a6fb56a7ecbe44 installed
DEBUG util.py:463:  libgpg-error-1.42-5.el9.armv6hl 1658456340 810590 3b7490bf63470b711da78e9224c82186 installed
DEBUG util.py:463:  libgcrypt-1.10.0-13.el9_8.armv6hl 1786085317 1106476 272cd877f2d1a61fff721ef989c9aa65 installed
DEBUG util.py:463:  libnghttp2-1.43.0-6.el9.1.armv6hl 1776605086 201822 e2e3fb0395076491262fdfd762215b0c installed
DEBUG util.py:463:  libpkgconf-1.7.3-10.el9.armv6hl 1686085492 53383 3efccf6a6d159f4037db0be46ab60ffb installed
DEBUG util.py:463:  pkgconf-1.7.3-10.el9.armv6hl 1686085492 68462 2de18ed8eabb575d81b73344b28487a2 installed
DEBUG util.py:463:  pkgconf-pkg-config-1.7.3-10.el9.armv6hl 1686085492 1192 2a2ca3650791473839539ec0b1d1e5d7 installed
DEBUG util.py:463:  libseccomp-2.5.2-2.el9.redsleeve.armv6hl 1658412229 174515 2de50e540c419cca3cf504f48d5da016 installed
DEBUG util.py:463:  libtool-ltdl-2.4.6-46.el9.armv6hl 1753994883 95278 04e3c16f28e3cc4431a8f2f5e71fbb60 installed
DEBUG util.py:463:  libverto-0.3.2-3.el9.armv6hl 1658462347 21367 1a63170491b3fff19338428e94bf2aab installed
DEBUG util.py:463:  ncurses-6.2-12.20210508.el9.armv6hl 1766441027 897588 ada1395839eb47b0309e285852297560 installed
DEBUG util.py:463:  pcre-8.44-4.el9.armv6hl 1735103834 564784 05601a39eefcb947b563a9a4cb01633a installed
DEBUG util.py:463:  grep-3.6-5.el9.armv6hl 1658442353 832280 d30976045b2bb4067239eeaf5a00717d installed
DEBUG util.py:463:  openssl-fips-provider-1:3.5.5-6.el9_8.armv6hl 1785306290 1336756 a0115a47ff441a8ca01d7cc3555ccbf0 installed
DEBUG util.py:463:  openssl-libs-1:3.5.5-6.el9_8.armv6hl 1785306290 5239713 7111c9ba44eb10a0013dc103cdff8b0d installed
DEBUG util.py:463:  coreutils-8.32-41.el9_8.armv6hl 1783092508 8319934 e615cd39465006bee52e317a42efbb31 installed
DEBUG util.py:463:  ca-certificates-2025.2.80_v9.0.305-91.el9.noarch 1766421838 2791711 28afc6539ab1c727b7ffc12788a2124b installed
DEBUG util.py:463:  libblkid-2.37.4-25.el9.armv6hl 1782319439 269715 b2f7378c1b9cb0eb6f0ebb694ae0350b installed
DEBUG util.py:463:  systemd-libs-252-67.el9_8.4.redsleeve.armv6hl 1783255206 1644254 464c15688e74a22a986ba709d43094a7 installed
DEBUG util.py:463:  libmount-2.37.4-25.el9.armv6hl 1782319439 296995 4a5801f90d20bd058ff3eb704fee822c installed
DEBUG util.py:463:  krb5-libs-1.21.1-10.el9_8.armv6hl 1781333093 2566352 2ee8623c865dcee03571ff79e689e560 installed
DEBUG util.py:463:  libfdisk-2.37.4-25.el9.armv6hl 1782319439 368133 4e83ab907dc324c7991d418af2f5a777 installed
DEBUG util.py:463:  gzip-1.12-1.el9.armv6hl 1670198751 371361 9646b381f800cc0bbd6a5c5dbacbd25f installed
DEBUG util.py:463:  cracklib-2.9.6-28.el9.armv6hl 1781134421 427008 718416d2b0ff963eeee8686a765f3520 installed
DEBUG util.py:463:  libarchive-3.5.3-9.el9.armv6hl 1776608608 799316 e47312ad8ed55e7100d821172188cd4d installed
DEBUG util.py:463:  xz-5.2.5-8.el9.armv6hl 1658503527 671911 0df30e76a30a128456ab808fd630520f installed
DEBUG util.py:463:  cracklib-dicts-2.9.6-28.el9.armv6hl 1781134421 9815154 12f263f22d0d734d73d4560f84840a09 installed
DEBUG util.py:463:  perl-Digest-1.19-4.el9.noarch 1659051629 36844 24d01316fa20c17371c751b3dfea64b5 installed
DEBUG util.py:463:  perl-Digest-MD5-2.58-4.el9.armv6hl 1659051723 56624 bc479357759cd1b552bc1fb1ad265d7a installed
DEBUG util.py:463:  perl-B-0:1.80-483.el9.armv6hl 1781305765 544643 cf9a8524806ec0078e9e44e1d5ae392c installed
DEBUG util.py:463:  perl-FileHandle-0:2.03-483.el9.noarch 1781305765 10533 fa60a0b25dc4de506f4337798fd39ef1 installed
DEBUG util.py:463:  perl-Data-Dumper-2.174-462.el9.armv6hl 1659051140 102907 ac212f0c825c6e81f862d59ca01080ad installed
DEBUG util.py:463:  perl-libnet-3.13-4.el9.noarch 1659079353 299357 bc3563ebc961e900dc3377cce1eea3fd installed
DEBUG util.py:463:  perl-AutoLoader-0:5.74-483.el9.noarch 1781305765 22038 8ad4be87ec58b786da405b22e2776f20 installed
DEBUG util.py:463:  perl-base-0:2.27-483.el9.noarch 1781305765 13820 89d3cd55c301bda76fd4c9162ac66fee installed
DEBUG util.py:463:  perl-URI-5.09-3.el9.noarch 1660278250 216915 4f045570c1efa714a2fe6d533f109b29 installed
DEBUG util.py:463:  perl-if-0:0.60.800-483.el9.noarch 1781305765 6875 5514b3a7989534ccf710a3ef7b4f4705 installed
DEBUG util.py:463:  perl-IO-Socket-IP-0.41-5.el9.noarch 1659070845 100240 4296c08aed0a2d704a0cae52d27a5b72 installed
DEBUG util.py:463:  perl-Time-Local-2:1.300-7.el9.noarch 1659077569 67344 ff7d8582ae0bae30bef55e1207018f13 installed
DEBUG util.py:463:  perl-File-Path-2.18-4.el9.noarch 1659053093 65333 f5b4016f07e6279be38f3375dc187195 installed
DEBUG util.py:463:  perl-IO-Socket-SSL-2.073-2.el9.noarch 1735584138 616300 9ee50ad1e24939fbc89bfd71c05c1313 installed
DEBUG util.py:463:  perl-Net-SSLeay-1.94-3.el9.armv6hl 1766664311 1482675 3874bbc92a70240448bd50c2b77dc2c0 installed
DEBUG util.py:463:  perl-Pod-Escapes-1:1.07-460.el9.noarch 1659075368 25764 8d4d5a7fae2758c1a68204ce46581151 installed
DEBUG util.py:463:  perl-Text-Tabs+Wrap-2013.0523-460.el9.noarch 1659077160 24828 c0b2b1fb599edb08eb3acf9df056d7ae installed
DEBUG util.py:463:  perl-Mozilla-CA-20200520-6.el9.noarch 1659074121 5866 987ef16e3c9b12f2874babfe31a531d2 installed
DEBUG util.py:463:  perl-Class-Struct-0:0.66-483.el9.noarch 1781305765 26954 26bbe66bdbe077ac478101ae8d218e27 installed
DEBUG util.py:463:  perl-POSIX-0:1.94-483.el9.armv6hl 1781305765 264014 00b34ab4732faee3b5e35980c4b62c56 installed
DEBUG util.py:463:  perl-Term-ANSIColor-5.01-461.el9.noarch 1659076348 100303 5338e9599115e7cfc6af1bea23503ec1 installed
DEBUG util.py:463:  perl-IPC-Open3-0:1.21-483.el9.noarch 1781305765 25047 9f8c61376bd980a2ad35703f16fdd3a7 installed
DEBUG util.py:463:  perl-subs-0:1.03-483.el9.noarch 1781305765 3061 8990203cf047c8bf3d355eda980cf508 installed
DEBUG util.py:463:  perl-File-Temp-1:0.231.100-4.el9.noarch 1659053237 166550 db0698e17e39924f1cff9cd2c240635f installed
DEBUG util.py:463:  perl-Term-Cap-1.17-460.el9.noarch 1659076401 29851 a74f949a4cee789e3ce81072631564b7 installed
DEBUG util.py:463:  perl-Pod-Simple-1:3.42-4.el9.noarch 1659075467 577293 cfc62b44b56336e8e8256418c46f93ef installed
DEBUG util.py:463:  perl-HTTP-Tiny-0.076-462.el9.noarch 1717781619 150675 99712fe501b32d8e9e0050b71b0f8d1b installed
DEBUG util.py:463:  perl-Socket-4:2.031-4.el9.armv6hl 1659075734 111887 83c2f014e4bb8e2f37f9a3ef1da946f0 installed
DEBUG util.py:463:  perl-SelectSaver-0:1.02-483.el9.noarch 1781305765 3171 a9462ada8a5b0355498b8f00dbdcb1fd installed
DEBUG util.py:463:  perl-Symbol-0:1.08-483.el9.noarch 1781305765 7847 91b0ef6e868d9a1713a6dd7660c9b7f0 installed
DEBUG util.py:463:  perl-File-stat-0:1.09-483.el9.noarch 1781305765 13950 ec5cdae258fa5b82c782ffa1ec8ef8ec installed
DEBUG util.py:463:  perl-podlators-1:4.14-460.el9.noarch 1659079673 288742 94c831d1e75ec32594ea3446be77d17f installed
DEBUG util.py:463:  perl-Pod-Perldoc-3.28.01-461.el9.noarch 1659075412 170960 0ff51da509a0a9d434010a55b3305034 installed
DEBUG util.py:463:  perl-Fcntl-0:1.13-483.el9.armv6hl 1781305765 74574 ebf1f2ed28682baddc48ebb4d040fb03 installed
DEBUG util.py:463:  perl-Text-ParseWords-3.30-460.el9.noarch 1659077062 13101 3ad26bb816284903076d3f040ca3b84a installed
DEBUG util.py:463:  perl-mro-0:1.23-483.el9.armv6hl 1781305765 83706 5b89cc7b6ea68619ab08f84a42457e99 installed
DEBUG util.py:463:  perl-IO-0:1.43-483.el9.armv6hl 1781305765 203363 7c64aa79f81ef55a9c1e7ebf1820f5e8 installed
DEBUG util.py:463:  perl-overloading-0:0.02-483.el9.noarch 1781305765 5894 cebe26d4eef534ec4aefefbf7206f96a installed
DEBUG util.py:463:  perl-Pod-Usage-4:2.01-4.el9.noarch 1659075546 87186 cdcfae4824a57e20ad10b197ceffd63e installed
DEBUG util.py:463:  perl-Errno-0:1.30-483.el9.armv6hl 1781305765 9512 b49f1b625e6e909365677ea1aa6e215a installed
DEBUG util.py:463:  perl-File-Basename-0:2.85-483.el9.noarch 1781305765 15340 7813fa218c3323dc687efde5f835631a installed
DEBUG util.py:463:  perl-Getopt-Std-0:1.12-483.el9.noarch 1781305765 12107 0a8deb9ade4e5ad098de3f125316e115 installed
DEBUG util.py:463:  perl-MIME-Base64-3.16-4.el9.armv6hl 1659072559 43299 f7eb84afe44c86803f39d67c4537999b installed
DEBUG util.py:463:  perl-Scalar-List-Utils-4:1.56-462.el9.armv6hl 1735584320 150770 786fe10497d665e06bbe54ea3c9d1815 installed
DEBUG util.py:463:  perl-constant-1.33-461.el9.noarch 1659079029 27104 1e2ca5b7519a100cbef7942078227411 installed
DEBUG util.py:463:  perl-Storable-1:3.21-460.el9.armv6hl 1659075929 198410 76b68ac1979986e6083e22f59943c89b installed
DEBUG util.py:463:  perl-overload-0:1.31-483.el9.noarch 1781305765 72822 1ec6f35f0f3e42177db1601f44f9c306 installed
DEBUG util.py:463:  perl-parent-1:0.238-460.el9.noarch 1659079575 9535 7b9d005a59c85338cc1d3efc94ba1614 installed
DEBUG util.py:463:  perl-vars-0:1.05-483.el9.noarch 1781305765 4927 c9f853bdedfeb5a946b1471e7fd786b0 installed
DEBUG util.py:463:  perl-Getopt-Long-1:2.52-4.el9.noarch 1659053580 139937 ca912ced5d847c8fd254845be21312c0 installed
DEBUG util.py:463:  perl-Carp-1.50-460.el9.noarch 1659049257 47889 f8694ba5697343b35eb2ba0249b883b1 installed
DEBUG util.py:463:  perl-Exporter-5.74-461.el9.noarch 1659052308 55359 3759a0b402f6391269f781da0ab42f68 installed
DEBUG util.py:463:  perl-NDBM_File-0:1.15-483.el9.armv6hl 1781305765 74223 68243e64a71c6c5a8f99d2e2597dc203 installed
DEBUG util.py:463:  perl-PathTools-3.78-461.el9.armv6hl 1659075170 177600 43fc5553c0be2c71e297e6a0ac54d024 installed
DEBUG util.py:463:  perl-Encode-4:3.08-462.el9.armv6hl 1659051908 4948652 aa1982f67f3ba7a4b53acc0057f81518 installed
DEBUG util.py:463:  perl-libs-4:5.32.1-483.el9.armv6hl 1781305765 8906721 b057655de96b02100822799daad9b33c installed
DEBUG util.py:463:  perl-interpreter-4:5.32.1-483.el9.armv6hl 1781305765 172478 9a11ab0c19f3ad54908e72c56e719956 installed
DEBUG util.py:463:  kernel-srpm-macros-1.0-14.el9.noarch 1766632930 16948 10b563df5b7c191989cfc3dfb8ba0932 installed
DEBUG util.py:463:  cyrus-sasl-lib-2.1.27-22.el9.armv6hl 1776538338 2387462 7482525dbbfefd6b3a5026a2b7f64e6f installed
DEBUG util.py:463:  libssh-0.10.4-18.el9.armv6hl 1781393812 525429 216cd405616c5c0c189a93830d51c4ef installed
DEBUG util.py:463:  util-linux-core-2.37.4-25.el9.armv6hl 1782319439 2195839 90fb82b35e1cdee2508e14ca3af8e21c installed
DEBUG util.py:463:  openssl-1:3.5.5-6.el9_8.armv6hl 1785306290 2103253 25d5523ccd93feeaab66cec369b9cbcd installed
DEBUG util.py:463:  libpwquality-1.4.4-8.el9.armv6hl 1658459115 392364 8f57d98d2c40f27aa171b8e5a13551a4 installed
DEBUG util.py:463:  pam-1.5.1-28.el9.armv6hl 1782320575 4603552 3a0261957af2d0976649039f04538ed4 installed
DEBUG util.py:463:  util-linux-2.37.4-25.el9.armv6hl 1782319439 13894455 aa2e67bf402af713b152c205b3cc8ab9 installed
DEBUG util.py:463:  kmod-libs-28-11.el9.armv6hl 1766434558 161672 d0cadcf06ed66d09eb782add73b26862 installed
DEBUG util.py:463:  dbus-1:1.12.20-8.el9.armv6hl 1703475961 0 a53af533326a92741c8ebe56918dfb4c installed
DEBUG util.py:463:  systemd-pam-252-67.el9_8.4.redsleeve.armv6hl 1783255206 475364 4aa4d9846c4e2e2217bb66b55af4aa0f installed
DEBUG util.py:463:  systemd-252-67.el9_8.4.redsleeve.armv6hl 1783255206 13991276 ebe5d7b07e2d486e7a04ecf6264f0310 installed
DEBUG util.py:463:  dbus-common-1:1.12.20-8.el9.noarch 1703475961 11394 f5daf378586978ce9615dfc242bf820f installed
DEBUG util.py:463:  dbus-broker-28-8.el9.armv6hl 1781414545 428721 875df88e57f68b5b036e20f0c3f13f35 installed
DEBUG util.py:463:  elfutils-default-yama-scope-0.194-1.el9.rocky.0.1.noarch 1781277616 1810 dc47f1fa42863507df1b22d1facb0944 installed
DEBUG util.py:463:  elfutils-libs-0.194-1.el9.rocky.0.1.armv6hl 1781277616 697085 e51d99ee02da5c8db55c9e1b55f20018 installed
DEBUG util.py:463:  libevent-2.1.12-8.el9.armv6hl 1725633333 793424 fd18b2299fee6fa9e576de118205bfd0 installed
DEBUG util.py:463:  openldap-2.6.8-4.el9.0.1.armv6hl 1754009048 1050263 b05f6b64d4d786b7a341a266613e15b1 installed
DEBUG util.py:463:  libcurl-7.76.1-40.el9.armv6hl 1781279082 607256 9d523fc7caacc2d46495283e927b23a6 installed
DEBUG util.py:463:  elfutils-debuginfod-client-0.194-1.el9.rocky.0.1.armv6hl 1781277616 145028 8de7c778d4d0cded0d95a698c8d06e7d installed
DEBUG util.py:463:  binutils-gold-2.35.2-72.el9.redsleeve.armv6hl 1781372535 2365591 39df4ec6dfe2d5a5eaeae5d1dcab734e installed
DEBUG util.py:463:  binutils-2.35.2-72.el9.redsleeve.armv6hl 1781372535 24952061 ff9578048658e01ea8f7c2259e32eec6 installed
DEBUG util.py:463:  elfutils-0.194-1.el9.rocky.0.1.armv6hl 1781277616 3131661 375caec3b79846ff6d2b7071e2c79cb4 installed
DEBUG util.py:463:  gdb-minimal-16.3-3.el9.armv6hl 1782409192 12744893 c7b88cd6ccc26c9ff315807b675dd56d installed
DEBUG util.py:463:  debugedit-5.0-11.el9.armv6hl 1766594893 245514 d392ddbe688f22d5071161ed3e0d1ab8 installed
DEBUG util.py:463:  curl-7.76.1-40.el9.armv6hl 1781279082 696385 e77d0ab47396c88ac1761512b4cd4a7a installed
DEBUG util.py:463:  rpm-4.16.1.3-40.el9.armv6hl 1781243642 2991093 b9155f903a73dc6b3bc2c7f30afe1071 installed
DEBUG util.py:463:  rpm-libs-4.16.1.3-40.el9.armv6hl 1781243642 681984 0a43724f70834016ba98ee7117286946 installed
DEBUG util.py:463:  efi-srpm-macros-6-4.el9.noarch 1766426814 41047 26834f4e8cfff5db8a3fd306f63f8311 installed
DEBUG util.py:463:  lua-srpm-macros-1-6.el9.noarch 1659011393 1314 a98650197634cdd577637cf3b9d6054e installed
DEBUG util.py:463:  rpm-build-libs-4.16.1.3-40.el9.armv6hl 1781243642 201256 49348eaee9f44b27e82858c16fda7a0e installed
DEBUG util.py:463:  fonts-srpm-macros-1:2.0.5-7.el9.1.noarch 1663283624 56503 53386b69720605cc1bdb5eed25d7db1c installed
DEBUG util.py:463:  go-srpm-macros-3.8.1-1.el9.redsleeve.noarch 1781979010 62613 f8e7485d4be6078932e4fc80d88dfcbb installed
DEBUG util.py:463:  python-srpm-macros-3.9-54.el9.noarch 1735591649 37605 4cc4d51687b08c628ea829a559126ddd installed
DEBUG util.py:463:  redhat-rpm-config-210-1.el9.redsleeve.noarch 1767451115 189912 dd06e5069b47af8fd7a9b3fadc5651ab installed
DEBUG util.py:463:  rpm-build-4.16.1.3-40.el9.armv6hl 1781243642 325429 9a82d8a23e03a74dbb883e9bd55ede48 installed
DEBUG util.py:463:  pyproject-srpm-macros-1.18.5-1.el9.noarch 1782173258 1945 c172b38f70b59cdc6cf143bd84535394 installed
DEBUG util.py:463:  which-2.21-30.el9.armv6hl 1754653173 121708 38ea4db87d37619eb5b91df1ab89f731 installed
DEBUG util.py:463:  perl-File-Find-0:1.37-483.el9.noarch 1781305765 39638 4b2aa5cd533a478686b48b435558567e installed
DEBUG util.py:463:  perl-File-Copy-0:2.34-483.el9.noarch 1781305765 21088 66ee49c2de9e1fcb26db63c139896418 installed
DEBUG util.py:463:  perl-ExtUtils-Manifest-1:1.73-4.el9.noarch 1659052684 86784 19c33ee0bbfd00d5cc8f78b71fe4f0c4 installed
DEBUG util.py:463:  perl-DynaLoader-0:1.47-483.el9.armv6hl 1781305765 33065 f9c5522565b4e64dd893cdfe3432419e installed
DEBUG util.py:463:  perl-lib-0:0.65-483.el9.armv6hl 1781305765 9673 2f0602528536434ae43ee38feb220897 installed
DEBUG util.py:463:  perl-File-Compare-0:1.100.600-483.el9.noarch 1781305765 6696 9b8e675bd0f8eb603f2f588e2f5465a1 installed
DEBUG util.py:463:  perl-ExtUtils-ParseXS-1:3.40-460.el9.noarch 1659052735 404352 3c6dbfcd852cc7bd0745e54278a57455 installed
DEBUG util.py:463:  zlib-devel-1.2.11-40.el9.armv6hl 1703536251 141090 b7f2fb794a93f5d0a5868175b84fc180 installed
DEBUG util.py:463:  perl-meta-notation-0:5.32.1-483.el9.noarch 1781305765 2117 388bec60b94ece66bc708982f60c12c4 installed
DEBUG util.py:463:  perl-locale-0:1.09-483.el9.noarch 1781305765 7339 d29abe8c9be4e26cb35493580eae1f9f installed
DEBUG util.py:463:  perl-Tie-0:4.6-483.el9.noarch 1781305765 37003 4768d889c9883bb4512b5724de132766 installed
DEBUG util.py:463:  perl-Term-ReadLine-0:1.17-483.el9.noarch 1781305765 18640 44bb46e33620a2eea30d2c80c5301f7a installed
DEBUG util.py:463:  perl-Perl-OSType-1.010-461.el9.noarch 1659075227 33835 136ea00b2214705a43b7e3c7e4695e94 installed
DEBUG util.py:463:  perl-Module-Load-1:0.36-4.el9.noarch 1659073908 15489 b9ed518eeec28e307893aca1085e7fde installed
DEBUG util.py:463:  kernel-headers-5.14.0-687.29.1.el9_8.redsleeve.armv6hl 1785048520 6503689 d4e0f0f204f7d87b86c9e01588675172 installed
DEBUG util.py:463:  libxcrypt-devel-4.4.18-3.el9.armv6hl 1659686838 31017 7690393cb8c7493a4310de1ff596b992 installed
DEBUG util.py:463:  glibc-devel-2.34-275.el9_8.redsleeve.armv6hl 1785906138 2175165 4092f7ffa728b0143a59a777095e0723 installed
DEBUG util.py:463:  perl-Pod-Html-0:1.25-483.el9.noarch 1781305765 38419 97a3687bec68fa41c97d60cc7f9884b9 installed
DEBUG util.py:463:  perl-ExtUtils-Command-2:7.60-3.el9.noarch 1659052522 10109 96619744794f8267eb0a01c063a59145 installed
DEBUG util.py:463:  python-rpm-macros-3.9-54.el9.noarch 1735591649 20079 724d1decfb0c2a7c96428f16b3fff283 installed
DEBUG util.py:463:  perl-doc-0:5.32.1-483.el9.noarch 1781305765 10387633 049a8705f11818418065d03ff77f04f2 installed
DEBUG util.py:463:  perl-autouse-0:1.11-483.el9.noarch 1781305765 6999 73bcdfe850829ce6a80782285db8f752 installed
DEBUG util.py:463:  perl-User-pwent-0:1.03-483.el9.noarch 1781305765 19578 48f3469de5888fdfdd44905de000182c installed
DEBUG util.py:463:  perl-Tie-RefHash-1.40-4.el9.noarch 1659077412 35341 a36f678435f5d994f56b3c1cdc3b7fb8 installed
DEBUG util.py:463:  perl-Text-Balanced-2.04-4.el9.noarch 1659076921 109293 a3349f4fbded0bf4fc681b57ffb7dc34 installed
DEBUG util.py:463:  perl-Sub-Install-0.928-28.el9.noarch 1659076132 35807 9ca107d44ad2cceb75788a33466fe358 installed
DEBUG util.py:463:  perl-SelfLoader-0:1.26-483.el9.noarch 1781305765 23934 cd2da63e7f2b19160ec3240e65256593 installed
DEBUG util.py:463:  perl-Math-Complex-0:1.59-483.el9.noarch 1781305765 88262 392642d82b78ef353d04a200c932310a installed
DEBUG util.py:463:  perl-Math-BigInt-1:1.9998.18-460.el9.noarch 1659072947 725738 ad05404686da32f89924fa8863d7b9af installed
DEBUG util.py:463:  perl-JSON-PP-1:4.06-4.el9.noarch 1659071681 144767 93745b8f156cd3b288475a001529c31a installed
DEBUG util.py:463:  perl-Math-BigRat-0.2614-460.el9.noarch 1659073464 105818 32cb204930eaa0bb43940a00071c32c6 installed
DEBUG util.py:463:  perl-I18N-LangTags-0:0.44-483.el9.noarch 1781305765 87236 595b3ca76338a367d1f5ede7418ea582 installed
DEBUG util.py:463:  perl-Locale-Maketext-1.29-461.el9.noarch 1659072503 174927 9099d14b3ad9fcb5c449a8435b5644dd installed
DEBUG util.py:463:  perl-Locale-Maketext-Simple-1:0.21-483.el9.noarch 1781305765 14043 efe5607e0eddb6c9eacd0fc808825f0a installed
DEBUG util.py:463:  perl-Params-Check-1:0.38-461.el9.noarch 1659075000 28458 bca66200365d016a73d4c35d4cfd6dda installed
DEBUG util.py:463:  perl-ExtUtils-MM-Utils-2:7.60-3.el9.noarch 1659052522 3226 67d2f2a03323db6d0ffb04690ab8451f installed
DEBUG util.py:463:  perl-ExtUtils-Constant-0:0.25-483.el9.noarch 1781305765 91792 dc80e3cad0913a28db07346bf296a244 installed
DEBUG util.py:463:  perl-DirHandle-0:1.05-483.el9.noarch 1781305765 4416 fcf9e8a9d07d1d8d586b5c3782bc5488 installed
DEBUG util.py:463:  perl-CPAN-Meta-YAML-0.018-461.el9.noarch 1659049203 51721 274682952dec4152833669c1a7a1f466 installed
DEBUG util.py:463:  perl-Benchmark-0:1.23-483.el9.noarch 1781305765 38258 74d6475c7a45c452f1490dd2f35bcab5 installed
DEBUG util.py:463:  perl-AutoSplit-0:5.74-483.el9.noarch 1781305765 24629 44cebb992120932e06099182d44e426a installed
DEBUG util.py:463:  libzstd-devel-1.5.5-1.el9.armv6hl 1754035159 202815 c3529ce2742217ca5e2c5c5b1e7bab8a installed
DEBUG util.py:463:  elfutils-libelf-devel-0.194-1.el9.rocky.0.1.armv6hl 1781277616 76767 55b41d5caa0a036127f4e9f56d2fe73c installed
DEBUG util.py:463:  perl-bignum-0.51-460.el9.noarch 1659078968 91800 4ff8e8299d3bfa0d1cb41d1a7e72edf1 installed
DEBUG util.py:463:  perl-Devel-SelfStubber-0:1.06-483.el9.noarch 1781305765 7874 2b5c2a7bd81438eec1f2236b8630b1d7 installed
DEBUG util.py:463:  python3-rpm-macros-3.9-54.el9.noarch 1735591649 6227 787f72730ac898fb4be4dbb238b5cf07 installed
DEBUG util.py:463:  libcap-ng-devel-0.8.2-7.el9.armv6hl 1658451724 16859 4fdbb354d4c32582811025278a195682 installed
DEBUG util.py:463:  perl-Env-1.04-460.el9.noarch 1659052212 26875 6edeca08a94d06bb8fb845f54db26598 installed
DEBUG util.py:463:  perl-sigtrap-0:1.09-483.el9.noarch 1781305765 12283 847dd3b277612431de58e58fbe95a419 installed
DEBUG util.py:463:  perl-vmsish-0:1.04-483.el9.noarch 1781305765 7692 05c90b2cab3c8231d79e7b91c612bb56 installed
DEBUG util.py:463:  perl-utils-0:5.32.1-483.el9.noarch 1781305765 103016 211d2626fa10e9eff95332c34a5b0b04 installed
DEBUG util.py:463:  perl-sort-0:2.04-483.el9.noarch 1781305765 6851 287276f66d1f9b28b993b78fd378cc8d installed
DEBUG util.py:463:  perl-ph-0:5.32.1-483.el9.armv6hl 1781305765 264251 e2ecc707011f9a0f9fcc8c8cdccad6b7 installed
DEBUG util.py:463:  perl-perlfaq-5.20210520-1.el9.noarch 1754238193 745690 7c92595cabf42f4ada357d9aab4752ad installed
DEBUG util.py:463:  perl-macros-4:5.32.1-483.el9.noarch 1781305765 5643 85184b75557dd74b2587def85e5c2781 installed
DEBUG util.py:463:  perl-local-lib-2.000024-13.el9.noarch 1659079516 120229 27cbae12a4a8a63a35174b58ba8fd841 installed
DEBUG util.py:463:  perl-less-0:0.03-483.el9.noarch 1781305765 5968 fb9fe5b7bbd242a7ccb6e57d62bf23fa installed
DEBUG util.py:463:  perl-filetest-0:1.03-483.el9.noarch 1781305765 7538 c4f47393b7a27e800e9c1f1339e709e5 installed
DEBUG util.py:463:  perl-encoding-warnings-0:0.13-483.el9.noarch 1781305765 11210 3ea771743b98b73baf329d46d915aef1 installed
DEBUG util.py:463:  perl-diagnostics-0:1.37-483.el9.noarch 1781305765 455636 61db92db8c323f896462eb3b556fdc71 installed
DEBUG util.py:463:  perl-deprecate-0:0.04-483.el9.noarch 1781305765 7661 700c72a40e2e736da4137eb292c2437f installed
DEBUG util.py:463:  perl-blib-0:1.07-483.el9.noarch 1781305765 4236 565b5b01e49687c92dcfcd72ec5a9ea0 installed
DEBUG util.py:463:  perl-Time-0:1.03-483.el9.noarch 1781305765 13051 921e55c95facf28d09881c1104a200a4 installed
DEBUG util.py:463:  perl-Tie-Memoize-0:1.1-483.el9.noarch 1781305765 7302 33e844ade86da417625dda56e94aa611 installed
DEBUG util.py:463:  perl-Tie-File-0:1.06-483.el9.noarch 1781305765 88529 a803dbe319b82195fec967b1669a7b7f installed
DEBUG util.py:463:  perl-Text-Template-1.59-5.el9.noarch 1659077207 115575 c9c8ecc1e11016f7b0c1dd2e6482126b installed
DEBUG util.py:463:  perl-Text-Glob-0.11-15.el9.noarch 1659077017 8826 3c9631949aaf499471ecd52f2b2afac5 installed
DEBUG util.py:463:  perl-Text-Abbrev-0:1.02-483.el9.noarch 1781305765 4085 71d086217473a1f5e8b572ef21826377 installed
DEBUG util.py:463:  perl-Test-0:1.31-483.el9.noarch 1781305765 38819 5acb628a0716657bd8d8af988cd7bfb7 installed
DEBUG util.py:463:  perl-Term-Size-Perl-0.031-12.el9.armv6hl 1659076499 26459 2a9463da90e64a85f9e35706164ded9f installed
DEBUG util.py:463:  perl-Term-Size-Any-0.002-35.el9.noarch 1659076447 8378 b17f3d7989386cc7d93c90502ad23790 installed
DEBUG util.py:463:  perl-Term-Complete-0:1.403-483.el9.noarch 1781305765 6819 30f557bb8edec111ce2951c1020e6f50 installed
DEBUG util.py:463:  perl-Search-Dict-0:1.07-483.el9.noarch 1781305765 5721 de2ed6665307a0692fdee95fc2e91fe4 installed
DEBUG util.py:463:  perl-Pod-Functions-0:1.13-483.el9.noarch 1781305765 14366 c1a544ed7fb184e79c2a396ae861b47d installed
DEBUG util.py:463:  perl-Pod-Checker-4:1.74-4.el9.noarch 1659075320 52836 dd31b6cc7a0e52dce72ce6d4a13f9296 installed
DEBUG util.py:463:  perl-PerlIO-via-QuotedPrint-0.09-4.el9.noarch 1659075273 31112 117b6483583f6d34caf26cd851093a4c installed
DEBUG util.py:463:  perl-Package-Generator-1.106-23.el9.noarch 1659074953 31036 3fb2a7d03f87af3ef2a8723c28367bc5 installed
DEBUG util.py:463:  perl-Object-HashBase-0.009-7.el9.noarch 1659074906 45124 1063496626950f4c54eac7ddca22c093 installed
DEBUG util.py:463:  perl-Net-0:1.02-483.el9.noarch 1781305765 27147 94bf85723900558801c5d7b3017a1216 installed
DEBUG util.py:463:  perl-NEXT-0:0.67-483.el9.noarch 1781305765 25121 f83add0b24e427d2f9fa50d4eca20c90 installed
DEBUG util.py:463:  perl-Module-Loaded-1:0.08-483.el9.noarch 1781305765 6044 51a32f9793fc1d637cb72f6e1a4f692f installed
DEBUG util.py:463:  perl-Memoize-0:1.03-483.el9.noarch 1781305765 83498 085cc2cc488a10aa653f66257bc247f8 installed
DEBUG util.py:463:  perl-MRO-Compat-0.13-15.el9.noarch 1659072647 25912 a5119b5e27142725c7d9f11082423bbb installed
DEBUG util.py:463:  perl-MIME-Charset-1.012.2-15.el9.noarch 1660278048 106567 2928fbe8d18989ee721193cb906c92e4 installed
DEBUG util.py:463:  perl-Importer-0.026-4.el9.noarch 1659071281 94972 37a34cea378e4bf5ae01e9d0c7b0f5b7 installed
DEBUG util.py:463:  perl-IPC-System-Simple-1.30-6.el9.noarch 1659071229 73654 86b802443315b652c2aa296bb12c1be7 installed
DEBUG util.py:463:  perl-autodie-2.34-4.el9.noarch 1659078896 220087 63543d0045eaa518fcc4309deaf967f8 installed
DEBUG util.py:463:  perl-I18N-Collate-0:1.02-483.el9.noarch 1781305765 8191 5c62175a38c54de70d8a6c9e9e8b4477 installed
DEBUG util.py:463:  perl-FindBin-0:1.51-483.el9.noarch 1781305765 7441 e2936130f6251c87409e22867c012497 installed
DEBUG util.py:463:  perl-FileCache-0:1.10-483.el9.noarch 1781305765 8583 0d4b5686e8c4784495229106fe5e93cf installed
DEBUG util.py:463:  perl-File-Which-1.23-10.el9.noarch 1659053294 30250 d0d16fbba741f262c4bd7071b2c41a41 installed
DEBUG util.py:463:  perl-File-HomeDir-1.006-4.el9.noarch 1659052973 124471 fb43105efb57c1b3cf99c70e6c55b353 installed
DEBUG util.py:463:  perl-English-0:1.11-483.el9.noarch 1781305765 7319 769e67a54d34efd44f7a0623fa9aac81 installed
DEBUG util.py:463:  perl-Config-Perl-V-0.33-4.el9.noarch 1659049701 25255 30513e1c0626fa3f69b41c5432020fed installed
DEBUG util.py:463:  perl-Config-Extensions-0:0.03-483.el9.noarch 1781305765 3660 4d007591cc1363287444fbc14d6cc546 installed
DEBUG util.py:463:  perl-CPAN-DistnameInfo-0.12-23.el9.noarch 1659048997 11057 f718f427dd03af9d162ae42c1e627f7e installed
DEBUG util.py:463:  perl-Attribute-Handlers-0:1.01-483.el9.noarch 1781305765 39367 75a7bca41e674bf880c3c062a21c36eb installed
DEBUG util.py:463:  perl-Algorithm-Diff-1.2010-4.el9.noarch 1659048325 110575 54dea6bc72423aeca0ac0f602997d5f8 installed
DEBUG util.py:463:  perl-Text-Diff-1.45-13.el9.noarch 1659076970 85715 567c175ac50b62b12d639d3547ee0da5 installed
DEBUG util.py:463:  llvm-filesystem-21.1.8-2.el9.redsleeve.armv6hl 1782888145 0 f752f19ed8d9709cd2cd1bd8e7f5133d installed
DEBUG util.py:463:  xz-devel-5.2.5-8.el9.armv6hl 1658503527 206633 8262e8b05a9a18d2d19f8fcbb915605f installed
DEBUG util.py:463:  python3-setuptools-wheel-53.0.0-15.el9.noarch 1766446993 562657 27ba1f9ed8904d49c68a8aefe5694777 installed
DEBUG util.py:463:  python3-pip-wheel-21.3.1-2.el9_8.rocky.0.1.noarch 1781243466 1232804 c1ce15992043ff269b4292c6395ead3a installed
DEBUG util.py:463:  libstdc++-devel-11.5.0-14.el9.redsleeve.armv6hl 1782175757 13230303 c6e7d4c7d6f9f0f440ee3e619987f226 installed
DEBUG util.py:463:  hwdata-0.348-9.22.el9.noarch 1781135012 10296814 fc510bcb16696fe65ba47d09421ef732 installed
DEBUG util.py:463:  perl-version-7:0.99.28-4.el9.armv6hl 1659079971 123492 46e57f1ccbf5b6b02a2343dd10e155b6 installed
DEBUG util.py:463:  perl-Time-HiRes-4:1.9764-462.el9.armv6hl 1659077462 113924 26f7ce5df6417845bdb8827e8c5da5df installed
DEBUG util.py:463:  perl-CPAN-Meta-Requirements-2.140-461.el9.noarch 1659049154 70661 f0aba7961b2aac22de3b1f73bf19f772 installed
DEBUG util.py:463:  perl-CPAN-Meta-2.150010-460.el9.noarch 1659049044 610128 6fd27bc7b420f5c806ce6da027ddd9dc installed
DEBUG util.py:463:  perl-threads-1:2.25-460.el9.armv6hl 1659079778 105580 df5335d94715a05eb03dc2df118b0ac2 installed
DEBUG util.py:463:  perl-threads-shared-1.61-460.el9.0.1.armv6hl 1663398244 73311 aa40115ed802dc2c51131e76ab6c6713 installed
DEBUG util.py:463:  perl-Compress-Raw-Zlib-2.101-5.el9.armv6hl 1659049631 139593 9eb4c7c81f89564297b49a3f1abb818d installed
DEBUG util.py:463:  perl-Test-Harness-1:3.42-461.el9.noarch 1659076654 580535 9f1ef4f123ea3436c305ade9b2140385 installed
DEBUG util.py:463:  perl-Module-CoreList-1:5.20240609-1.el9.noarch 1754238079 1181560 ae19be87751c61528423e442aff87de3 installed
DEBUG util.py:463:  perl-Module-Metadata-1.000037-460.el9.noarch 1659074001 69188 a141724c5ad43a056cdff78a03e82d2d installed
DEBUG util.py:463:  perl-Module-Load-Conditional-0.74-4.el9.noarch 1659073955 29702 d570f0826d33915ac4d2cd6ddcde7eba installed
DEBUG util.py:463:  perl-IPC-Cmd-2:1.04-461.el9.noarch 1659071114 87236 9f4146c23714a06ec5cc512f11b349d2 installed
DEBUG util.py:463:  perl-Unicode-Normalize-1.27-461.el9.armv6hl 1659078016 376548 8c548016852d64be5a184e9677f5564f installed
DEBUG util.py:463:  perl-Digest-SHA-1:6.02-461.el9.armv6hl 1659051780 110682 0a59a4f6fa2d153796a559016f0670f4 installed
DEBUG util.py:463:  perl-Devel-Peek-0:1.28-483.el9.armv6hl 1781305765 94065 f31fe93795f398c0a31044816b7f8feb installed
DEBUG util.py:463:  m4-1.4.19-1.el9.armv6hl 1659012320 557034 31d66b0ede0d72bda86fa6253d5cbca7 installed
DEBUG util.py:463:  libmpc-1.2.1-4.el9.armv6hl 1658956548 109275 36b8a594c6c74b03ac4cfae3999cd017 installed
DEBUG util.py:463:  perl-Dumpvalue-0:2.27-483.el9.noarch 1781305765 21185 d1aeef5c8faf9f9777ad9240ba3291fa installed
DEBUG util.py:463:  perl-Net-Ping-2.74-5.el9.noarch 1659074345 137392 a8133c263ff0379da2034f7f5abdb980 installed
DEBUG util.py:463:  python3-libs-3.9.25-7.el9_8.2.redsleeve.armv6hl 1784318241 34011627 9c245b85fd0e9f250070975391eef3bc installed
DEBUG util.py:463:  python3-3.9.25-7.el9_8.2.redsleeve.armv6hl 1784318241 85236 3445d88509c488cca7053a43b389f894 installed
DEBUG util.py:463:  python-unversioned-command-3.9.25-7.el9_8.2.redsleeve.noarch 1784318241 23 992d3c567bc537b7f1d0a3570c970263 installed
DEBUG util.py:463:  python3-pyparsing-2.4.7-9.el9.noarch 1658484872 650026 d18469056c7e43ebb6148e55243e96f8 installed
DEBUG util.py:463:  python3-setuptools-53.0.0-15.el9.noarch 1766446993 4329444 5008ec9265e6f7808820b7da38301133 installed
DEBUG util.py:463:  perl-TermReadKey-2.38-11.el9.armv6hl 1659076600 61400 9072eef4580d0a496cab62e6c8bb0106 installed
DEBUG util.py:463:  perl-Sys-Hostname-0:1.23-483.el9.armv6hl 1781305765 73587 64112213aeb3be33933dff306fd915f4 installed
DEBUG util.py:463:  perl-Params-Util-1.102-5.el9.armv6hl 1659075050 51886 aadc9b1e8defed0ca6cdce9a9be1df2c installed
DEBUG util.py:463:  perl-Opcode-0:1.48-483.el9.armv6hl 1781305765 95463 7983c9903e9bcf8195965cc1aabacd83 installed
DEBUG util.py:463:  perl-Safe-0:2.41-483.el9.noarch 1781305765 32412 4b63a53800a516c08223838f88e68150 installed
DEBUG util.py:463:  perl-I18N-Langinfo-0:0.19-483.el9.armv6hl 1781305765 78921 dec11b07000072572756841a001cd9a5 installed
DEBUG util.py:463:  perl-Hash-Util-FieldHash-0:1.20-483.el9.armv6hl 1781305765 109159 ec597932640100d3fac118cf4d599dac installed
DEBUG util.py:463:  perl-Hash-Util-0:0.23-483.el9.armv6hl 1781305765 100866 f1edb723699f75e422cecabeb2c89299 installed
DEBUG util.py:463:  perl-Devel-PPPort-3.62-4.el9.armv6hl 1659051396 835088 895421c6f08f399bb0e0e6d451a5d7be installed
DEBUG util.py:463:  perl-Compress-Raw-Bzip2-2.101-5.el9.armv6hl 1659049533 55522 f4195a81bd136c42f63150506c788454 installed
DEBUG util.py:463:  perl-IO-Compress-2.102-4.el9_8.1.noarch 1783451103 864163 830b128d9ea37a3d12293487530a31be installed
DEBUG util.py:463:  perl-IO-Zlib-1:1.11-4.el9.noarch 1659071066 25517 8e2a9279e54623513d8032f9ec53fc0f installed
DEBUG util.py:463:  slang-2.3.2-11.el9.armv6hl 1658489395 1014912 1179cde091564acea7e2f58bbd6f3dcc installed
DEBUG util.py:463:  pciutils-libs-3.7.0-7.el9.armv6hl 1754013466 87053 5bb8faeeb627d9b33f890f0ddeb68a25 installed
DEBUG util.py:463:  make-1:4.3-8.el9.armv6hl 1717457573 1692850 4994f115103c26b7aa91f0d86a1d7d27 installed
DEBUG util.py:463:  slang-devel-2.3.2-11.el9.armv6hl 1658489395 930289 786934f0bdb4b041d57d16ffdb85b9e2 installed
DEBUG util.py:463:  perl-DBM_Filter-0:0.06-483.el9.noarch 1781305765 34920 1777fda733b2876c07f9e2b50ffb7338 installed
DEBUG util.py:463:  perl-fields-0:2.27-483.el9.noarch 1781305765 13100 986d6a88773a57ab9acce6e0f76b8520 installed
DEBUG util.py:463:  perl-Encode-Locale-1.05-21.el9.noarch 1659052165 19783 2bc47261a0e84439df31beab7fed74fc installed
DEBUG util.py:463:  perl-Data-OptList-0.110-17.el9.noarch 1659051209 49891 561fbeda49c5298891b6d1cd0c80eb4d installed
DEBUG util.py:463:  perl-Sub-Exporter-0.987-27.el9.noarch 1659076068 142832 a7643bdac05ce04dee3bcc7a5e97548f installed
DEBUG util.py:463:  perl-Data-Section-0.200007-14.el9.noarch 1660277900 43062 f5d2e4db4c8fa4ee47d24d186ed24130 installed
DEBUG util.py:463:  perl-Software-License-0.103014-12.el9.noarch 1659075864 465010 7c5346ab614865dfd1e38102df9f37db installed
DEBUG util.py:463:  python3-pip-21.3.1-2.el9_8.rocky.0.1.noarch 1781243466 9189864 3743a4fbd1623491d34a8c75d7b56612 installed
DEBUG util.py:463:  python3-packaging-20.9-5.el9.noarch 1659094448 254019 b039a80380e35e12561765d2e922e6cb installed
DEBUG util.py:463:  python3-rpm-generators-12-9.el9.noarch 1717795909 78358 e1ccc2f880da6164831591bfa967932d installed
DEBUG util.py:463:  systemtap-sdt-dtrace-5.4-4.el9.armv6hl 1782653453 184937 6a0ce09e8afd5973ab374225d4d56d8e installed
DEBUG util.py:463:  systemtap-sdt-devel-5.4-4.el9.armv6hl 1782653453 188425 f277a696879bedff02fc0e60d2685b43 installed
DEBUG util.py:463:  perl-debugger-0:1.56-483.el9.noarch 1781305765 412709 a54c6732a05e0a4a9e8b072939b16a0c installed
DEBUG util.py:463:  perl-Unicode-UCD-0:0.75-483.el9.noarch 1781305765 210569 1f6f99f9eb49c79cac6c0548e4113148 installed
DEBUG util.py:463:  perl-File-Fetch-1.00-4.el9.noarch 1659052923 60401 d43c1baa08ad2fc0a83100ce6331e6de installed
DEBUG util.py:463:  perl-Module-CoreList-tools-1:5.20240609-1.el9.noarch 1754238079 19264 a3dfd19d24517fab38d37a7bc5de910e installed
DEBUG util.py:463:  perl-Archive-Zip-1.68-6.el9.noarch 1659048482 299088 ef627d9b5229f5d856aa933ce7b552ae installed
DEBUG util.py:463:  perl-Thread-0:3.05-483.el9.noarch 1781305765 13365 94b411c74535294b5ca46ce0293ceb2a installed
DEBUG util.py:463:  perl-Thread-Queue-3.14-460.el9.noarch 1659077334 29828 125a5b18f20262f85d928de2bcba8ad4 installed
DEBUG util.py:463:  perl-Thread-Semaphore-0:2.13-483.el9.noarch 1781305765 11219 8124954e3af30314f30a651d8623891c installed
DEBUG util.py:463:  perl-experimental-0.022-6.el9.noarch 1659079076 31555 12d2d9980523398aee6f478e69b6d937 installed
DEBUG util.py:463:  pciutils-3.7.0-7.el9.armv6hl 1754013466 293267 91e917528f0841fde9d945c009046122 installed
DEBUG util.py:463:  newt-0.52.21-11.el9.armv6hl 1658621477 186668 f3e6d964c90235d7ca64fd864e081bbd installed
DEBUG util.py:463:  cpp-11.5.0-14.el9.redsleeve.armv6hl 1782175757 24021815 be30a92a2bfab7876dd6f8e1dfbe5786 installed
DEBUG util.py:463:  perl-Unicode-Collate-1.29-4.el9.armv6hl 1659077794 4489856 830551a5513ecf680aba49ed9af047bf installed
DEBUG util.py:463:  perl-Math-BigInt-FastCalc-0.500.900-460.el9.armv6hl 1659073382 37521 89d1e4736dd648b1537e11c90ee0dac8 installed
DEBUG util.py:463:  perl-Digest-SHA1-2.13-34.el9.armv6hl 1659051849 102297 959862d782db02fd812eb8e976063799 installed
DEBUG util.py:463:  perl-Time-Piece-0:1.3401-483.el9.armv6hl 1781305765 114743 9f2a49f1489a87f10133a7f4ddd45202 installed
DEBUG util.py:463:  perl-Sys-Syslog-0.36-461.el9.armv6hl 1659076291 92792 a742c589d04af144dcddb3f38294054b installed
DEBUG util.py:463:  perl-ODBM_File-0:1.16-483.el9.armv6hl 1781305765 74074 5c6ba643f54f4563b0b6f6b6ccb1ba8b installed
DEBUG util.py:463:  perl-IPC-SysV-2.09-4.el9.armv6hl 1659071173 76184 ed4263a9776947ec3d1e95382447f756 installed
DEBUG util.py:463:  perl-GDBM_File-0:1.18-483.el9.armv6hl 1781305765 72575 7aed6bbb458b080a7747afd60e598738 installed
DEBUG util.py:463:  perl-File-DosGlob-0:1.12-483.el9.armv6hl 1781305765 78818 c672696dfb96a52127a6074620589439 installed
DEBUG util.py:463:  perl-Devel-Size-0.83-10.el9.armv6hl 1659051574 42551 73007f3d87d7ec15246b3e26632f414f installed
DEBUG util.py:463:  perl-DB_File-1.855-4.el9.armv6hl 1659051022 185298 2165324bbc0622a34ad4a531bf47d1d0 installed
DEBUG util.py:463:  perl-Compress-Raw-Lzma-2.101-3.el9.armv6hl 1660277752 112138 2a503a8a695d63bed9251345a6829bcc installed
DEBUG util.py:463:  perl-IO-Compress-Lzma-2.101-4.el9.noarch 1659070523 212180 f7677e2e9328fbfc17ccd66de9b42ffa installed
DEBUG util.py:463:  perl-Archive-Tar-2.38-6.el9_8.2.noarch 1785905539 160084 f1b0bd16fa9af99f606c40268f314ebd installed
DEBUG util.py:463:  perl-Compress-Bzip2-2.28-5.el9.armv6hl 1659049432 141470 97adc7164de8549278da37465b0ef6f3 installed
DEBUG util.py:463:  libdatrie-0.2.13-4.el9.armv6hl 1658945389 50451 24ed1f4e19744a7fd52357545469c4b9 installed
DEBUG util.py:463:  libthai-0.1.28-8.el9.armv6hl 1658971278 769520 41998bf64e4f4ade899f21fe46fc8236 installed
DEBUG util.py:463:  sombok-2.4.0-16.el9.armv6hl 1659163553 120454 46c3aa6818a8ea4243a2f4fa1e549441 installed
DEBUG util.py:463:  perl-Unicode-LineBreak-2019.001-11.el9.armv6hl 1659077915 289421 98701217e88532c3e89faa4451f402c0 installed
DEBUG util.py:463:  perl-Term-Table-0.015-8.el9.noarch 1659076548 61020 bc937d99a7ede18ecacffd5a9d52bf38 installed
DEBUG util.py:463:  perl-Test-Simple-3:1.302183-4.el9.noarch 1659076761 1387275 9b8ed3d5df53dac99c82eddb63cb770d installed
DEBUG util.py:463:  npth-1.6-8.el9.armv6hl 1658472040 41569 940023c93b87439298906b57fcc86c96 installed
DEBUG util.py:463:  nettle-3.10.1-1.el9.armv6hl 1754095075 980784 7251f1ed0b1846b7602ce0790ecceb88 installed
DEBUG util.py:463:  gnutls-3.8.10-8.el9_8.armv6hl 1786078029 3332419 949ff3b5a4e417208fce44c4904d38ba installed
DEBUG util.py:463:  ncurses-c++-libs-6.2-12.20210508.el9.armv6hl 1766441027 138226 a92481e870138a66b5c823b77e7fc7d1 installed
DEBUG util.py:463:  libubsan-11.5.0-14.el9.redsleeve.armv6hl 1782175757 419286 86e00811d8fcda835661ed24fb4847de installed
DEBUG util.py:463:  libksba-1.5.1-7.el9.armv6hl 1735077104 393808 208a01238cbf61177fe3d3b53da67703 installed
DEBUG util.py:463:  libkcapi-1.4.0-2.el9.armv6hl 1721575229 79742 c411626d0ceef3836a1a0f5f7899a9df installed
DEBUG util.py:463:  libedit-3.1-39.20210216cvs.el9.armv6hl 1781135633 218389 63557854fe73f1dd583a74dbd9e4c2aa installed
DEBUG util.py:463:  llvm-libs-21.1.8-2.el9.redsleeve.armv6hl 1782888145 119463019 594bc12fccdb63c839a95085e62f9aee installed
DEBUG util.py:463:  libassuan-2.5.5-3.el9.armv6hl 1658451208 149807 a8f002557784d85f9d85b66ef17919e9 installed
DEBUG util.py:463:  gnupg2-2.3.3-5.el9.armv6hl 1769541991 9401297 1d8ea7fb6e302987a4fde48e0a5b7214 installed
DEBUG util.py:463:  perl-Module-Signature-0.88-1.el9.noarch 1659074064 139139 ebbf53ad94e4b2ac7d6664fd9d318ab6 installed
DEBUG util.py:463:  libasan-11.5.0-14.el9.redsleeve.armv6hl 1782175757 1284176 c3e67668fa7dee6afbf5a2f2511c355f installed
DEBUG util.py:463:  gcc-11.5.0-14.el9.redsleeve.armv6hl 1782175757 71644610 f3fe19c928ac22fa200d8a06c07c0268 installed
DEBUG util.py:463:  perl-devel-4:5.32.1-483.el9.armv6hl 1781305765 7699596 42389e552a75c9a5cf62dcab3143fe8c installed
DEBUG util.py:463:  perl-ExtUtils-Install-2.20-4.el9.noarch 1659052463 88180 96527b046b6f7eac7fd36b86e31d5979 installed
DEBUG util.py:463:  perl-ExtUtils-MakeMaker-2:7.60-3.el9.noarch 1659052522 756013 a007152c721df35a444ffb2df6c5c215 installed
DEBUG util.py:463:  perl-Filter-2:1.60-4.el9.armv6hl 1659053392 143953 08c2b88af566f24f36e2b82d3d97ce90 installed
DEBUG util.py:463:  perl-encoding-4:3.00-462.el9.armv6hl 1659051908 148918 87d5c036a787a87d7192a6a43a9cc8d5 installed
DEBUG util.py:463:  perl-ExtUtils-Embed-0:1.35-483.el9.noarch 1781305765 16861 bc6c78736ce6b02b84f6dd3ab2683b82 installed
DEBUG util.py:463:  perl-ExtUtils-Miniperl-0:1.09-483.el9.noarch 1781305765 9994 dc202f3043a97316ba989de45d4c2499 installed
DEBUG util.py:463:  perl-open-0:1.12-483.el9.noarch 1781305765 12457 cafcdda126fc15f5851a5f65d82e18fd installed
DEBUG util.py:463:  perl-Filter-Simple-0.96-460.el9.noarch 1659053462 52142 c676f75b901ec827fb1598547b1002ab installed
DEBUG util.py:463:  perl-libnetcfg-4:5.32.1-483.el9.noarch 1781305765 18264 76c1cb14ecfad946cb84a05d8c11eb46 installed
DEBUG util.py:463:  perl-inc-latest-2:0.500-20.el9.noarch 1659079169 35853 6f8ea6e3d7df27df2237aa5c5f1f2da1 installed
DEBUG util.py:463:  perl-Encode-devel-4:3.08-462.el9.armv6hl 1659051908 102148 debf8957334d0243462a3d946c880bfb installed
DEBUG util.py:463:  gcc-c++-11.5.0-14.el9.redsleeve.armv6hl 1782175757 26975618 4b3eab9f92a53cc2fac5230fa776d4bb installed
DEBUG util.py:463:  perl-ExtUtils-CBuilder-1:0.280236-5.el9.noarch 1781311582 98756 6287b553a220917c8da039b9127a244e installed
DEBUG util.py:463:  perl-Module-Build-2:0.42.31-9.el9.noarch 1659073531 668479 310aeb05041cbf3b12bbbd9465a46927 installed
DEBUG util.py:463:  perl-CPAN-2.29-5.el9.noarch 1754237875 1970465 1a4fcf8d284891d2c89627b294777939 installed
DEBUG util.py:463:  perl-4:5.32.1-483.el9.armv6hl 1781305765 0 44d5a828221159e2a18959d394412ad8 installed
DEBUG util.py:463:  gettext-libs-0.21-8.el9.armv6hl 1704688032 822772 a5f2762858d6fb01da2cef0f2fd2974b installed
DEBUG util.py:463:  ncurses-devel-6.2-12.20210508.el9.armv6hl 1766441027 877376 f9a003764b915cd8fd1de6329d443f10 installed
DEBUG util.py:463:  newt-devel-0.52.21-11.el9.armv6hl 1658621477 127459 72673f274cbe23444951cb07e123693d installed
DEBUG util.py:463:  pciutils-devel-3.7.0-7.el9.armv6hl 1754013466 90311 797c7ae5634c76e0b93198ba7f83dd06 installed
DEBUG util.py:463:  python3-devel-3.9.25-7.el9_8.2.redsleeve.armv6hl 1784318241 781326 21bd7e87c2c1cdb710f22cc579d89b04 installed
DEBUG util.py:463:  elfutils-devel-0.194-1.el9.rocky.0.1.armv6hl 1781277616 201472 13952be1047001282cd8b34f623ad73a installed
DEBUG util.py:463:  audit-libs-devel-3.1.5-8.el9.armv6hl 1781242275 97592 2b9101b806e1d6874e20125bbd5fbcea installed
DEBUG util.py:463:  binutils-devel-2.35.2-72.el9.redsleeve.armv6hl 1781372535 22450647 cf5b627600c1a31443ed451e7a851a92 installed
DEBUG util.py:463:  openssl-devel-1:3.5.5-6.el9_8.armv6hl 1785306290 5369354 e4968e89cc4b204a58e2fb104a66eae9 installed
DEBUG util.py:463:  gettext-0.21-8.el9.armv6hl 1704688032 5036937 42f653c31a0bcd6dd27762af6f40b937 installed
DEBUG util.py:463:  gcc-plugin-annobin-11.5.0-14.el9.redsleeve.armv6hl 1782175757 69027 b20a4c206bd7c6a15d00fa3179868d6f installed
DEBUG util.py:463:  annobin-12.98-2.el9.armv6hl 1782348917 1213446 0b2ad508859f840a0aa31db875c020be installed
DEBUG util.py:463:  libkcapi-hmaccalc-1.4.0-2.el9.armv6hl 1721575229 28205 d12c5c71a8e45c4e67a7249b521cca3f installed
DEBUG util.py:463:  bison-3.7.4-5.el9.armv6hl 1658845814 3248123 082bd6f8abe5718def955b32089a93b8 installed
DEBUG util.py:463:  flex-2.6.4-9.el9.armv6hl 1658877955 847220 cb0faa9f42ea221c7e2f3bed07810f18 installed
DEBUG util.py:463:  net-tools-2.0-0.64.20160912git.el9.armv6hl 1735085503 1237564 99dfeffa887c6269a50c4b0063e1eb4d installed
DEBUG util.py:463:  kmod-28-11.el9.armv6hl 1766434558 285875 4971bee68fddc8d98ecc798be0513a16 installed
DEBUG util.py:463:  hostname-3.23-6.el9.armv6hl 1658444558 37708 46a01b0db13ee28234ca070366af351c installed
DEBUG util.py:463:  bc-1.07.1-14.el9.armv6hl 1658422215 216929 db5541b7484694286f7753c20148fc77 installed
DEBUG util.py:610:  Child return code was: 0
DEBUG util.py:185:  kill orphans in chroot /var/lib/mock/redsleeve-local-9-armv6hl/root
DEBUG util.py:185:  kill orphans in chroot /var/lib/mock/redsleeve-local-9-armv6hl-bootstrap/root/var/lib/mock/redsleeve-local-9-armv6hl/root
DEBUG util.py:636:  child environment: None
DEBUG util.py:558:  Executing command: ['/bin/umount', '-n', '-l', '/var/lib/mock/redsleeve-local-9-armv6hl-bootstrap/root/var/lib/mock/redsleeve-local-9-armv6hl/root'] with env {'TERM': 'vt100', 'SHELL': '/bin/sh', 'HOME': '/builddir', 'HOSTNAME': 'mock', 'PATH': '/usr/bin:/bin:/usr/sbin:/sbin', 'LANG': 'C.UTF-8'} and shell False
DEBUG util.py:610:  Child return code was: 0
DEBUG util.py:636:  child environment: None
DEBUG util.py:558:  Executing command: ['/bin/umount', '-n', '-l', '/var/lib/mock/redsleeve-local-9-armv6hl-bootstrap/root/var/lib/mock/redsleeve-local-9-armv6hl/root'] with env {'TERM': 'vt100', 'SHELL': '/bin/sh', 'HOME': '/builddir', 'HOSTNAME': 'mock', 'PATH': '/usr/bin:/bin:/usr/sbin:/sbin', 'LANG': 'C.UTF-8'} and shell False
DEBUG util.py:610:  Child return code was: 0
DEBUG util.py:636:  child environment: None
DEBUG backend.py:821:  Copying packages to result dir
DEBUG util.py:185:  kill orphans in chroot /var/lib/mock/redsleeve-local-9-armv6hl/root
DEBUG util.py:185:  kill orphans in chroot /var/lib/mock/redsleeve-local-9-armv6hl-bootstrap/root
